1204115338	20231016	202310	2023	2023.7836											nag	NAGA			nag						1	036	036	03	1	4.0	1	1	1	-1.01010101010101	0								4	Manipur, Uttar Pradesh, India	IN	IN36	70268	27.0529	79.3583	10452605	4	Delhi, Delhi, India	IN	IN07	17911	28.6667	77.2167	-2094230	20241015021500	https://timesofindia.indiatimes.com/city/guwahati/peace-talks-among-meitei-kuki-naga-mlas-in-delhi-amidst-manipur-ethnic-crisis/articleshow/114230679.cms
1204115339	20231016	202310	2023	2023.7836											nag	NAGA			nag						1	036	036	03	1	4.0	1	1	1	-1.01010101010101	0								4	Manipur, Uttar Pradesh, India	IN	IN36	70268	27.0529	79.3583	10452605	4	Manipur, Uttar Pradesh, India	IN	IN36	70268	27.0529	79.3583	10452605	20241015021500	https://timesofindia.indiatimes.com/city/guwahati/peace-talks-among-meitei-kuki-naga-mlas-in-delhi-amidst-manipur-ethnic-crisis/articleshow/114230679.cms
1204115340	20231016	202310	2023	2023.7836	CAN	CANADIAN	CAN								CANCVL	CANADA	CAN					CVL			0	193	193	19	4	-10.0	2	1	2	-4.57380457380458	1	Canada	CA	CA		60	-96	CA	1	Canada	CA	CA		60	-96	CA	1	Canada	CA	CA		60	-96	CA	20241015021500	https://www.theglobeandmail.com/canada/article-sikh-leaders-welcome-canadas-expulsion-of-indian-diplomats-say-indias/
1204115341	20231016	202310	2023	2023.7836	CAN	CANADA	CAN								COP	POLICE						COP			0	130	130	13	3	-4.4	2	1	2	-4.57380457380458	1	Canada	CA	CA		60	-96	CA	1	Canada	CA	CA		60	-96	CA	1	Canada	CA	CA		60	-96	CA	20241015021500	https://www.theglobeandmail.com/canada/article-sikh-leaders-welcome-canadas-expulsion-of-indian-diplomats-say-indias/
1204115342	20231016	202310	2023	2023.7836	CAN	CANADA	CAN								COP	POLICE						COP			0	130	130	13	3	-4.4	2	1	2	-4.57380457380458	1	Canada	CA	CA		60	-96	CA	1	India	IN	IN		20	77	IN	1	Canada	CA	CA		60	-96	CA	20241015021500	https://www.theglobeandmail.com/canada/article-sikh-leaders-welcome-canadas-expulsion-of-indian-diplomats-say-indias/
1204115343	20231016	202310	2023	2023.7836	CANCVL	CANADIAN	CAN					CVL													0	193	193	19	4	-10.0	3	1	3	-4.57380457380458	1	Canada	CA	CA		60	-96	CA	0								1	Canada	CA	CA		60	-96	CA	20241015021500	https://www.theglobeandmail.com/canada/article-sikh-leaders-welcome-canadas-expulsion-of-indian-diplomats-say-indias/
1204115344	20231016	202310	2023	2023.7836	EDU	SCHOOL						EDU			USA	UNITED STATES	USA								1	043	043	04	1	2.8	6	1	6	-1.94805194805194	3	Cape May County, New Jersey, United States	US	USNJ	NJ009	39.1501	-74.7829	882274	3	Hunterdon County, New Jersey, United States	US	USNJ		40.5668	-74.9329	882228	3	Cape May County, New Jersey, United States	US	USNJ		39.1501	-74.7829	882274	20241015021500	https://catcountry1073.com/ixp/385/p/these-nj-towns-spend-the-most-of-their-tax-bills-on-schools/
1204115345	20231016	202310	2023	2023.7836	IND	NEW DELHI	IND								nag	NAGA			nag						1	036	036	03	1	4.0	1	1	1	-1.01010101010101	4	Delhi, Delhi, India	IN	IN07	17911	28.6667	77.2167	-2094230	4	Manipur, Uttar Pradesh, India	IN	IN36	70268	27.0529	79.3583	10452605	4	Delhi, Delhi, India	IN	IN07	17911	28.6667	77.2167	-2094230	20241015021500	https://timesofindia.indiatimes.com/city/guwahati/peace-talks-among-meitei-kuki-naga-mlas-in-delhi-amidst-manipur-ethnic-crisis/articleshow/114230679.cms
1204115346	20231016	202310	2023	2023.7836	LEG	SENATE						LEG													0	120	120	12	3	-4.0	6	1	6	2.99823633156967	3	Pulaski County, Arkansas, United States	US	USAR	AR119	34.7668	-92.3001	69177	0								3	Pulaski County, Arkansas, United States	US	USAR		34.7668	-92.3001	69177	20241015021500	https://www.arkansasonline.com/news/2024/oct/14/little-rock-water-bonds-linda-chesterfield-blake-tierney-ryan-callison/
1204115347	20231016	202310	2023	2023.7836	SIKOPP	SIKH				SIK		OPP			COP	POLICE						COP			0	130	130	13	3	-4.4	3	1	3	-4.57380457380458	1	Canada	CA	CA		60	-96	CA	1	Canada	CA	CA		60	-96	CA	1	Canada	CA	CA		60	-96	CA	20241015021500	https://www.theglobeandmail.com/canada/article-sikh-leaders-welcome-canadas-expulsion-of-indian-diplomats-say-indias/
1204115348	20231016	202310	2023	2023.7836	THA	THAILAND	THA								CVL	TOURIST						CVL			1	051	051	05	1	3.4	8	1	8	0.625	4	Changi, Singapore (general), Singapore	SN	SN00	18585	1.34167	103.964	-73644	4	Changi, Singapore (general), Singapore	SN	SN00	18585	1.34167	103.964	-73644	4	Changi, Singapore (general), Singapore	SN	SN00	18585	1.34167	103.964	-73644	20241015021500	https://e.vnexpress.net/news/travel/china-beats-indonesia-as-singapore-s-largest-source-of-tourists-in-q3-4803986.html
1204115349	20231016	202310	2023	2023.7836	USA	UNITED STATES	USA								EDU	SCHOOL						EDU			1	042	042	04	1	1.9	4	1	4	-1.94805194805194	3	Cape May County, New Jersey, United States	US	USNJ	NJ009	39.1501	-74.7829	882274	2	New Jersey, United States	US	USNJ		40.314	-74.5089	NJ	2	New Jersey, United States	US	USNJ		40.314	-74.5089	NJ	20241015021500	https://catcountry1073.com/ixp/385/p/these-nj-towns-spend-the-most-of-their-tax-bills-on-schools/
1204115350	20231016	202310	2023	2023.7836	USA	UNITED STATES	USA								EDU	SCHOOL						EDU			1	042	042	04	1	1.9	2	1	2	-1.94805194805194	2	New Jersey, United States	US	USNJ		40.314	-74.5089	NJ	2	New Jersey, United States	US	USNJ		40.314	-74.5089	NJ	2	New Jersey, United States	US	USNJ		40.314	-74.5089	NJ	20241015021500	https://catcountry1073.com/ixp/385/p/these-nj-towns-spend-the-most-of-their-tax-bills-on-schools/
1204115351	20231016	202310	2023	2023.7836	USA	UNITED STATES	USA								EDU	UNIVERSITY						EDU			1	070	070	07	2	7.0	1	1	1	-0.44543429844098	3	El Paso, Texas, United States	US	USTX	TX141	31.7587	-106.487	1380946	3	El Paso, Texas, United States	US	USTX		31.7587	-106.487	1380946	3	El Paso, Texas, United States	US	USTX		31.7587	-106.487	1380946	20241015021500	https://kvia.com/your-voice-your-vote/2024/10/14/105000-being-used-to-campaign-in-support-of-the-umc-bond-which-prominent-el-pasoans-are-contributing/
1204115352	20231016	202310	2023	2023.7836	USA	UNITED STATES	USA								EDU	UNIVERSITY						EDU			1	070	070	07	2	7.0	1	1	1	-0.44543429844098	3	El Paso, Texas, United States	US	USTX	TX141	31.7587	-106.487	1380946	3	El Paso County, Texas, United States	US	USTX		31.8001	-106.201	1383855	3	El Paso, Texas, United States	US	USTX		31.7587	-106.487	1380946	20241015021500	https://kvia.com/your-voice-your-vote/2024/10/14/105000-being-used-to-campaign-in-support-of-the-umc-bond-which-prominent-el-pasoans-are-contributing/
1204115353	20231016	202310	2023	2023.7836	USA	UNITED STATES	USA								EDU	UNIVERSITY						EDU			1	070	070	07	2	7.0	1	1	1	-0.44543429844098	3	El Paso, Texas, United States	US	USTX	TX141	31.7587	-106.487	1380946	3	El Paso County, Texas, United States	US	USTX		31.8001	-106.201	1383855	3	El Paso County, Texas, United States	US	USTX		31.8001	-106.201	1383855	20241015021500	https://kvia.com/your-voice-your-vote/2024/10/14/105000-being-used-to-campaign-in-support-of-the-umc-bond-which-prominent-el-pasoans-are-contributing/
1204115354	20231016	202310	2023	2023.7836	USA	UNITED STATES	USA								EDU	UNIVERSITY						EDU			1	070	070	07	2	7.0	1	1	1	-0.44543429844098	3	El Paso, Texas, United States	US	USTX	TX141	31.7587	-106.487	1380946	2	Texas, United States	US	USTX		31.106	-97.6475	TX	3	El Paso, Texas, United States	US	USTX		31.7587	-106.487	1380946	20241015021500	https://kvia.com/your-voice-your-vote/2024/10/14/105000-being-used-to-campaign-in-support-of-the-umc-bond-which-prominent-el-pasoans-are-contributing/
1204115355	20231016	202310	2023	2023.7836	USA	THE US	USA								GOV	GOVERNMENT OFFICIAL						GOV			0	173	173	17	4	-5.0	3	1	3	-5.78616352201258	4	New Delhi, Delhi, India	IN	IN07	17911	28.6	77.2	-2106102	3	Washington, District of Columbia, United States	US	USDC	DC001	38.8951	-77.0364	531871	2	New York, United States	US	USNY		42.1497	-74.9384	NY	20241015021500	https://www.odt.co.nz/news/world/canada-expels-indian-diplomats-over-links-murder-case
1204115356	20231016	202310	2023	2023.7836	USA	UNITED STATES	USA								LEG	SENATE						LEG			0	120	120	12	3	-4.0	2	1	2	2.99823633156967	2	Arkansas, United States	US	USAR		34.9513	-92.3809	AR	3	Pulaski County, Arkansas, United States	US	USAR		34.7668	-92.3001	69177	2	Arkansas, United States	US	USAR		34.9513	-92.3809	AR	20241015021500	https://www.arkansasonline.com/news/2024/oct/14/little-rock-water-bonds-linda-chesterfield-blake-tierney-ryan-callison/
1204115357	20231016	202310	2023	2023.7836	USA	UNITED STATES	USA								LEG	SENATE						LEG			0	120	120	12	3	-4.0	2	1	2	2.99823633156967	2	Arkansas, United States	US	USAR		34.9513	-92.3809	AR	2	Arkansas, United States	US	USAR		34.9513	-92.3809	AR	2	Arkansas, United States	US	USAR		34.9513	-92.3809	AR	20241015021500	https://www.arkansasonline.com/news/2024/oct/14/little-rock-water-bonds-linda-chesterfield-blake-tierney-ryan-callison/
1204115358	20231016	202310	2023	2023.7836	nag	NAGA			nag																1	036	036	03	1	4.0	2	1	2	-1.01010101010101	4	Manipur, Uttar Pradesh, India	IN	IN36	70268	27.0529	79.3583	10452605	0								4	Manipur, Uttar Pradesh, India	IN	IN36	70268	27.0529	79.3583	10452605	20241015021500	https://timesofindia.indiatimes.com/city/guwahati/peace-talks-among-meitei-kuki-naga-mlas-in-delhi-amidst-manipur-ethnic-crisis/articleshow/114230679.cms
1204115359	20231016	202310	2023	2023.7836	nag	NAGA			nag						IND	NEW DELHI	IND								1	036	036	03	1	4.0	1	1	1	-1.01010101010101	4	Manipur, Uttar Pradesh, India	IN	IN36	70268	27.0529	79.3583	10452605	4	Manipur, Uttar Pradesh, India	IN	IN36	70268	27.0529	79.3583	10452605	4	Manipur, Uttar Pradesh, India	IN	IN36	70268	27.0529	79.3583	10452605	20241015021500	https://timesofindia.indiatimes.com/city/guwahati/peace-talks-among-meitei-kuki-naga-mlas-in-delhi-amidst-manipur-ethnic-crisis/articleshow/114230679.cms
1204115360	20240915	202409	2024	2024.6986	AUS	AUSTRALIA	AUS																		1	016	016	01	1	-2.0	4	1	4	-5.04201680672269	4	Merimbula, New South Wales, Australia	AS	AS02	5372	-36.889	149.91	-1587079	0								4	Merimbula, New South Wales, Australia	AS	AS02	5372	-36.889	149.91	-1587079	20241015021500	https://www.begadistrictnews.com.au/story/8792257/bega-bestiality-case-joel-kerim-granted-last-adjournment/?cs=509
1204115361	20240915	202409	2024	2024.6986	AUS	AUSTRALIA	AUS																		1	173	173	17	4	-5.0	4	1	4	-5.04201680672269	4	Merimbula, New South Wales, Australia	AS	AS02	5372	-36.889	149.91	-1587079	0								4	Merimbula, New South Wales, Australia	AS	AS02	5372	-36.889	149.91	-1587079	20241015021500	https://www.begadistrictnews.com.au/story/8792257/bega-bestiality-case-joel-kerim-granted-last-adjournment/?cs=509
1204115362	20240915	202409	2024	2024.6986	GOV	PRESIDENT						GOV			ISRGOV	ISRAEL	ISR					GOV			1	040	040	04	1	1.0	2	1	2	-3.53319057815846	4	Jerusalem, Israel (general), Israel	IS	IS00	18315	31.7667	35.2333	-797092	4	Jerusalem, Israel (general), Israel	IS	IS00	18315	31.7667	35.2333	-797092	4	Jerusalem, Israel (general), Israel	IS	IS00	18315	31.7667	35.2333	-797092	20241015021500	https://www.jpost.com/opinion/article-824567
1204115363	20240915	202409	2024	2024.6986	ISR	ISRAEL	ISR								ISRGOV	ISRAEL	ISR					GOV			1	040	040	04	1	1.0	2	1	2	-3.53319057815846	4	Jerusalem, Israel (general), Israel	IS	IS00	18315	31.7667	35.2333	-797092	4	Jerusalem, Israel (general), Israel	IS	IS00	18315	31.7667	35.2333	-797092	4	Jerusalem, Israel (general), Israel	IS	IS00	18315	31.7667	35.2333	-797092	20241015021500	https://www.jpost.com/opinion/article-824567
1204115364	20240915	202409	2024	2024.6986	ISRGOV	ISRAEL	ISR					GOV			GOV	PRESIDENT						GOV			1	040	040	04	1	1.0	2	1	2	-3.53319057815846	4	Jerusalem, Israel (general), Israel	IS	IS00	18315	31.7667	35.2333	-797092	4	Jerusalem, Israel (general), Israel	IS	IS00	18315	31.7667	35.2333	-797092	4	Jerusalem, Israel (general), Israel	IS	IS00	18315	31.7667	35.2333	-797092	20241015021500	https://www.jpost.com/opinion/article-824567
1204115365	20240915	202409	2024	2024.6986	ISRGOV	ISRAEL	ISR					GOV			ISR	ISRAEL	ISR								1	040	040	04	1	1.0	2	1	2	-3.53319057815846	4	Jerusalem, Israel (general), Israel	IS	IS00	18315	31.7667	35.2333	-797092	4	Jerusalem, Israel (general), Israel	IS	IS00	18315	31.7667	35.2333	-797092	4	Jerusalem, Israel (general), Israel	IS	IS00	18315	31.7667	35.2333	-797092	20241015021500	https://www.jpost.com/opinion/article-824567
1204115366	20240915	202409	2024	2024.6986	USA	UNITED STATES	USA																		0	040	040	04	1	1.0	2	1	2	-4.39442658092176	2	Pennsylvania, United States	US	USPA		40.5773	-77.264	PA	0								3	Erie, Pennsylvania, United States	US	USPA	PA049	42.1292	-80.0851	1174305	20241015021500	https://kvia.com/your-voice-your-vote/politics/cnn-us-politics/2024/10/14/harris-uses-trumps-enemy-from-within-comment-to-portray-gop-rival-as-dangerous-and-unstable/
1204115367	20240915	202409	2024	2024.6986	USA	UNITED STATES	USA																		0	1722	172	17	4	-5.0	4	1	4	-6.93877551020408	3	San Antonio, Texas, United States	US	USTX	TX029	29.4241	-98.4936	1380951	0								3	San Antonio, Texas, United States	US	USTX		29.4241	-98.4936	1380951	20241015021500	https://www.kens5.com/article/news/local/san-antonio-texas-man-nathaniel-armed-melendez-2022-house-party-shooting-murder-evelyn-gumbardo-sentenced-70-years/273-a3985c63-1f82-495d-8f28-b03135319762
1204115368	20240915	202409	2024	2024.6986	USA	UNITED STATES	USA																		0	173	173	17	4	-5.0	4	1	4	-6.93877551020408	3	San Antonio, Texas, United States	US	USTX	TX029	29.4241	-98.4936	1380951	0								3	San Antonio, Texas, United States	US	USTX		29.4241	-98.4936	1380951	20241015021500	https://www.kens5.com/article/news/local/san-antonio-texas-man-nathaniel-armed-melendez-2022-house-party-shooting-murder-evelyn-gumbardo-sentenced-70-years/273-a3985c63-1f82-495d-8f28-b03135319762
1204115369	20241008	202410	2024	2024.7616											HLH	HOSPITAL						HLH			1	042	042	04	1	1.9	6	1	6	-4.70914127423822	0								1	Thailand	TH	TH		15	100	TH	1	Thailand	TH	TH		15	100	TH	20241015021500	https://www.digitalspy.com/soaps/coronation-street/a62596088/coronation-street-spoilers-gail-rodwell-health-scare/
1204115370	20241008	202410	2024	2024.7616											USA	UNITED STATES	USA								1	173	173	17	4	-5.0	2	1	2	-4.15360501567398	0								3	Bexar County, Texas, United States	US	USTX		29.4502	-98.517	1383800	3	San Antonio, Texas, United States	US	USTX		29.4241	-98.4936	1380951	20241015021500	http://www.expressnews.com/news/article/suzanne-simpson-missing-san-antonio-mother-19836401.php
1204115371	20241008	202410	2024	2024.7616											USA	UNITED STATES	USA								1	173	173	17	4	-5.0	2	1	2	-4.15360501567398	0								3	Bexar County, Texas, United States	US	USTX		29.4502	-98.517	1383800	3	Kendall County, Texas, United States	US	USTX		29.9335	-98.717	1383915	20241015021500	http://www.expressnews.com/news/article/suzanne-simpson-missing-san-antonio-mother-19836401.php
1204115372	20241008	202410	2024	2024.7616	GOV	AUTHORITIES						GOV													0	173	173	17	4	-5.0	6	1	6	-4.15360501567398	3	Bexar County, Texas, United States	US	USTX	TX029	29.4502	-98.517	1383800	0								3	Bexar County, Texas, United States	US	USTX		29.4502	-98.517	1383800	20241015021500	http://www.expressnews.com/news/article/suzanne-simpson-missing-san-antonio-mother-19836401.php
1204115373	20241008	202410	2024	2024.7616	HLH	HOSPITAL						HLH													1	043	043	04	1	2.8	6	1	6	-4.70914127423822	1	Thailand	TH	TH		15	100	TH	0								1	Thailand	TH	TH		15	100	TH	20241015021500	https://www.digitalspy.com/soaps/coronation-street/a62596088/coronation-street-spoilers-gail-rodwell-health-scare/
1204115374	20241008	202410	2024	2024.7616	HLH	NURSE						HLH			GOV	ADMINISTRATION						GOV			1	125	125	12	3	-5.0	10	1	10	0.13477088948787	0								0								0								20241015021500	https://www.journal-news.net/journal-news/va-nurses-demand-flexible-scheduling/article_a9dcb80e-217b-5170-8f84-b1e63feda912.html
1204115375	20241008	202410	2024	2024.7616	HLH	HOSPITAL						HLH			THA	THAILAND	THA								1	043	043	04	1	2.8	4	1	4	-4.70914127423822	1	Thailand	TH	TH		15	100	TH	1	Thailand	TH	TH		15	100	TH	1	Thailand	TH	TH		15	100	TH	20241015021500	https://www.digitalspy.com/soaps/coronation-street/a62596088/coronation-street-spoilers-gail-rodwell-health-scare/
1204115376	20241008	202410	2024	2024.7616	KOR	SOUTH KOREA	KOR																		0	090	090	09	2	-2.0	2	1	2	-1.32325141776938	4	Pyongyang, P'yongyang-si, North Korea	KN	KN12	39681	39.0194	125.755	-183459	0								1	South Korea	KS	KS		37	127.5	KS	20241015021500	https://www.wthitv.com/north-korea-sending-citizens-to-help-russian-military-fight-ukraine-zelensky-says/article_9b68aa74-caea-5353-bb59-befed022f378.html
1204115377	20241008	202410	2024	2024.7616	LBN	LEBANON	LBN								IGOUNO	THE UN		UNO				IGO			0	182	182	18	4	-9.5	10	1	10	-3.68239355581128	4	Beirut, Beyrouth, Lebanon	LE	LE04	18808	33.8719	35.5097	-801546	4	Beirut, Beyrouth, Lebanon	LE	LE04	18808	33.8719	35.5097	-801546	4	Beirut, Beyrouth, Lebanon	LE	LE04	18808	33.8719	35.5097	-801546	20241015021500	https://www.nysun.com/article/hezbollah-targets-tel-aviv-following-washingtons-warning-to-israel-on-attacking-lebanese-population-centers
1204115378	20241008	202410	2024	2024.7616	THA	THAILAND	THA								HLH	HOSPITAL						HLH			1	042	042	04	1	1.9	4	1	4	-4.70914127423822	1	Thailand	TH	TH		15	100	TH	1	Thailand	TH	TH		15	100	TH	1	Thailand	TH	TH		15	100	TH	20241015021500	https://www.digitalspy.com/soaps/coronation-street/a62596088/coronation-street-spoilers-gail-rodwell-health-scare/
1204115379	20241008	202410	2024	2024.7616	USA	UNITED STATES	USA								GOV	AUTHORITIES						GOV			0	173	173	17	4	-5.0	4	1	4	-4.15360501567398	3	Bexar County, Texas, United States	US	USTX	TX029	29.4502	-98.517	1383800	3	Bexar County, Texas, United States	US	USTX		29.4502	-98.517	1383800	3	Bexar County, Texas, United States	US	USTX		29.4502	-98.517	1383800	20241015021500	http://www.expressnews.com/news/article/suzanne-simpson-missing-san-antonio-mother-19836401.php
1204115380	20241015	202410	2024	2024.7808											AFR	AFRICA	AFR								1	020	020	02	1	3.0	10	1	10	0	0								0								0								20241015021500	https://achpr.au.int/index.php/en/news/press-releases/2024-10-14/study-extent-implementation-achpr-soft-laws-access-information
1204115381	20241015	202410	2024	2024.7808											AFRCVL	AFRICA	AFR					CVL			1	020	020	02	1	3.0	10	1	10	0	0								0								0								20241015021500	https://achpr.au.int/index.php/en/news/announcements/2024-10-14/study-impacts-climate-change-indigenous-people-africa
1204115382	20241015	202410	2024	2024.7808											AUSGOV	AUSTRALIA	AUS					GOV			0	042	042	04	1	1.9	5	3	5	-0.132740124433762	0								4	Balnarring, Victoria, Australia	AS	AS07	5405	-38.3667	145.133	-1557197	4	Balnarring, Victoria, Australia	AS	AS07	5405	-38.3667	145.133	-1557197	20241015021500	https://www.standard.net.au/story/8792390/wonderful-move-foreign-gps-fast-tracked-to-plug-gap/
1204115383	20241015	202410	2024	2024.7808											BLR	BELARUS	BLR								0	010	010	01	1	0.0	1	1	1	-6.02526724975705	0								4	Minsk, Belarus (general), Belarus	BO	BO00	5840	53.9	27.5667	-1946324	4	Minsk, Belarus (general), Belarus	BO	BO00	5840	53.9	27.5667	-1946324	20241015021500	https://www.voanews.com/a/ailing-and-silenced-in-prison-belarus-activist-symbolizes-the-nation-s-repression/7822524.html
1204115384	20241015	202410	2024	2024.7808											BRA	BRAZILIAN	BRA								1	060	060	06	2	6.0	10	1	10	-2.2022022022022	0								4	Sao Paulo, SãPaulo, Brazil	BR	BR27	11543	-23.5333	-46.6167	-671824	4	Sao Paulo, SãPaulo, Brazil	BR	BR27	11543	-23.5333	-46.6167	-671824	20241015021500	https://1370wfea.com/news/030030-musks-x-to-be-reinstated-in-brazil-after-complying-with-supreme-court-demands/
1204115385	20241015	202410	2024	2024.7808											BUS	COMPANY						BUS			0	036	036	03	1	4.0	3	1	3	1.56494522691705	0								1	United Kingdom	UK	UK		54	-4	UK	1	United Kingdom	UK	UK		54	-4	UK	20241015021500	https://www.evwind.es/2024/10/15/galan-confirms-iberdrolas-commitment-to-the-uk-at-the-international-investment-summit-with-starmer/101769
1204115386	20241015	202410	2024	2024.7808											BUS	ENTREPRENEUR						BUS			0	040	040	04	1	1.0	10	1	10	0.30581039755352	0								1	Taiwan	TW	TW		24	121	TW	1	Taiwan	TW	TW		24	121	TW	20241015021500	https://exclaim.ca/comedy/article/simu-liu-calls-out-quebec-boba-tea-company-for-cultural-appropriation-on-dragon-s-den
1204115387	20241015	202410	2024	2024.7808											BUS	COMPANY						BUS			1	043	043	04	1	2.8	10	1	10	-3.44142951687624	0								4	Wuppertal, Nordrhein-Westfalen, Germany	GM	GM07	16551	51.2667	7.18333	-1891347	4	Wuppertal, Nordrhein-Westfalen, Germany	GM	GM07	16551	51.2667	7.18333	-1891347	20241015021500	https://financialpost.com/pmn/business-pmn/brutal-acid-attack-prompts-executive-to-hunt-down-his-assailants
1204115388	20241015	202410	2024	2024.7808											BUS	PRODUCER						BUS			1	043	043	04	1	2.8	5	1	5	2.18978102189781	0								2	North Dakota, United States	US	USND		47.5362	-99.793	ND	2	North Dakota, United States	US	USND		47.5362	-99.793	ND	20241015021500	https://www.inforum.com/news/north-dakota/ndsu-program-offers-students-a-direct-path-into-north-dakotas-energy-sector
1204115389	20241015	202410	2024	2024.7808											BUS	BUSINESS						BUS			1	046	046	04	1	7.0	10	1	10	2.78145695364239	0								4	Perth, Western Australia, Australia	AS	AS08	5533	-31.9333	115.833	-1594675	4	Perth, Western Australia, Australia	AS	AS08	5533	-31.9333	115.833	-1594675	20241015021500	https://www.juniorminingnetwork.com/junior-miner-news/press-releases/3363-tsx/wgx/168628-westgold-enhances-leadership-team.html
1204115390	20241015	202410	2024	2024.7808											CHE	SWITZERLAND	CHE								1	036	036	03	1	4.0	2	1	2	4.45682451253482	0								1	Slovenia	SI	SI		46.25	15.166667	SI	1	Slovenia	SI	SI		46.25	15.166667	SI	20241015021500	https://www.chipchick.com/2024/10/young-golden-eagles-actually-improve-their-flight-skills-as-they-age-allowing-them-to-explore-much-larger-areas-of-the-central-european-alps
1204115391	20241015	202410	2024	2024.7808											CHE	SWITZERLAND	CHE								1	040	040	04	1	1.0	2	1	2	-0.52770448548813	0								4	Bakhmut, Donets'ka Oblast', Ukraine	UP	UP05	28556	48.5956	37.9999	-1034612	4	Bakhmut, Donets'ka Oblast', Ukraine	UP	UP05	28556	48.5956	37.9999	-1034612	20241015021500	https://www.rnz.co.nz/news/world/530824/ukraine-holds-new-online-conference-on-peace-calls-for-revised-security-system
1204115392	20241015	202410	2024	2024.7808											COP	POLICE						COP			0	042	042	04	1	1.9	2	1	2	-7.12871287128713	0								3	Pomona, California, United States	US	USCA	CA037	34.0553	-117.752	1661247	3	Pomona, California, United States	US	USCA	CA037	34.0553	-117.752	1661247	20241015021500	https://kvia.com/news/us-world/cnn-national/cnn-regional/2024/10/14/5-shootings-happened-in-l-a-county-over-the-weekend/
1204115393	20241015	202410	2024	2024.7808											COP	POLICE						COP			1	042	042	04	1	1.9	2	1	2	-7.12871287128713	0								3	Los Angeles, California, United States	US	USCA		34.0522	-118.244	1662328	3	Los Angeles, California, United States	US	USCA		34.0522	-118.244	1662328	20241015021500	https://kvia.com/news/us-world/cnn-national/cnn-regional/2024/10/14/5-shootings-happened-in-l-a-county-over-the-weekend/
1204115394	20241015	202410	2024	2024.7808											COP	POLICE						COP			0	112	112	11	3	-2.0	4	1	4	-10.0346020761245	0								4	Pune, Maharashtra, India	IN	IN16	70178	18.5333	73.8667	-2108361	4	Pune, Maharashtra, India	IN	IN16	70178	18.5333	73.8667	-2108361	20241015021500	https://timesofindia.indiatimes.com/city/guwahati/domestic-help-rape-case-one-arrested-two-suspects-on-the-run-in-kokrajhar/articleshow/114230378.cms
1204115395	20241015	202410	2024	2024.7808											COP	POLICE						COP			0	173	173	17	4	-5.0	5	1	5	-5.85424133811231	0								5	Nagaland, Nagaland, India	IN	IN20	17807	26	94.25	-2105305	5	Nagaland, Nagaland, India	IN	IN20	17807	26	94.25	-2105305	20241015021500	https://morungexpress.com/nscn-k-niki-violated-cease-fire-ground-rules
1204115396	20241015	202410	2024	2024.7808											COP	POLICE						COP			0	190	190	19	4	-10.0	4	1	4	-7.57097791798108	0								4	Mumbai, Maharashtra, India	IN	IN16	70184	18.975	72.8258	-2092174	4	Bandra, Maharashtra, India	IN	IN16	70184	19.0667	72.8333	82619	20241015021500	https://timesofindia.indiatimes.com/city/guwahati/dead-body-of-jailbreak-prisoner-discovered-in-assam-water-body/articleshow/114230622.cms
1204115397	20241015	202410	2024	2024.7808											COP	POLICE						COP			1	193	193	19	4	-10.0	2	1	2	-7.08446866485014	0								3	Indianapolis, Indiana, United States	US	USIN	IN097	39.7684	-86.158	452890	3	Indianapolis, Indiana, United States	US	USIN	IN097	39.7684	-86.158	452890	20241015021500	https://www.wthr.com/article/news/crime/impd-looks-to-crack-down-downtown-crime-after-weekend-incidents-shooting-gun-violence/531-8247b16a-5462-4c31-8272-7f63ab3cba62
1204115398	20241015	202410	2024	2024.7808											COP	POLICE						COP			1	193	193	19	4	-10.0	8	1	8	-7.08446866485014	0								3	Indianapolis, Indiana, United States	US	USIN	IN097	39.7684	-86.158	452890	2	Indiana, United States	US	USIN		39.8647	-86.2604	IN	20241015021500	https://www.wthr.com/article/news/crime/impd-looks-to-crack-down-downtown-crime-after-weekend-incidents-shooting-gun-violence/531-8247b16a-5462-4c31-8272-7f63ab3cba62
1204115399	20241015	202410	2024	2024.7808											CRM	KILLERS						CRM			0	040	040	04	1	1.0	10	1	10	-3.34190231362468	0								1	France	FR	FR		46	2	FR	1	France	FR	FR		46	2	FR	20241015021500	https://bloody-disgusting.com/podcasts/3835380/celebrating-one-year-the-lady-killers-podcast/
1204115400	20241015	202410	2024	2024.7808											CVL	COMMUNITY						CVL			1	036	036	03	1	4.0	10	1	10	2.41935483870967	0								2	North Carolina, United States	US	USNC		35.6411	-79.8431	NC	2	North Carolina, United States	US	USNC		35.6411	-79.8431	NC	20241015021500	https://www.inforum.com/opinion/letters/letter-heres-how-you-can-help-those-affected-by-recent-hurricanes
1204115401	20241015	202410	2024	2024.7808											CVL	COMMUNITY						CVL			1	036	036	03	1	4.0	10	1	10	-1.32890365448505	0								1	United States	US	US		39.828175	-98.5795	US	1	United States	US	US		39.828175	-98.5795	US	20241015021500	https://www.paloaltoonline.com/news/2024/10/14/costs-rise-as-public-safety-building-near-completion/
1204115402	20241015	202410	2024	2024.7808											CVL	COMMUNITY						CVL			0	043	043	04	1	2.8	3	1	3	-2.29153405474221	0								5	Niger State, Niger, Nigeria	NI	NI31	22950	10	6	-2020892	5	Niger State, Niger, Nigeria	NI	NI31	22950	10	6	-2020892	20241015021500	https://punchng.com/boat-accident-abdulrazaq-supports-victims-families-with-n100m/
1204115403	20241015	202410	2024	2024.7808											CVL	VOTER						CVL			0	100	100	10	3	-5.0	10	1	10	-1.33587786259542	0								0								0								20241015021500	https://www.kold.com/2024/10/15/pima-county-recorder-reports-slight-delay-delivery-some-mail-in-ballots/
1204115404	20241015	202410	2024	2024.7808											EDU	SCHOOL						EDU			1	042	042	04	1	1.9	10	1	10	1.15221346270467	0								3	Deep Creek, South Dakota, United States	US	USSD		44.2411	-100.667	1254644	3	Deep Creek, South Dakota, United States	US	USSD		44.2411	-100.667	1254644	20241015021500	https://www.tsln.com/news/2024-fall-cattle-journal-deep-creek-angus-ranch-building-good-cows/
1204115405	20241015	202410	2024	2024.7808											EDU	STUDENT						EDU			1	043	043	04	1	2.8	3	1	3	2.18978102189781	0								3	Williston Basin, North Dakota, United States	US	USND		47.2503	-101.751	1260947	3	Williston Basin, North Dakota, United States	US	USND		47.2503	-101.751	1260947	20241015021500	https://www.inforum.com/news/north-dakota/ndsu-program-offers-students-a-direct-path-into-north-dakotas-energy-sector
1204115406	20241015	202410	2024	2024.7808											EDU	STUDENT						EDU			1	043	043	04	1	2.8	6	1	6	-2.46679316888045	0								3	Boston, Massachusetts, United States	US	USMA	MA025	42.3584	-71.0598	617565	3	Boston, Massachusetts, United States	US	USMA	MA025	42.3584	-71.0598	617565	20241015021500	https://www.necn.com/news/local/segregation-massachusetts-schools/3357174/
1204115407	20241015	202410	2024	2024.7808											EDU	STUDENT						EDU			1	043	043	04	1	2.8	4	1	4	-2.46679316888045	0								2	Massachusetts, United States	US	USMA		42.2373	-71.5314	MA	2	Massachusetts, United States	US	USMA		42.2373	-71.5314	MA	20241015021500	https://www.necn.com/news/local/segregation-massachusetts-schools/3357174/
1204115408	20241015	202410	2024	2024.7808											EDU	UNIVERSITY						EDU			0	046	046	04	1	7.0	10	1	10	-0.72332730560578	0								3	Oakland, California, United States	US	USCA	CA001	37.8044	-122.271	277566	3	Oakland, California, United States	US	USCA	CA001	37.8044	-122.271	277566	20241015021500	https://www.foxnews.com/media/residents-explain-why-fled-bay-area-homelessness-just-getting-out-hand
1204115409	20241015	202410	2024	2024.7808											EDU	STUDENT						EDU			1	051	051	05	1	3.4	10	1	10	3.41098169717138	0								1	United States	US	US		39.828175	-98.5795	US	1	United States	US	US		39.828175	-98.5795	US	20241015021500	https://ucsdguardian.org/2024/10/14/for-the-love-of-language-lingua-celebrates-community-and-communication/
1204115410	20241015	202410	2024	2024.7808											ELI	ACTOR						ELI			1	036	036	03	1	4.0	5	1	5	4.44444444444444	0								0								0								20241015021500	https://www.digitalspy.com/tv/a62600935/will-mellor-two-pints-of-lager-reunion/
1204115411	20241015	202410	2024	2024.7808											EURGOV	EUROPEAN	EUR					GOV			0	013	013	01	1	0.4	10	1	10	0.57142857142857	0								2	Florida, United States	US	USFL		27.8333	-81.717	FL	2	Florida, United States	US	USFL		27.8333	-81.717	FL	20241015021500	https://dailygalaxy.com/2024/10/nasa-europa-clipper-explore-jupiters-moon/
1204115412	20241015	202410	2024	2024.7808											EURGOV	EUROPEAN	EUR					GOV			0	042	042	04	1	1.9	10	1	10	0.57142857142857	0								2	Florida, United States	US	USFL		27.8333	-81.717	FL	2	Florida, United States	US	USFL		27.8333	-81.717	FL	20241015021500	https://dailygalaxy.com/2024/10/nasa-europa-clipper-explore-jupiters-moon/
1204115413	20241015	202410	2024	2024.7808											FJI	FIJI	FJI								1	043	043	04	1	2.8	6	1	6	3.01507537688442	0								4	Nasinu, Northern, Fiji	FJ	FJ03	40201	-16.7667	179.483	-1191841	4	Nasinu, Northern, Fiji	FJ	FJ03	40201	-16.7667	179.483	-1191841	20241015021500	https://www.fijivillage.com/news/More-than-20000-people-attended-FNU-Open-Day-2024-rfx485/
1204115414	20241015	202410	2024	2024.7808											FJI	SUVA	FJI								1	043	043	04	1	2.8	5	1	5	-2	0								4	Suva, Central, Fiji	FJ	FJ01	40197	-18.1333	178.417	-1195133	4	Suva, Central, Fiji	FJ	FJ01	40197	-18.1333	178.417	-1195133	20241015021500	https://www.fijivillage.com/news/Kings-Rd-to-be-temporarily-closed-this-Sunday-5f8rx4/
1204115415	20241015	202410	2024	2024.7808											GBR	UNITED KINGDOM	GBR								1	020	020	02	1	3.0	4	1	4	0.7380073800738	0								2	Louisiana, United States	US	USLA		31.1801	-91.8749	LA	2	Louisiana, United States	US	USLA		31.1801	-91.8749	LA	20241015021500	https://marketrealist.com:443/how-to-save-loose-change-for-years/
1204115416	20241015	202410	2024	2024.7808											GBR	BRITANNIA	GBR								1	043	043	04	1	2.8	10	1	10	-0.6797583081571	0								1	New Zealand	NZ	NZ		-42	174	NZ	1	New Zealand	NZ	NZ		-42	174	NZ	20241015021500	https://www.livesaildie.com/the-tightest-race-yet/
1204115417	20241015	202410	2024	2024.7808											GBR	BRITANNIA	GBR								1	052	052	05	1	3.5	10	1	10	-0.6797583081571	0								1	New Zealand	NZ	NZ		-42	174	NZ	1	New Zealand	NZ	NZ		-42	174	NZ	20241015021500	https://www.livesaildie.com/the-tightest-race-yet/
1204115418	20241015	202410	2024	2024.7808											GOV	MAYOR						GOV			0	013	013	01	1	0.4	10	1	10	2.99823633156967	0								3	Little Rock, Arkansas, United States	US	USAR		34.7465	-92.2896	83350	3	Little Rock, Arkansas, United States	US	USAR		34.7465	-92.2896	83350	20241015021500	https://www.arkansasonline.com/news/2024/oct/14/little-rock-water-bonds-linda-chesterfield-blake-tierney-ryan-callison/
1204115419	20241015	202410	2024	2024.7808											GOV	CHIEF MINISTER						GOV			0	036	036	03	1	4.0	4	1	4	-1.01010101010101	0								4	Manipur, Uttar Pradesh, India	IN	IN36	70268	27.0529	79.3583	10452605	4	Manipur, Uttar Pradesh, India	IN	IN36	70268	27.0529	79.3583	10452605	20241015021500	https://timesofindia.indiatimes.com/city/guwahati/peace-talks-among-meitei-kuki-naga-mlas-in-delhi-amidst-manipur-ethnic-crisis/articleshow/114230679.cms
1204115420	20241015	202410	2024	2024.7808											GOV	ADVISORY BOARD						GOV			1	036	036	03	1	4.0	2	1	2	1.49253731343284	0								3	Calverton, New York, United States	US	USNY	NY103	40.9065	-72.7434	945505	3	Calverton, New York, United States	US	USNY	NY103	40.9065	-72.7434	945505	20241015021500	https://riverheadlocal.com/2024/10/14/calverton-restoration-advisory-board-meeting-set-for-oct-29-at-the-residence-inn/
1204115421	20241015	202410	2024	2024.7808											GOV	PRESIDENT						GOV			0	042	042	04	1	1.9	15	3	15	-0.132740124433762	0								1	United Kingdom	UK	UK		54	-4	UK	4	Mornington, Victoria, Australia	AS	AS07	5405	-38.2167	145.033	-1588943	20241015021500	https://www.standard.net.au/story/8792390/wonderful-move-foreign-gps-fast-tracked-to-plug-gap/
1204115422	20241015	202410	2024	2024.7808											GOV	GOVERNOR						GOV			0	046	046	04	1	7.0	2	1	2	-3.13272877164056	0								4	Abuja, Abuja Federal Capital Territory, Nigeria	NI	NI11	191147	9.08333	7.53333	-1997013	4	Abuja, Abuja Federal Capital Territory, Nigeria	NI	NI11	191147	9.08333	7.53333	-1997013	20241015021500	https://punchng.com/pdp-factional-chairmen-clash-as-govs-fail-to-resolve-crisis/
1204115423	20241015	202410	2024	2024.7808											GOV	GOVERNOR						GOV			0	046	046	04	1	7.0	3	1	3	-3.13272877164056	0								5	Bauchi State, Bauchi, Nigeria	NI	NI46	22661	10.5	10	-2002332	5	Bauchi State, Bauchi, Nigeria	NI	NI46	22661	10.5	10	-2002332	20241015021500	https://punchng.com/pdp-factional-chairmen-clash-as-govs-fail-to-resolve-crisis/
1204115424	20241015	202410	2024	2024.7808											GOV	ADVISORY BOARD						GOV			1	046	046	04	1	7.0	2	1	2	1.49253731343284	0								3	Calverton, New York, United States	US	USNY	NY103	40.9065	-72.7434	945505	3	Calverton, New York, United States	US	USNY	NY103	40.9065	-72.7434	945505	20241015021500	https://riverheadlocal.com/2024/10/14/calverton-restoration-advisory-board-meeting-set-for-oct-29-at-the-residence-inn/
1204115425	20241015	202410	2024	2024.7808											GOV	REGIME						GOV			1	173	173	17	4	-5.0	10	1	10	-4.60526315789473	0								0								0								20241015021500	https://www.odnako.org/spezzano-albanese-escapes-from-house-arrest-and-is-caught-200-meters-from-home-arrested/
1204115426	20241015	202410	2024	2024.7808											HLH	HOSPITAL						HLH			1	042	042	04	1	1.9	10	1	10	-13.1274131274131	0								4	Lagos, Lagos, Nigeria	NI	NI05	191416	6.45306	3.39583	-2017355	4	Lagos, Lagos, Nigeria	NI	NI05	191416	6.45306	3.39583	-2017355	20241015021500	https://punchng.com/man-flees-after-stabbing-cousin-to-death-in-lagos-2/
1204115427	20241015	202410	2024	2024.7808											HLH	HOSPITAL						HLH			0	042	042	04	1	1.9	10	1	10	-8.25892857142857	0								4	Nagpur, Maharashtra, India	IN	IN16	17784	21.15	79.1	-2105396	4	Nagpur, Maharashtra, India	IN	IN16	17784	21.15	79.1	-2105396	20241015021500	https://timesofindia.indiatimes.com/city/guwahati/assam-sees-road-accident-decline-during-durga-puja-festivities/articleshow/114230643.cms
1204115428	20241015	202410	2024	2024.7808											IGOUNO	THE UN		UNO				IGO			0	0861	086	08	2	9.0	3	1	3	-5.25451559934318	0								4	Cambridge, Cambridgeshire, United Kingdom	UK	UKC3	40098	52.2	0.116667	-2591658	4	Cambridge, Cambridgeshire, United Kingdom	UK	UKC3	40098	52.2	0.116667	-2591658	20241015021500	https://www.scoop.co.nz/stories/HL2410/S00023/israels-war-on-the-united-nations.htm
1204115429	20241015	202410	2024	2024.7808											IGOUNO	THE UN		UNO				IGO			0	0861	086	08	2	9.0	2	1	2	-5.25451559934318	0								4	Jerusalem, Israel (general), Israel	IS	IS00	18315	31.7667	35.2333	-797092	4	Jerusalem, Israel (general), Israel	IS	IS00	18315	31.7667	35.2333	-797092	20241015021500	https://www.scoop.co.nz/stories/HL2410/S00023/israels-war-on-the-united-nations.htm
1204115430	20241015	202410	2024	2024.7808											IND	MANIPUR	IND								1	040	040	04	1	1.0	4	1	4	-1.01010101010101	0								4	Manipur, Uttar Pradesh, India	IN	IN36	70268	27.0529	79.3583	10452605	4	Delhi, Delhi, India	IN	IN07	17911	28.6667	77.2167	-2094230	20241015021500	https://timesofindia.indiatimes.com/city/guwahati/peace-talks-among-meitei-kuki-naga-mlas-in-delhi-amidst-manipur-ethnic-crisis/articleshow/114230679.cms
1204115431	20241015	202410	2024	2024.7808											IND	SURAT	IND								0	173	173	17	4	-5.0	5	1	5	-10.0346020761245	0								4	Surat, Gujarat, India	IN	IN09	70127	20.9667	72.9	-2098110	4	Surat, Gujarat, India	IN	IN09	70127	20.9667	72.9	-2098110	20241015021500	https://timesofindia.indiatimes.com/city/guwahati/domestic-help-rape-case-one-arrested-two-suspects-on-the-run-in-kokrajhar/articleshow/114230378.cms
1204115432	20241015	202410	2024	2024.7808											IND	SURAT	IND								0	1821	182	18	4	-9.0	4	1	4	-10.0346020761245	0								4	Surat, Gujarat, India	IN	IN09	70127	20.9667	72.9	-2098110	4	Surat, Gujarat, India	IN	IN09	70127	20.9667	72.9	-2098110	20241015021500	https://timesofindia.indiatimes.com/city/guwahati/domestic-help-rape-case-one-arrested-two-suspects-on-the-run-in-kokrajhar/articleshow/114230378.cms
1204115433	20241015	202410	2024	2024.7808											INDCOP	PUNE	IND					COP			0	112	112	11	3	-2.0	6	1	6	-10.0346020761245	0								4	Pune, Maharashtra, India	IN	IN16	70178	18.5333	73.8667	-2108361	4	Pune, Maharashtra, India	IN	IN16	70178	18.5333	73.8667	-2108361	20241015021500	https://timesofindia.indiatimes.com/city/guwahati/domestic-help-rape-case-one-arrested-two-suspects-on-the-run-in-kokrajhar/articleshow/114230378.cms
1204115434	20241015	202410	2024	2024.7808											IRN	IRAN	IRN								1	190	190	19	4	-10.0	6	1	6	-2.81293952180028	0								4	Hezbollah, Kerman, Iran	IR	IR29	40994	29.8628	56.8848	10496676	4	Hezbollah, Kerman, Iran	IR	IR29	40994	29.8628	56.8848	10496676	20241015021500	https://www.jpost.com/israel-news/2024-10-15/live-updates-824615
1204115435	20241015	202410	2024	2024.7808											ISR	ISRAEL	ISR								1	050	050	05	1	3.5	5	1	5	-3.53319057815846	0								4	Jerusalem, Israel (general), Israel	IS	IS00	18315	31.7667	35.2333	-797092	4	Jerusalem, Israel (general), Israel	IS	IS00	18315	31.7667	35.2333	-797092	20241015021500	https://www.jpost.com/opinion/article-824567
1204115436	20241015	202410	2024	2024.7808											ISR	ISRAEL	ISR								0	1124	112	11	3	-2.0	8	1	8	-6.99844479004666	0								1	Israel	IS	IS		31.5	34.75	IS	1	Israel	IS	IS		31.5	34.75	IS	20241015021500	https://www.nysun.com/article/harvards-fundraising-crisis
1204115437	20241015	202410	2024	2024.7808											ISR	ISRAEL	ISR								0	1124	112	11	3	-2.0	2	1	2	-6.99844479004666	0								2	Massachusetts, United States	US	USMA		42.2373	-71.5314	MA	2	Massachusetts, United States	US	USMA		42.2373	-71.5314	MA	20241015021500	https://www.nysun.com/article/harvards-fundraising-crisis
1204115438	20241015	202410	2024	2024.7808											ITA	ITALY	ITA								1	060	060	06	2	6.0	10	1	10	2.17391304347826	0								4	Beijing, Beijing, China	CH	CH22	13001	39.9289	116.388	-1898541	4	Beijing, Beijing, China	CH	CH22	13001	39.9289	116.388	-1898541	20241015021500	https://www.evwind.es/2024/10/15/goldwind-to-supply-wind-turbines-for-30-mw-wind-farm-in-italy/101772
1204115439	20241015	202410	2024	2024.7808											JEW	JEWISH				JEW					0	042	042	04	1	1.9	10	1	10	-0.46012269938651	0								2	New York, United States	US	USNY		42.1497	-74.9384	NY	2	New York, United States	US	USNY		42.1497	-74.9384	NY	20241015021500	https://www.jpost.com/diaspora/article-824617
1204115440	20241015	202410	2024	2024.7808											JUD	JUDGE						JUD			0	020	020	02	1	3.0	6	1	6	-2.39294710327456	0								3	White House, District of Columbia, United States	US	USDC		38.8951	-77.0364	531871	3	White House, District of Columbia, United States	US	USDC		38.8951	-77.0364	531871	20241015021500	https://www.nysun.com/article/trump-scores-rare-win-from-judge-chutkan-on-secrecy-but-he-is-struggling-to-stop-jack-smiths-january-6-avalanche
1204115441	20241015	202410	2024	2024.7808											LAB	EMPLOYEE						LAB			0	036	036	03	1	4.0	5	1	5	2.5390625	0								3	Sioux City, Iowa, United States	US	USIA		42.5	-96.4003	461653	3	Sioux City, Iowa, United States	US	USIA		42.5	-96.4003	461653	20241015021500	https://siouxcityjournal.com/news/local/education/sioux-city-school-board-substitute-pay/article_4c08c328-8a80-11ef-97f5-3fc98b2e8f1a.html
1204115442	20241015	202410	2024	2024.7808											LBN	LEBANON	LBN								0	0874	087	08	2	10.0	5	1	5	-5.25451559934318	0								4	Ramyah, Nabatî, Lebanon	LE	LE07	18314	33.1108	35.3103	-809604	4	Ramyah, Nabatî, Lebanon	LE	LE07	18314	33.1108	35.3103	-809604	20241015021500	https://www.scoop.co.nz/stories/HL2410/S00023/israels-war-on-the-united-nations.htm
1204115443	20241015	202410	2024	2024.7808											MED	TELEVISION						MED			0	010	010	01	1	0.0	10	1	10	-4.15360501567398	0								3	Bexar County, Texas, United States	US	USTX		29.4502	-98.517	1383800	3	Bexar County, Texas, United States	US	USTX		29.4502	-98.517	1383800	20241015021500	http://www.expressnews.com/news/article/suzanne-simpson-missing-san-antonio-mother-19836401.php
1204115444	20241015	202410	2024	2024.7808											MED	MEDIA						MED			1	046	046	04	1	7.0	6	2	6	-2.8038601982264	0								2	Pennsylvania, United States	US	USPA		40.5773	-77.264	PA	2	Pennsylvania, United States	US	USPA		40.5773	-77.264	PA	20241015021500	https://www.theglobeandmail.com/world/us-politics/article-kamala-harris-will-sit-down-with-bret-baier-for-her-first-fox-news/
1204115445	20241015	202410	2024	2024.7808											MNCUSA	NETFLIX	USA					MNC			1	040	040	04	1	1.0	5	1	5	0.5249343832021	0								3	Hollywood, California, United States	US	USCA	CA037	34.0983	-118.327	1660757	3	Hollywood, California, United States	US	USCA	CA037	34.0983	-118.327	1660757	20241015021500	https://cartermatt.com/669503/nobody-wants-this-season-2-premiere-date-creator-talks-estimate/
1204115446	20241015	202410	2024	2024.7808											MNCUSA	NETFLIX	USA					MNC			0	042	042	04	1	1.9	10	1	10	0.5249343832021	0								3	Hollywood, California, United States	US	USCA	CA037	34.0983	-118.327	1660757	3	Hollywood, California, United States	US	USCA	CA037	34.0983	-118.327	1660757	20241015021500	https://cartermatt.com/669503/nobody-wants-this-season-2-premiere-date-creator-talks-estimate/
1204115447	20241015	202410	2024	2024.7808											NGA	LAGOS	NGA								1	080	080	08	2	5.0	10	1	10	-13.1274131274131	0								4	Lagos, Lagos, Nigeria	NI	NI05	191416	6.45306	3.39583	-2017355	4	Lagos, Lagos, Nigeria	NI	NI05	191416	6.45306	3.39583	-2017355	20241015021500	https://punchng.com/man-flees-after-stabbing-cousin-to-death-in-lagos-2/
1204115448	20241015	202410	2024	2024.7808											NGA	NIGERIA	NGA								0	130	130	13	3	-4.4	4	1	4	-3.13272877164056	0								4	Abuja, Abuja Federal Capital Territory, Nigeria	NI	NI11	191147	9.08333	7.53333	-1997013	4	Abuja, Abuja Federal Capital Territory, Nigeria	NI	NI11	191147	9.08333	7.53333	-1997013	20241015021500	https://punchng.com/pdp-factional-chairmen-clash-as-govs-fail-to-resolve-crisis/
1204115449	20241015	202410	2024	2024.7808											NGA	NIGERIA	NGA								1	1823	182	18	4	-10.0	4	1	4	-13.1274131274131	0								4	Lagos, Lagos, Nigeria	NI	NI05	191416	6.45306	3.39583	-2017355	4	Lagos, Lagos, Nigeria	NI	NI05	191416	6.45306	3.39583	-2017355	20241015021500	https://punchng.com/man-flees-after-stabbing-cousin-to-death-in-lagos-2/
1204115450	20241015	202410	2024	2024.7808											NRMWLN060	NARCOTICS ANONYMOUS				NRM					1	046	046	04	1	7.0	4	1	4	2.97029702970297	0								3	Elk City, Oklahoma, United States	US	USOK		35.412	-99.4043	1092527	3	Elk City, Oklahoma, United States	US	USOK		35.412	-99.4043	1092527	20241015021500	https://www.kecofm.com/event/narcotics-anonymous-meetings/2024-10-16/
1204115451	20241015	202410	2024	2024.7808											NZL	NEWZEALAND	NZL								0	042	042	04	1	1.9	5	1	5	1.96078431372549	0								4	Bangkok, Krung Thep Mahanakhon, Thailand	TH	TH40	26423	13.75	100.517	-3250083	4	Bangkok, Krung Thep Mahanakhon, Thailand	TH	TH40	26423	13.75	100.517	-3250083	20241015021500	https://www.philippinetimes.com/news/274708648/foreign-minister-to-visit-thailand-attend-indonesian-presidential-inauguration
1204115452	20241015	202410	2024	2024.7808											OMN	OMAN	OMN								0	043	043	04	1	2.8	2	1	2	8.75634517766497	0								1	Oman	MU	MU		21	57	MU	1	Oman	MU	MU		21	57	MU	20241015021500	https://menafn.com/1108777474/Mercure-Debuts-In-The-Heart-Of-Muscat-Offering-A-Gateway-To-Omani-Hospitality
1204115453	20241015	202410	2024	2024.7808											OPP	PRISONER						OPP			1	190	190	19	4	-10.0	2	1	2	-7.57097791798108	0								4	Bandra, Maharashtra, India	IN	IN16	70184	19.0667	72.8333	82619	4	Bandra, Maharashtra, India	IN	IN16	70184	19.0667	72.8333	82619	20241015021500	https://timesofindia.indiatimes.com/city/guwahati/dead-body-of-jailbreak-prisoner-discovered-in-assam-water-body/articleshow/114230622.cms
1204115454	20241015	202410	2024	2024.7808											PTY	POLITICIAN									1	042	042	04	1	1.9	5	1	5	1.37614678899083	0								3	White House, District of Columbia, United States	US	USDC		38.8951	-77.0364	531871	3	White House, District of Columbia, United States	US	USDC		38.8951	-77.0364	531871	20241015021500	https://www.dailymail.co.uk/news/article-13959977/kamala-harris-aide-criticize-polls-narrow-lead.html
1204115455	20241015	202410	2024	2024.7808											REB	RAIDER						REB			0	190	190	19	4	-10.0	10	1	10	-3.80549682875264	0								2	Virginia, United States	US	USVA		37.768	-78.2057	VA	2	Virginia, United States	US	USVA		37.768	-78.2057	VA	20241015021500	https://www.journal-news.net/journal-news/park-to-celebrate-165th-anniversary-of-john-brown-raid/article_03523df2-da5f-5fbe-aa12-0b841a911701.html
1204115456	20241015	202410	2024	2024.7808											RUS	STALINGRAD	RUS								0	190	190	19	4	-10.0	3	1	3	-4.63576158940397	0								4	Stalingrad, Volgogradskaya Oblast', Russia	RS	RS84	25113	48.8047	44.5858	-3034353	4	Stalingrad, Volgogradskaya Oblast', Russia	RS	RS84	25113	48.8047	44.5858	-3034353	20241015021500	https://www.ganderbeacon.ca/putin-invokes-stalingrad-to-predict-victory-of-new-nazism-in-ukraine/
1204115457	20241015	202410	2024	2024.7808											SAUGOV	SAUDI	SAU					GOV			1	042	042	04	1	1.9	6	1	6	0.22675736961451	0								1	Nigeria	NI	NI		10	8	NI	1	Saudi Arabia	SA	SA		25	45	SA	20241015021500	https://punchng.com/nahcon-warns-against-unauthorised-contracts-for-2025-hajj/
1204115458	20241015	202410	2024	2024.7808											SAUGOV	SAUDI	SAU					GOV			1	046	046	04	1	7.0	6	1	6	0.22675736961451	0								1	Saudi Arabia	SA	SA		25	45	SA	1	Saudi Arabia	SA	SA		25	45	SA	20241015021500	https://punchng.com/nahcon-warns-against-unauthorised-contracts-for-2025-hajj/
1204115459	20241015	202410	2024	2024.7808											SGP	SINGAPORE	SGP								1	036	036	03	1	4.0	5	1	5	0.625	0								4	Changi, Singapore (general), Singapore	SN	SN00	18585	1.34167	103.964	-73644	4	Changi, Singapore (general), Singapore	SN	SN00	18585	1.34167	103.964	-73644	20241015021500	https://e.vnexpress.net/news/travel/china-beats-indonesia-as-singapore-s-largest-source-of-tourists-in-q3-4803986.html
1204115460	20241015	202410	2024	2024.7808											UKR	UKRAINE	UKR								0	040	040	04	1	1.0	4	1	4	-0.52770448548813	0								4	Bakhmut, Donets'ka Oblast', Ukraine	UP	UP05	28556	48.5956	37.9999	-1034612	4	Bakhmut, Donets'ka Oblast', Ukraine	UP	UP05	28556	48.5956	37.9999	-1034612	20241015021500	https://www.rnz.co.nz/news/world/530824/ukraine-holds-new-online-conference-on-peace-calls-for-revised-security-system
1204115461	20241015	202410	2024	2024.7808											USA	MISSOURI	USA								0	013	013	01	1	0.4	10	1	10	0	0								2	Missouri, United States	US	USMO		38.4623	-92.302	MO	2	Missouri, United States	US	USMO		38.4623	-92.302	MO	20241015021500	https://www.kcur.org/podcast/up-to-date/2024-10-14/lucas-kunce-missouri-us-senate-kamala-harris-josh-hawley
1204115462	20241015	202410	2024	2024.7808											USA	UNITED STATES	USA								0	014	014	01	1	0.0	4	1	4	-4.15360501567398	0								3	Bexar County, Texas, United States	US	USTX		29.4502	-98.517	1383800	3	Bexar County, Texas, United States	US	USTX		29.4502	-98.517	1383800	20241015021500	http://www.expressnews.com/news/article/suzanne-simpson-missing-san-antonio-mother-19836401.php
1204115463	20241015	202410	2024	2024.7808											USA	CALIF	USA								1	016	016	01	1	-2.0	5	1	5	-15.8415841584158	0								0								0								20241015021500	https://www.yahoo.com/news/man-pleads-not-guilty-murder-234557530.html
1204115464	20241015	202410	2024	2024.7808											USA	UNITED STATES	USA								1	020	020	02	1	3.0	3	2	3	-1.20396362676648	0								2	Iowa, United States	US	USIA		42.0046	-93.214	IA	2	Iowa, United States	US	USIA		42.0046	-93.214	IA	20241015021500	https://www.wowt.com/2024/10/14/election-2024-giant-inflatable-iud-reappears-put-candidates-alert-about-womens-issues/
1204115465	20241015	202410	2024	2024.7808											USA	UNITED STATES	USA								1	030	030	03	1	4.0	1	1	1	3.63636363636364	0								2	Nebraska, United States	US	USNE		41.1289	-98.2883	NE	2	Nebraska, United States	US	USNE		41.1289	-98.2883	NE	20241015021500	https://www.wowt.com/2024/10/14/heartland-family-service-holding-open-house-new-peer-center-mental-health-looking-feedback/
1204115466	20241015	202410	2024	2024.7808											USA	UNITED STATES	USA								1	0312	031	03	1	5.2	8	1	8	-3.77358490566037	0								3	Shaker Square, Ohio, United States	US	USOH		41.4839	-81.5904	1073129	3	Cleveland, Ohio, United States	US	USOH	OH035	41.4995	-81.6954	1066654	20241015021500	https://www.wkyc.com/article/news/local/cuyahoga-county/water-main-break-flooding-shaker-heights/95-cebc2235-ae83-4287-a5ca-56f89e25d6f4
1204115467	20241015	202410	2024	2024.7808											USA	UNITED STATES	USA								0	036	036	03	1	4.0	4	1	4	-4.15360501567398	0								3	Bexar County, Texas, United States	US	USTX		29.4502	-98.517	1383800	3	Bexar County, Texas, United States	US	USTX		29.4502	-98.517	1383800	20241015021500	http://www.expressnews.com/news/article/suzanne-simpson-missing-san-antonio-mother-19836401.php
1204115468	20241015	202410	2024	2024.7808											USA	UNITED STATES	USA								1	036	036	03	1	4.0	6	1	6	0.478468899521531	0								3	Tuolumne County, California, United States	US	USCA		38.0666	-119.901	277319	3	Tuolumne County, California, United States	US	USCA		38.0666	-119.901	277319	20241015021500	https://www.uniondemocrat.com/news/article_b3d7e542-8a76-11ef-8d69-e783799393b6.html
1204115469	20241015	202410	2024	2024.7808											USA	UNITED STATES	USA								0	040	040	04	1	1.0	2	1	2	-2.35690235690236	0								3	City Of Fargo, North Dakota, United States	US	USND		46.8766	-96.8176	1036030	3	City Of Fargo, North Dakota, United States	US	USND		46.8766	-96.8176	1036030	20241015021500	https://www.inforum.com/news/fargo/citywide-restrictions-on-homeless-camps-going-swimmingly-city-staff-tell-commission
1204115470	20241015	202410	2024	2024.7808											USA	UNITED STATES	USA								0	042	042	04	1	1.9	1	1	1	-4.15360501567398	0								3	Bexar County, Texas, United States	US	USTX		29.4502	-98.517	1383800	3	San Antonio, Texas, United States	US	USTX		29.4241	-98.4936	1380951	20241015021500	http://www.expressnews.com/news/article/suzanne-simpson-missing-san-antonio-mother-19836401.php
1204115471	20241015	202410	2024	2024.7808											USA	UNITED STATES	USA								0	042	042	04	1	1.9	1	1	1	-4.15360501567398	0								3	Bexar County, Texas, United States	US	USTX		29.4502	-98.517	1383800	3	Bexar County, Texas, United States	US	USTX		29.4502	-98.517	1383800	20241015021500	http://www.expressnews.com/news/article/suzanne-simpson-missing-san-antonio-mother-19836401.php
1204115472	20241015	202410	2024	2024.7808											USA	UNITED STATES	USA								1	042	042	04	1	1.9	8	1	8	-0.72332730560578	0								3	Placerville, California, United States	US	USCA	CA017	38.7296	-120.799	277577	3	Placerville, California, United States	US	USCA	CA017	38.7296	-120.799	277577	20241015021500	https://www.foxnews.com/media/residents-explain-why-fled-bay-area-homelessness-just-getting-out-hand
1204115473	20241015	202410	2024	2024.7808											USA	UNITED STATES	USA								0	042	042	04	1	1.9	2	1	2	2.72108843537415	0								3	Long Island, New York, United States	US	USNY		43.152	-76.061	955858	3	Long Island, New York, United States	US	USNY		43.152	-76.061	955858	20241015021500	https://www.newsday.com/long-island/suffolk/indigenous-peoples-day-shinnecock-southampton-tnv0tdaf
1204115474	20241015	202410	2024	2024.7808											USA	CALIFORNIA	USA								1	042	042	04	1	1.9	2	1	2	-0.72332730560578	0								2	California, United States	US	USCA		36.17	-119.746	CA	3	Placerville, California, United States	US	USCA	CA017	38.7296	-120.799	277577	20241015021500	https://www.foxnews.com/media/residents-explain-why-fled-bay-area-homelessness-just-getting-out-hand
1204115475	20241015	202410	2024	2024.7808											USA	UNITED STATES	USA								1	043	043	04	1	2.8	2	1	2	2.18978102189781	0								3	Williston Basin, North Dakota, United States	US	USND		47.2503	-101.751	1260947	3	Williston Basin, North Dakota, United States	US	USND		47.2503	-101.751	1260947	20241015021500	https://www.inforum.com/news/north-dakota/ndsu-program-offers-students-a-direct-path-into-north-dakotas-energy-sector
1204115476	20241015	202410	2024	2024.7808											USA	UNITED STATES	USA								0	043	043	04	1	2.8	4	1	4	-2.3696682464455	0								3	Uniontown, Washington, United States	US	USWA	WA075	46.5393	-117.088	1509182	3	Uniontown, Washington, United States	US	USWA	WA075	46.5393	-117.088	1509182	20241015021500	https://www.heraldstandard.com/editors_pick/2024/oct/15/county-commissioners-to-hold-public-hearing-on-potential-solar-farm-ordinance/
1204115477	20241015	202410	2024	2024.7808											USA	UNITED STATES	USA								1	043	043	04	1	2.8	4	1	4	1.40449438202247	0								3	Tuolumne County, California, United States	US	USCA		38.0666	-119.901	277319	3	Fresno, California, United States	US	USCA	CA019	36.7477	-119.772	277606	20241015021500	https://www.uniondemocrat.com/news/article_0090d7f0-8a76-11ef-a060-cfc25b89c253.html
1204115478	20241015	202410	2024	2024.7808											USA	FRESNO	USA								1	043	043	04	1	2.8	1	1	1	1.40449438202247	0								3	Fresno, California, United States	US	USCA	CA019	36.7477	-119.772	277606	3	Fresno, California, United States	US	USCA	CA019	36.7477	-119.772	277606	20241015021500	https://www.uniondemocrat.com/news/article_0090d7f0-8a76-11ef-a060-cfc25b89c253.html
1204115479	20241015	202410	2024	2024.7808											USA	UNITED STATES	USA								0	043	043	04	1	2.8	4	1	4	2.72108843537415	0								3	Agawam Park, New York, United States	US	USNY		40.8823	-72.3923	942202	3	Agawam Park, New York, United States	US	USNY		40.8823	-72.3923	942202	20241015021500	https://www.newsday.com/long-island/suffolk/indigenous-peoples-day-shinnecock-southampton-tnv0tdaf
1204115480	20241015	202410	2024	2024.7808											USA	WISCONSIN	USA								0	043	043	04	1	2.8	2	1	2	-1.18764845605701	0								2	Iowa, United States	US	USIA		42.0046	-93.214	IA	2	Iowa, United States	US	USIA		42.0046	-93.214	IA	20241015021500	https://www.wowt.com/2024/10/14/election-2024-giant-inflatable-iud-reappears-put-candidates-alert-about-womens-issues/
1204115481	20241015	202410	2024	2024.7808											USA	UNITED STATES	USA								0	046	046	04	1	7.0	4	1	4	-4.15360501567398	0								3	Bexar County, Texas, United States	US	USTX		29.4502	-98.517	1383800	3	Bexar County, Texas, United States	US	USTX		29.4502	-98.517	1383800	20241015021500	http://www.expressnews.com/news/article/suzanne-simpson-missing-san-antonio-mother-19836401.php
1204115482	20241015	202410	2024	2024.7808											USA	ARKANSAS	USA								0	046	046	04	1	7.0	3	1	3	2.99823633156967	0								2	Arkansas, United States	US	USAR		34.9513	-92.3809	AR	2	Arkansas, United States	US	USAR		34.9513	-92.3809	AR	20241015021500	https://www.arkansasonline.com/news/2024/oct/14/little-rock-water-bonds-linda-chesterfield-blake-tierney-ryan-callison/
1204115483	20241015	202410	2024	2024.7808											USA	UNITED STATES	USA								0	051	051	05	1	3.4	2	1	2	-2.2354694485842	0								2	Missouri, United States	US	USMO		38.4623	-92.302	MO	2	Missouri, United States	US	USMO		38.4623	-92.302	MO	20241015021500	https://thenewamerican.com/us/politics/missouri-to-consider-legalizing-abortion-with-amendment-3/
1204115484	20241015	202410	2024	2024.7808											USA	UNITED STATES	USA								1	051	051	05	1	3.4	1	1	1	3.63636363636364	0								2	Nebraska, United States	US	USNE		41.1289	-98.2883	NE	2	Nebraska, United States	US	USNE		41.1289	-98.2883	NE	20241015021500	https://www.wowt.com/2024/10/14/heartland-family-service-holding-open-house-new-peer-center-mental-health-looking-feedback/
1204115485	20241015	202410	2024	2024.7808											USA	UNITED STATES	USA								1	051	051	05	1	3.4	1	1	1	3.76237623762376	0								1	Sweden	SW	SW		62	15	SW	2	New York, United States	US	USNY		42.1497	-74.9384	NY	20241015021500	https://www.livesaildie.com/puig-womens-americas-cup-heralds-a-new-dawn-as-female-sailors-take-centre-stage/
1204115486	20241015	202410	2024	2024.7808											USA	ARKANSAS	USA								1	071	071	07	2	7.4	3	1	3	2.56410256410257	0								2	Arkansas, United States	US	USAR		34.9513	-92.3809	AR	2	Arkansas, United States	US	USAR		34.9513	-92.3809	AR	20241015021500	https://www.arkansasonline.com/news/2024/oct/14/metroplan-awards-17-million-to-central-arkansas/
1204115487	20241015	202410	2024	2024.7808											USA	CALIF	USA								1	112	112	11	3	-2.0	5	1	5	-15.8415841584158	0								0								0								20241015021500	https://www.yahoo.com/news/man-pleads-not-guilty-murder-234557530.html
1204115488	20241015	202410	2024	2024.7808											USA	UNITED STATES	USA								1	112	112	11	3	-2.0	8	1	4	-4.11522633744856	0								3	San Francisco, California, United States	US	USCA		37.7749	-122.419	277593	3	San Francisco, California, United States	US	USCA		37.7749	-122.419	277593	20241015021500	https://www.yahoo.com/news/kamala-harris-accused-plagiarizing-2009-235415528.html
1204115489	20241015	202410	2024	2024.7808											USA	UNITED STATES	USA								1	112	112	11	3	-2.0	2	1	2	-21.1538461538462	0								3	Pulaski County, Arkansas, United States	US	USAR		34.7668	-92.3001	69177	3	Pulaski County, Arkansas, United States	US	USAR		34.7668	-92.3001	69177	20241015021500	https://www.arkansasonline.com/news/2024/oct/14/trial-of-little-rock-man-facing-federal-charges/
1204115490	20241015	202410	2024	2024.7808											USA	UNITED STATES	USA								1	173	173	17	4	-5.0	4	1	4	-11.9565217391304	0								3	Council Bluffs, Iowa, United States	US	USIA		41.2619	-95.8608	455672	3	Council Bluffs, Iowa, United States	US	USIA		41.2619	-95.8608	455672	20241015021500	https://www.wowt.com/2024/10/14/council-bluffs-man-arrested-connection-murder-fremont-county/
1204115491	20241015	202410	2024	2024.7808											USA	UNITED STATES	USA								1	173	173	17	4	-5.0	2	1	2	-11.9565217391304	0								3	Fremont County, Iowa, United States	US	USIA		40.7506	-95.6003	465224	3	Fremont County, Iowa, United States	US	USIA		40.7506	-95.6003	465224	20241015021500	https://www.wowt.com/2024/10/14/council-bluffs-man-arrested-connection-murder-fremont-county/
1204115492	20241015	202410	2024	2024.7808											USA	UNITED STATES	USA								1	173	173	17	4	-5.0	2	1	2	-11.9565217391304	0								3	Pottawattamie County, Iowa, United States	US	USIA		41.3333	-95.5336	465266	3	Fremont County, Iowa, United States	US	USIA		40.7506	-95.6003	465224	20241015021500	https://www.wowt.com/2024/10/14/council-bluffs-man-arrested-connection-murder-fremont-county/
1204115493	20241015	202410	2024	2024.7808											USA	PORTLAND	USA								1	173	173	17	4	-5.0	2	1	2	-14.1078838174274	0								2	Florida, United States	US	USFL		27.8333	-81.717	FL	2	Oregon, United States	US	USOR		44.5672	-122.127	OR	20241015021500	https://www.kgw.com/article/news/crime/florida-woman-computer-hack-portland-million-theft-sentenced/283-cfad25a0-7dd2-4fb2-8734-39777016c01a
1204115494	20241015	202410	2024	2024.7808											USA	PORTLAND	USA								1	173	173	17	4	-5.0	4	1	4	-14.1078838174274	0								2	Oregon, United States	US	USOR		44.5672	-122.127	OR	2	Florida, United States	US	USFL		27.8333	-81.717	FL	20241015021500	https://www.kgw.com/article/news/crime/florida-woman-computer-hack-portland-million-theft-sentenced/283-cfad25a0-7dd2-4fb2-8734-39777016c01a
1204115495	20241015	202410	2024	2024.7808											USA	PORTLAND	USA								1	173	173	17	4	-5.0	4	1	4	-14.1078838174274	0								2	Oregon, United States	US	USOR		44.5672	-122.127	OR	2	Oregon, United States	US	USOR		44.5672	-122.127	OR	20241015021500	https://www.kgw.com/article/news/crime/florida-woman-computer-hack-portland-million-theft-sentenced/283-cfad25a0-7dd2-4fb2-8734-39777016c01a
1204115496	20241015	202410	2024	2024.7808											USA	SAN ANTONIO	USA								1	182	182	18	4	-9.5	6	1	6	-4.15360501567398	0								3	Olmos Park, Texas, United States	US	USTX		29.4788	-98.4875	1343270	3	Olmos Park, Texas, United States	US	USTX		29.4788	-98.4875	1343270	20241015021500	http://www.expressnews.com/news/article/suzanne-simpson-missing-san-antonio-mother-19836401.php
1204115497	20241015	202410	2024	2024.7808											USA	SAN ANTONIO	USA								1	182	182	18	4	-9.5	2	1	2	-4.15360501567398	0								3	San Antonio, Texas, United States	US	USTX		29.4241	-98.4936	1380951	3	San Antonio, Texas, United States	US	USTX		29.4241	-98.4936	1380951	20241015021500	http://www.expressnews.com/news/article/suzanne-simpson-missing-san-antonio-mother-19836401.php
1204115498	20241015	202410	2024	2024.7808											USA	SAN ANTONIO	USA								1	182	182	18	4	-9.5	2	1	2	-4.15360501567398	0								3	Bexar County, Texas, United States	US	USTX		29.4502	-98.517	1383800	3	Bexar County, Texas, United States	US	USTX		29.4502	-98.517	1383800	20241015021500	http://www.expressnews.com/news/article/suzanne-simpson-missing-san-antonio-mother-19836401.php
1204115499	20241015	202410	2024	2024.7808											USA	UNITED STATES	USA								0	190	190	19	4	-10.0	4	1	4	-4.15360501567398	0								3	Bexar County, Texas, United States	US	USTX		29.4502	-98.517	1383800	3	Bexar County, Texas, United States	US	USTX		29.4502	-98.517	1383800	20241015021500	http://www.expressnews.com/news/article/suzanne-simpson-missing-san-antonio-mother-19836401.php
1204115500	20241015	202410	2024	2024.7808											USA	INDIANAPOLIS	USA								1	190	190	19	4	-10.0	10	1	10	-7.08446866485014	0								3	Indianapolis, Indiana, United States	US	USIN	IN097	39.7684	-86.158	452890	3	Indianapolis, Indiana, United States	US	USIN	IN097	39.7684	-86.158	452890	20241015021500	https://www.wthr.com/article/news/crime/impd-looks-to-crack-down-downtown-crime-after-weekend-incidents-shooting-gun-violence/531-8247b16a-5462-4c31-8272-7f63ab3cba62
1204115501	20241015	202410	2024	2024.7808											USA	UNITED STATES	USA								1	190	190	19	4	-10.0	4	1	4	-11.9565217391304	0								3	Fremont County, Iowa, United States	US	USIA		40.7506	-95.6003	465224	3	Fremont County, Iowa, United States	US	USIA		40.7506	-95.6003	465224	20241015021500	https://www.wowt.com/2024/10/14/council-bluffs-man-arrested-connection-murder-fremont-county/
1204115502	20241015	202410	2024	2024.7808											USACOP	UNITED STATES	USA					COP			1	042	042	04	1	1.9	6	1	6	-7.12871287128713	0								3	Long Beach, California, United States	US	USCA		33.767	-118.189	1652747	3	Long Beach, California, United States	US	USCA		33.767	-118.189	1652747	20241015021500	https://kvia.com/news/us-world/cnn-national/cnn-regional/2024/10/14/5-shootings-happened-in-l-a-county-over-the-weekend/
1204115503	20241015	202410	2024	2024.7808											idgCVL	INDIGENOUS			idg			CVL			1	020	020	02	1	3.0	5	1	5	0	0								0								0								20241015021500	https://achpr.au.int/index.php/en/news/announcements/2024-10-14/study-mapping-indigenous-populations-and-communities-africa
1204115504	20241015	202410	2024	2024.7808											nag	NAGA			nag						0	043	043	04	1	2.8	2	1	2	-1.01010101010101	0								4	Delhi, Delhi, India	IN	IN07	17911	28.6667	77.2167	-2094230	4	Delhi, Delhi, India	IN	IN07	17911	28.6667	77.2167	-2094230	20241015021500	https://timesofindia.indiatimes.com/city/guwahati/peace-talks-among-meitei-kuki-naga-mlas-in-delhi-amidst-manipur-ethnic-crisis/articleshow/114230679.cms
1204115505	20241015	202410	2024	2024.7808											nag	NAGA			nag						0	043	043	04	1	2.8	6	1	6	-1.01010101010101	0								4	Manipur, Uttar Pradesh, India	IN	IN36	70268	27.0529	79.3583	10452605	4	Manipur, Uttar Pradesh, India	IN	IN36	70268	27.0529	79.3583	10452605	20241015021500	https://timesofindia.indiatimes.com/city/guwahati/peace-talks-among-meitei-kuki-naga-mlas-in-delhi-amidst-manipur-ethnic-crisis/articleshow/114230679.cms
1204115506	20241015	202410	2024	2024.7808											nag	NAGA			nag						1	051	051	05	1	3.4	10	1	10	1.12359550561797	0								0								0								20241015021500	https://morungexpress.com/npf-and-ljp-ramvilas-dismiss-rumors-of-withdrawal-from-pda-government
1204115507	20241015	202410	2024	2024.7808	AFR	AFRICA	AFR																		0	0874	087	08	2	10.0	4	1	4	3.08457711442786	4	Sung Kong, Hong Kong (general), Hong Kong	HK	HK00	13031	22.1833	114.283	-1354128	0								4	Sung Kong, Hong Kong (general), Hong Kong	HK	HK00	13031	22.1833	114.283	-1354128	20241015021500	https://www.livesaildie.com/volvo-china-coast-regatta-2024-wrap-up/
1204115508	20241015	202410	2024	2024.7808	AFR	AFRICA	AFR																		0	0874	087	08	2	10.0	1	1	1	3.08457711442786	1	China	CH	CH		35	105	CH	0								1	China	CH	CH		35	105	CH	20241015021500	https://www.livesaildie.com/volvo-china-coast-regatta-2024-wrap-up/
1204115509	20241015	202410	2024	2024.7808	AFR	AFRICA	AFR																		1	0874	087	08	2	10.0	10	1	10	-0.173611111111111	1	United States	US	US		39.828175	-98.5795	US	0								1	United States	US	US		39.828175	-98.5795	US	20241015021500	https://www.uniondemocrat.com/news/article_1dcebc1a-8a8a-11ef-afbc-f3de9128cb89.html
1204115510	20241015	202410	2024	2024.7808	AFR	AFRICA	AFR								OMN	MUSCAT	OMN								1	010	010	01	1	0.0	6	1	6	7.10227272727273	1	Oman	MU	MU		21	57	MU	1	Oman	MU	MU		21	57	MU	1	Oman	MU	MU		21	57	MU	20241015021500	https://www.hotelnewsresource.com/article133628.html
1204115511	20241015	202410	2024	2024.7808	AFR	AFRICA	AFR								OMN	MUSCAT	OMN								1	043	043	04	1	2.8	14	2	14	8.04745698463972	1	Oman	MU	MU		21	57	MU	1	Oman	MU	MU		21	57	MU	1	Oman	MU	MU		21	57	MU	20241015021500	https://www.hotelnewsresource.com/article133628.html
1204115512	20241015	202410	2024	2024.7808	AGR	FARMER						AGR													1	020	020	02	1	3.0	2	1	2	3.8152610441767	4	Bauchi, Bauchi, Nigeria	NI	NI46	22661	10.3134	9.84327	-2002330	0								4	Bauchi, Bauchi, Nigeria	NI	NI46	22661	10.3134	9.84327	-2002330	20241015021500	https://punchng.com/bauchi-rice-farmers-urged-to-adopt-dry-season-techniques/
1204115513	20241015	202410	2024	2024.7808	AGR	FARMER						AGR													1	080	080	08	2	5.0	10	1	10	3.8152610441767	4	Bauchi, Bauchi, Nigeria	NI	NI46	22661	10.3134	9.84327	-2002330	0								4	Bauchi, Bauchi, Nigeria	NI	NI46	22661	10.3134	9.84327	-2002330	20241015021500	https://punchng.com/bauchi-rice-farmers-urged-to-adopt-dry-season-techniques/
1204115514	20241015	202410	2024	2024.7808	AGR	FARMER						AGR													1	114	114	11	3	-2.0	10	1	10	3.8152610441767	4	Bauchi, Bauchi, Nigeria	NI	NI46	22661	10.3134	9.84327	-2002330	0								4	Bauchi, Bauchi, Nigeria	NI	NI46	22661	10.3134	9.84327	-2002330	20241015021500	https://punchng.com/bauchi-rice-farmers-urged-to-adopt-dry-season-techniques/
1204115515	20241015	202410	2024	2024.7808	AGR	FISHER						AGR			COL	COLOMBIAN	COL								1	014	014	01	1	0.0	1	1	1	-3.06666666666667	4	Malpelo, Esmeraldas, Ecuador	EC	EC09	18585	0.8	-80	-930560	4	Malpelo, Esmeraldas, Ecuador	EC	EC09	18585	0.8	-80	-930560	4	Malpelo, Esmeraldas, Ecuador	EC	EC09	18585	0.8	-80	-930560	20241015021500	https://www.ibtimes.com/colombian-pacific-fighting-save-sharks-3746676
1204115516	20241015	202410	2024	2024.7808	AUS	VICTORIA	AUS																		0	010	010	01	1	0.0	2	1	2	2.99823633156967	2	Arkansas, United States	US	USAR		34.9513	-92.3809	AR	0								3	Little Rock, Arkansas, United States	US	USAR		34.7465	-92.2896	83350	20241015021500	https://www.arkansasonline.com/news/2024/oct/14/little-rock-water-bonds-linda-chesterfield-blake-tierney-ryan-callison/
1204115517	20241015	202410	2024	2024.7808	AUS	VICTORIA	AUS																		0	010	010	01	1	0.0	3	1	3	2.99823633156967	2	Arkansas, United States	US	USAR		34.9513	-92.3809	AR	0								2	Arkansas, United States	US	USAR		34.9513	-92.3809	AR	20241015021500	https://www.arkansasonline.com/news/2024/oct/14/little-rock-water-bonds-linda-chesterfield-blake-tierney-ryan-callison/
1204115518	20241015	202410	2024	2024.7808	AUS	AUSTRALIAN	AUS																		1	023	023	02	1	3.4	6	1	6	0.80482897384306	4	Perth, Western Australia, Australia	AS	AS08	5533	-31.9333	115.833	-1594675	0								4	Perth, Western Australia, Australia	AS	AS08	5533	-31.9333	115.833	-1594675	20241015021500	https://www.thenewdaily.com.au/news/people/2024/10/15/anthony-albanese-copacobana-nsw
1204115519	20241015	202410	2024	2024.7808	AUS	AUSTRALIAN	AUS																		1	023	023	02	1	3.4	2	1	2	0.80482897384306	4	Sydney, New South Wales, Australia	AS	AS02	154637	-33.8833	151.217	-1603135	0								4	Sydney, New South Wales, Australia	AS	AS02	154637	-33.8833	151.217	-1603135	20241015021500	https://www.thenewdaily.com.au/news/people/2024/10/15/anthony-albanese-copacobana-nsw
1204115520	20241015	202410	2024	2024.7808	AUS	AUSTRALIA	AUS																		0	042	042	04	1	1.9	16	1	16	-5.94405594405594	4	Melbourne, Victoria, Australia	AS	AS07	5430	-37.8167	144.967	-1586844	0								4	Melbourne, Victoria, Australia	AS	AS07	5430	-37.8167	144.967	-1586844	20241015021500	https://www.bordermail.com.au/story/8792369/guilty-plea-is-expected-from-young-woman-in-howlong-burns-case/?cs=9681
1204115521	20241015	202410	2024	2024.7808	AUS	AUSTRALIA	AUS																		1	111	111	11	3	-2.0	2	1	2	0.80482897384306	4	Perth, Western Australia, Australia	AS	AS08	5533	-31.9333	115.833	-1594675	0								4	Perth, Western Australia, Australia	AS	AS08	5533	-31.9333	115.833	-1594675	20241015021500	https://www.thenewdaily.com.au/news/people/2024/10/15/anthony-albanese-copacobana-nsw
1204115522	20241015	202410	2024	2024.7808	AUS	AUSTRALIA	AUS																		1	111	111	11	3	-2.0	2	1	2	0.80482897384306	4	Central Coast, New South Wales, Australia	AS	AS02	5004	-33.4298	151.371	11430413	0								4	Central Coast, New South Wales, Australia	AS	AS02	5004	-33.4298	151.371	11430413	20241015021500	https://www.thenewdaily.com.au/news/people/2024/10/15/anthony-albanese-copacobana-nsw
1204115523	20241015	202410	2024	2024.7808	AUS	AUSTRALIA	AUS								CVL	CITIZEN						CVL			0	0256	025	02	1	-0.3	1	1	1	-2.81293952180028	4	Jerusalem, Israel (general), Israel	IS	IS00	18315	31.7667	35.2333	-797092	4	Hezbollah, Kerman, Iran	IR	IR29	40994	29.8628	56.8848	10496676	4	Hezbollah, Kerman, Iran	IR	IR29	40994	29.8628	56.8848	10496676	20241015021500	https://www.jpost.com/israel-news/2024-10-15/live-updates-824615
1204115524	20241015	202410	2024	2024.7808	AUS	AUSTRALIA	AUS								CVL	CITIZEN						CVL			0	0256	025	02	1	-0.3	4	1	4	-2.81293952180028	1	Australia	AS	AS		-25	135	AS	1	Australia	AS	AS		-25	135	AS	1	Australia	AS	AS		-25	135	AS	20241015021500	https://www.jpost.com/israel-news/2024-10-15/live-updates-824615
1204115525	20241015	202410	2024	2024.7808	AUS	AUSTRALIA	AUS								GOV	PRESIDENT						GOV			0	042	042	04	1	1.9	5	3	5	-0.132740124433762	4	Balnarring, Victoria, Australia	AS	AS07	5405	-38.3667	145.133	-1557197	4	Balnarring, Victoria, Australia	AS	AS07	5405	-38.3667	145.133	-1557197	4	Balnarring, Victoria, Australia	AS	AS07	5405	-38.3667	145.133	-1557197	20241015021500	https://www.standard.net.au/story/8792390/wonderful-move-foreign-gps-fast-tracked-to-plug-gap/
1204115526	20241015	202410	2024	2024.7808	AUS	AUSTRALIA	AUS								GOV	PRESIDENT						GOV			0	080	080	08	2	5.0	5	3	5	-0.132740124433762	4	Balnarring, Victoria, Australia	AS	AS07	5405	-38.3667	145.133	-1557197	4	Balnarring, Victoria, Australia	AS	AS07	5405	-38.3667	145.133	-1557197	4	Balnarring, Victoria, Australia	AS	AS07	5405	-38.3667	145.133	-1557197	20241015021500	https://www.standard.net.au/story/8792390/wonderful-move-foreign-gps-fast-tracked-to-plug-gap/
1204115527	20241015	202410	2024	2024.7808	AUS	MELBOURNE	AUS								GOV	REGULATOR						GOV			1	128	128	12	3	-5.0	8	1	8	-5.3412462908012	4	Melbourne, Victoria, Australia	AS	AS07	5430	-37.8167	144.967	-1586844	4	Melbourne, Victoria, Australia	AS	AS07	5430	-37.8167	144.967	-1586844	4	Melbourne, Victoria, Australia	AS	AS07	5430	-37.8167	144.967	-1586844	20241015021500	https://www.rnz.co.nz/news/world/530822/melbourne-casino-fined-for-self-exclusion-breaches-by-gambling-regulator
1204115528	20241015	202410	2024	2024.7808	AUS	MELBOURNE	AUS								GOV	REGULATOR						GOV			1	172	172	17	4	-5.0	8	1	8	-5.3412462908012	4	Melbourne, Victoria, Australia	AS	AS07	5430	-37.8167	144.967	-1586844	4	Melbourne, Victoria, Australia	AS	AS07	5430	-37.8167	144.967	-1586844	4	Melbourne, Victoria, Australia	AS	AS07	5430	-37.8167	144.967	-1586844	20241015021500	https://www.rnz.co.nz/news/world/530822/melbourne-casino-fined-for-self-exclusion-breaches-by-gambling-regulator
1204115529	20241015	202410	2024	2024.7808	AUS	AUSTRALIAN	AUS								GRC	GREEK	GRC								1	051	051	05	1	3.4	2	1	2	4.93421052631579	4	Oakleigh, Victoria, Australia	AS	AS07	5401	-37.9	145.1	-1592664	4	Oakleigh, Victoria, Australia	AS	AS07	5401	-37.9	145.1	-1592664	4	Oakleigh, Victoria, Australia	AS	AS07	5401	-37.9	145.1	-1592664	20241015021500	https://neoskosmos.com/en/2024/10/15/news/community/pronia-stresses-importance-of-caring-for-our-carers/
1204115530	20241015	202410	2024	2024.7808	AUS	AUSTRALIA	AUS								MMR	MYANMAR	MMR								1	0311	031	03	1	5.2	10	1	10	-4.51388888888889	1	Australia	AS	AS		-25	135	AS	1	Australia	AS	AS		-25	135	AS	1	Australia	AS	AS		-25	135	AS	20241015021500	https://reliefweb.int/report/myanmar/humanitarian-assistance-myanmar-14-october-2024
1204115531	20241015	202410	2024	2024.7808	AUS	AUSTRALIA	AUS								MMR	MYANMAR	MMR								0	051	051	05	1	3.4	10	1	10	-4.51388888888889	1	Australia	AS	AS		-25	135	AS	1	Australia	AS	AS		-25	135	AS	1	Australia	AS	AS		-25	135	AS	20241015021500	https://reliefweb.int/report/myanmar/humanitarian-assistance-myanmar-14-october-2024
1204115532	20241015	202410	2024	2024.7808	AUSCVL	AUSTRALIAN	AUS					CVL			AUS	VICTORIA	AUS								1	051	051	05	1	3.4	8	1	8	4.93421052631579	4	Oakleigh, Victoria, Australia	AS	AS07	5401	-37.9	145.1	-1592664	4	Oakleigh, Victoria, Australia	AS	AS07	5401	-37.9	145.1	-1592664	4	Oakleigh, Victoria, Australia	AS	AS07	5401	-37.9	145.1	-1592664	20241015021500	https://neoskosmos.com/en/2024/10/15/news/community/pronia-stresses-importance-of-caring-for-our-carers/
1204115533	20241015	202410	2024	2024.7808	AUSCVL	AUSTRALIAN	AUS					CVL			GRC	GREEK	GRC								1	051	051	05	1	3.4	6	1	6	4.93421052631579	4	Oakleigh, Victoria, Australia	AS	AS07	5401	-37.9	145.1	-1592664	4	Oakleigh, Victoria, Australia	AS	AS07	5401	-37.9	145.1	-1592664	4	Oakleigh, Victoria, Australia	AS	AS07	5401	-37.9	145.1	-1592664	20241015021500	https://neoskosmos.com/en/2024/10/15/news/community/pronia-stresses-importance-of-caring-for-our-carers/
1204115534	20241015	202410	2024	2024.7808	AUSGOV	AUSTRALIA	AUS					GOV													0	043	043	04	1	2.8	5	3	5	-0.132740124433762	4	Balnarring, Victoria, Australia	AS	AS07	5405	-38.3667	145.133	-1557197	0								4	Balnarring, Victoria, Australia	AS	AS07	5405	-38.3667	145.133	-1557197	20241015021500	https://www.standard.net.au/story/8792390/wonderful-move-foreign-gps-fast-tracked-to-plug-gap/
1204115535	20241015	202410	2024	2024.7808	AUSGOV	AUSTRALIA	AUS					GOV			HLH	DOCTOR						HLH			0	012	012	01	1	-0.4	20	3	10	-0.132740124433762	4	Balnarring, Victoria, Australia	AS	AS07	5405	-38.3667	145.133	-1557197	4	Balnarring, Victoria, Australia	AS	AS07	5405	-38.3667	145.133	-1557197	4	Balnarring, Victoria, Australia	AS	AS07	5405	-38.3667	145.133	-1557197	20241015021500	https://www.standard.net.au/story/8792390/wonderful-move-foreign-gps-fast-tracked-to-plug-gap/
1204115536	20241015	202410	2024	2024.7808	BEN	BENIN	BEN																		1	010	010	01	1	0.0	4	1	4	-2.83822138126774	4	Abuja, Abuja Federal Capital Territory, Nigeria	NI	NI11	191147	9.08333	7.53333	-1997013	0								4	Abuja, Abuja Federal Capital Territory, Nigeria	NI	NI11	191147	9.08333	7.53333	-1997013	20241015021500	https://punchng.com/apc-mocks-pdp-as-ighodalo-files-petition-at-edo-tribunal/
1204115537	20241015	202410	2024	2024.7808	BEN	BENIN	BEN																		0	010	010	01	1	0.0	1	1	1	-2.83822138126774	1	Benin	BN	BN		9.5	2.25	BN	0								1	Benin	BN	BN		9.5	2.25	BN	20241015021500	https://punchng.com/apc-mocks-pdp-as-ighodalo-files-petition-at-edo-tribunal/
1204115538	20241015	202410	2024	2024.7808	BGD	BANGLADESH	BGD								MMR	MYANMAR	MMR								1	040	040	04	1	1.0	2	1	2	-4.51388888888889	1	Bangladesh	BG	BG		24	90	BG	1	Australia	AS	AS		-25	135	AS	1	Australia	AS	AS		-25	135	AS	20241015021500	https://reliefweb.int/report/myanmar/humanitarian-assistance-myanmar-14-october-2024
1204115539	20241015	202410	2024	2024.7808	BGD	BANGLADESH	BGD								MMR	MYANMAR	MMR								1	040	040	04	1	1.0	8	1	8	-4.51388888888889	1	Bangladesh	BG	BG		24	90	BG	1	Bangladesh	BG	BG		24	90	BG	1	Australia	AS	AS		-25	135	AS	20241015021500	https://reliefweb.int/report/myanmar/humanitarian-assistance-myanmar-14-october-2024
1204115540	20241015	202410	2024	2024.7808	BHS	BAHAMA	BHS								EUR	EUROPEAN	EUR								1	192	192	19	4	-9.5	10	1	10	-1.10024449877751	2	Florida, United States	US	USFL		27.8333	-81.717	FL	2	Florida, United States	US	USFL		27.8333	-81.717	FL	2	Florida, United States	US	USFL		27.8333	-81.717	FL	20241015021500	https://www.wesh.com/article/fall-front-arriving-this-week/62601599
1204115541	20241015	202410	2024	2024.7808	BRA	BRAZIL	BRA																		0	172	172	17	4	-5.0	4	1	4	-2.2022022022022	4	Sao Paulo, SãPaulo, Brazil	BR	BR27	11543	-23.5333	-46.6167	-671824	0								4	Sao Paulo, SãPaulo, Brazil	BR	BR27	11543	-23.5333	-46.6167	-671824	20241015021500	https://1370wfea.com/news/030030-musks-x-to-be-reinstated-in-brazil-after-complying-with-supreme-court-demands/
1204115542	20241015	202410	2024	2024.7808	BRA	BRAZIL	BRA																		0	172	172	17	4	-5.0	1	1	1	-2.2022022022022	3	San Francisco, California, United States	US	USCA	CA075	37.7749	-122.419	277593	0								4	Sao Paulo, SãPaulo, Brazil	BR	BR27	11543	-23.5333	-46.6167	-671824	20241015021500	https://1370wfea.com/news/030030-musks-x-to-be-reinstated-in-brazil-after-complying-with-supreme-court-demands/
1204115543	20241015	202410	2024	2024.7808	BRA	BRAZIL	BRA								BUS	COMPANY						BUS			0	010	010	01	1	0.0	4	1	4	-2.2022022022022	4	Sao Paulo, SãPaulo, Brazil	BR	BR27	11543	-23.5333	-46.6167	-671824	4	Sao Paulo, SãPaulo, Brazil	BR	BR27	11543	-23.5333	-46.6167	-671824	4	Sao Paulo, SãPaulo, Brazil	BR	BR27	11543	-23.5333	-46.6167	-671824	20241015021500	https://1370wfea.com/news/030030-musks-x-to-be-reinstated-in-brazil-after-complying-with-supreme-court-demands/
1204115544	20241015	202410	2024	2024.7808	BRA	SAO PAULO	BRA								BUS	COMPANY						BUS			0	013	013	01	1	0.4	6	1	6	-2.2022022022022	4	Sao Paulo, SãPaulo, Brazil	BR	BR27	11543	-23.5333	-46.6167	-671824	4	Sao Paulo, SãPaulo, Brazil	BR	BR27	11543	-23.5333	-46.6167	-671824	4	Sao Paulo, SãPaulo, Brazil	BR	BR27	11543	-23.5333	-46.6167	-671824	20241015021500	https://1370wfea.com/news/030030-musks-x-to-be-reinstated-in-brazil-after-complying-with-supreme-court-demands/
1204115545	20241015	202410	2024	2024.7808	BRA	BRAZIL	BRA								BUS	COMPANY						BUS			1	043	043	04	1	2.8	10	1	10	-2.2022022022022	4	Sao Paulo, SãPaulo, Brazil	BR	BR27	11543	-23.5333	-46.6167	-671824	4	Sao Paulo, SãPaulo, Brazil	BR	BR27	11543	-23.5333	-46.6167	-671824	4	Sao Paulo, SãPaulo, Brazil	BR	BR27	11543	-23.5333	-46.6167	-671824	20241015021500	https://1370wfea.com/news/030030-musks-x-to-be-reinstated-in-brazil-after-complying-with-supreme-court-demands/
1204115546	20241015	202410	2024	2024.7808	BRA	BRAZIL	BRA								GOV	AUTHORITIES						GOV			0	040	040	04	1	1.0	10	1	10	-2.2022022022022	4	Sao Paulo, SãPaulo, Brazil	BR	BR27	11543	-23.5333	-46.6167	-671824	4	Sao Paulo, SãPaulo, Brazil	BR	BR27	11543	-23.5333	-46.6167	-671824	4	Sao Paulo, SãPaulo, Brazil	BR	BR27	11543	-23.5333	-46.6167	-671824	20241015021500	https://1370wfea.com/news/030030-musks-x-to-be-reinstated-in-brazil-after-complying-with-supreme-court-demands/
1204115547	20241015	202410	2024	2024.7808	BUS	COMPANY						BUS													1	012	012	01	1	-0.4	2	1	2	-5.37634408602151	1	Taiwan	TW	TW		24	121	TW	0								3	Baton Rouge, Louisiana, United States	US	USLA		30.4507	-91.1545	1629914	20241015021500	https://www.yahoo.com/news/genealogical-report-slaves-buried-cancer-004305641.html
1204115548	20241015	202410	2024	2024.7808	BUS	COMPANY						BUS													1	012	012	01	1	-0.4	8	1	8	-5.37634408602151	1	Taiwan	TW	TW		24	121	TW	0								1	Taiwan	TW	TW		24	121	TW	20241015021500	https://www.yahoo.com/news/genealogical-report-slaves-buried-cancer-004305641.html
1204115549	20241015	202410	2024	2024.7808	BUS	CORPORATION						BUS													1	020	020	02	1	3.0	10	1	10	-3.50467289719626	4	Rajkot, Gujarat, India	IN	IN09	17647	22.3	70.7833	-2108747	0								4	Rajkot, Gujarat, India	IN	IN09	17647	22.3	70.7833	-2108747	20241015021500	https://timesofindia.indiatimes.com/city/guwahati/guwahati-municipal-corporation-boosts-waterlogging-solutions-with-20-new-pumps/articleshow/114230630.cms
1204115550	20241015	202410	2024	2024.7808	BUS	COMPANY						BUS													0	036	036	03	1	4.0	6	1	6	1.56494522691705	1	United Kingdom	UK	UK		54	-4	UK	0								1	United Kingdom	UK	UK		54	-4	UK	20241015021500	https://www.evwind.es/2024/10/15/galan-confirms-iberdrolas-commitment-to-the-uk-at-the-international-investment-summit-with-starmer/101769
1204115551	20241015	202410	2024	2024.7808	BUS	ENTREPRENEUR						BUS													0	040	040	04	1	1.0	10	1	10	0.30581039755352	1	Taiwan	TW	TW		24	121	TW	0								1	Taiwan	TW	TW		24	121	TW	20241015021500	https://exclaim.ca/comedy/article/simu-liu-calls-out-quebec-boba-tea-company-for-cultural-appropriation-on-dragon-s-den
1204115552	20241015	202410	2024	2024.7808	BUS	COMPANY						BUS													1	042	042	04	1	1.9	10	1	10	-3.44142951687624	4	Wuppertal, Nordrhein-Westfalen, Germany	GM	GM07	16551	51.2667	7.18333	-1891347	0								4	Wuppertal, Nordrhein-Westfalen, Germany	GM	GM07	16551	51.2667	7.18333	-1891347	20241015021500	https://financialpost.com/pmn/business-pmn/brutal-acid-attack-prompts-executive-to-hunt-down-his-assailants
1204115553	20241015	202410	2024	2024.7808	BUS	PRODUCER						BUS													1	042	042	04	1	1.9	5	1	5	2.18978102189781	2	North Dakota, United States	US	USND		47.5362	-99.793	ND	0								2	North Dakota, United States	US	USND		47.5362	-99.793	ND	20241015021500	https://www.inforum.com/news/north-dakota/ndsu-program-offers-students-a-direct-path-into-north-dakotas-energy-sector
1204115554	20241015	202410	2024	2024.7808	BUS	BUSINESS						BUS													1	046	046	04	1	7.0	10	1	10	2.78145695364239	4	Perth, Western Australia, Australia	AS	AS08	5533	-31.9333	115.833	-1594675	0								4	Perth, Western Australia, Australia	AS	AS08	5533	-31.9333	115.833	-1594675	20241015021500	https://www.juniorminingnetwork.com/junior-miner-news/press-releases/3363-tsx/wgx/168628-westgold-enhances-leadership-team.html
1204115555	20241015	202410	2024	2024.7808	BUS	CORPORATION						BUS													0	080	080	08	2	5.0	10	1	10	2.63803680981595	1	United Kingdom	UK	UK		54	-4	UK	0								1	United Kingdom	UK	UK		54	-4	UK	20241015021500	https://menafn.com/1108777799/E-Learning-Market-In-Europe-Expected-To-Expand-By-USD-794-Billion-From-2024-2028-Driven-By-AIs-Impact-On-Proficiency-Assessments-And-Certifications-Technavio
1204115556	20241015	202410	2024	2024.7808	BUS	COMPANY						BUS			BRA	BRAZIL	BRA								1	042	042	04	1	1.9	2	1	2	-2.2022022022022	1	India	IN	IN		20	77	IN	4	Sao Paulo, SãPaulo, Brazil	BR	BR27	11543	-23.5333	-46.6167	-671824	4	Sao Paulo, SãPaulo, Brazil	BR	BR27	11543	-23.5333	-46.6167	-671824	20241015021500	https://1370wfea.com/news/030030-musks-x-to-be-reinstated-in-brazil-after-complying-with-supreme-court-demands/
1204115557	20241015	202410	2024	2024.7808	BUS	COMPANY						BUS			BRA	BRAZIL	BRA								1	042	042	04	1	1.9	8	1	8	-2.2022022022022	1	India	IN	IN		20	77	IN	1	India	IN	IN		20	77	IN	1	India	IN	IN		20	77	IN	20241015021500	https://1370wfea.com/news/030030-musks-x-to-be-reinstated-in-brazil-after-complying-with-supreme-court-demands/
1204115558	20241015	202410	2024	2024.7808	BUS	AEROSPACE						BUS			BUSLAB	AEROSPACE						BUS	LAB		1	120	120	12	3	-4.0	10	1	10	-5.40123456790124	1	United States	US	US		39.828175	-98.5795	US	1	United States	US	US		39.828175	-98.5795	US	1	United States	US	US		39.828175	-98.5795	US	20241015021500	http://www.digitaljournal.com/business/strike-hit-boeing-leaves-experts-puzzled-by-strategy/article
1204115559	20241015	202410	2024	2024.7808	BUS	COMPANY						BUS			CVL	CIVILIAN						CVL			1	190	190	19	4	-10.0	5	1	5	6.73076923076923	2	Alabama, United States	US	USAL		32.799	-86.8073	AL	2	Alabama, United States	US	USAL		32.799	-86.8073	AL	2	Alabama, United States	US	USAL		32.799	-86.8073	AL	20241015021500	https://menafn.com/1108777118/Radiance-Technologies-And-Ignite-Announce-Joint-Venture
1204115560	20241015	202410	2024	2024.7808	BUS	COMPANY						BUS			GBR	UNITED KINGDOM	GBR								0	036	036	03	1	4.0	4	1	4	1.56494522691705	1	United Kingdom	UK	UK		54	-4	UK	1	United Kingdom	UK	UK		54	-4	UK	1	United Kingdom	UK	UK		54	-4	UK	20241015021500	https://www.evwind.es/2024/10/15/galan-confirms-iberdrolas-commitment-to-the-uk-at-the-international-investment-summit-with-starmer/101769
1204115561	20241015	202410	2024	2024.7808	BUS	COMPANY						BUS			GBR	BRITISH	GBR								1	040	040	04	1	1.0	6	1	4	1.56494522691705	1	United Kingdom	UK	UK		54	-4	UK	1	United Kingdom	UK	UK		54	-4	UK	1	United Kingdom	UK	UK		54	-4	UK	20241015021500	https://www.evwind.es/2024/10/15/galan-confirms-iberdrolas-commitment-to-the-uk-at-the-international-investment-summit-with-starmer/101769
1204115562	20241015	202410	2024	2024.7808	BUS	COMPANIES						BUS			GBR	UNITED KINGDOM	GBR								1	050	050	05	1	3.5	2	1	2	1.56494522691705	1	United Kingdom	UK	UK		54	-4	UK	1	United Kingdom	UK	UK		54	-4	UK	1	United Kingdom	UK	UK		54	-4	UK	20241015021500	https://www.evwind.es/2024/10/15/galan-confirms-iberdrolas-commitment-to-the-uk-at-the-international-investment-summit-with-starmer/101769
1204115563	20241015	202410	2024	2024.7808	BUS	COMPANY						BUS			GBR	UNITED KINGDOM	GBR								1	057	057	05	1	8.0	2	1	2	1.56494522691705	1	United Kingdom	UK	UK		54	-4	UK	1	United Kingdom	UK	UK		54	-4	UK	1	United Kingdom	UK	UK		54	-4	UK	20241015021500	https://www.evwind.es/2024/10/15/galan-confirms-iberdrolas-commitment-to-the-uk-at-the-international-investment-summit-with-starmer/101769
1204115564	20241015	202410	2024	2024.7808	BUS	COMPANY						BUS			GBRGOV	BRITISH	GBR					GOV			1	040	040	04	1	1.0	6	1	6	1.56494522691705	1	United Kingdom	UK	UK		54	-4	UK	1	United Kingdom	UK	UK		54	-4	UK	1	United Kingdom	UK	UK		54	-4	UK	20241015021500	https://www.evwind.es/2024/10/15/galan-confirms-iberdrolas-commitment-to-the-uk-at-the-international-investment-summit-with-starmer/101769
1204115565	20241015	202410	2024	2024.7808	BUS	BUSINESS						BUS			GOV	GOVERNMENT						GOV			0	042	042	04	1	1.9	1	1	1	4.58715596330276	1	France	FR	FR		46	2	FR	1	France	FR	FR		46	2	FR	1	France	FR	FR		46	2	FR	20241015021500	http://www.digitaljournal.com/business/can-biodiversity-credits-unlock-billions-for-nature/article
1204115566	20241015	202410	2024	2024.7808	BUS	BUSINESS						BUS			GOV	GOVERNMENT						GOV			0	042	042	04	1	1.9	4	1	4	4.58715596330276	1	France	FR	FR		46	2	FR	1	France	FR	FR		46	2	FR	1	Gabon	GB	GB		-1	11.75	GB	20241015021500	http://www.digitaljournal.com/business/can-biodiversity-credits-unlock-billions-for-nature/article
1204115567	20241015	202410	2024	2024.7808	BUS	BUSINESS						BUS			GOV	GOVERNMENT						GOV			0	043	043	04	1	2.8	5	1	5	4.58715596330276	1	France	FR	FR		46	2	FR	1	France	FR	FR		46	2	FR	1	France	FR	FR		46	2	FR	20241015021500	http://www.digitaljournal.com/business/can-biodiversity-credits-unlock-billions-for-nature/article
1204115568	20241015	202410	2024	2024.7808	BUS	COMPANIES						BUS			GOV	PRIME MINISTER						GOV			1	050	050	05	1	3.5	3	1	3	1.56494522691705	1	United Kingdom	UK	UK		54	-4	UK	1	United Kingdom	UK	UK		54	-4	UK	1	United Kingdom	UK	UK		54	-4	UK	20241015021500	https://www.evwind.es/2024/10/15/galan-confirms-iberdrolas-commitment-to-the-uk-at-the-international-investment-summit-with-starmer/101769
1204115569	20241015	202410	2024	2024.7808	BUS	EMPLOYER						BUS			LAB	EMPLOYEE						LAB			1	020	020	02	1	3.0	5	1	5	-2.18778486782133	2	Pennsylvania, United States	US	USPA		40.5773	-77.264	PA	2	Pennsylvania, United States	US	USPA		40.5773	-77.264	PA	2	Pennsylvania, United States	US	USPA		40.5773	-77.264	PA	20241015021500	https://www.mondaq.com:443/unitedstates/health-safety/1527024/pittsburgh-ordinance-bans-tests-for-many-prospective-and-current-employees-who-use-medical-marijuana
1204115570	20241015	202410	2024	2024.7808	BUS	COMPANY						BUS			SPY	INTELLIGENCE						SPY			1	190	190	19	4	-10.0	5	1	5	6.73076923076923	2	Alabama, United States	US	USAL		32.799	-86.8073	AL	2	Alabama, United States	US	USAL		32.799	-86.8073	AL	2	Alabama, United States	US	USAL		32.799	-86.8073	AL	20241015021500	https://menafn.com/1108777118/Radiance-Technologies-And-Ignite-Announce-Joint-Venture
1204115571	20241015	202410	2024	2024.7808	BUSBUS	AIRLINE						BUS	BUS		MED	WEBSITE						MED			0	010	010	01	1	0.0	3	1	3	-5.40123456790124	1	United States	US	US		39.828175	-98.5795	US	1	United States	US	US		39.828175	-98.5795	US	1	United States	US	US		39.828175	-98.5795	US	20241015021500	http://www.digitaljournal.com/business/strike-hit-boeing-leaves-experts-puzzled-by-strategy/article
1204115572	20241015	202410	2024	2024.7808	CAN	CANADA	CAN																		1	010	010	01	1	0.0	4	1	4	0	4	New Westminster, British Columbia, Canada	CA	CA02	12552	49.2167	-122.917	-570133	0								4	New Westminster, British Columbia, Canada	CA	CA02	12552	49.2167	-122.917	-570133	20241015021500	https://cheknews.ca/swartz-bay-ferry-waits-prompt-early-booking-reminder-for-long-weekend-travelers-1219010/
1204115573	20241015	202410	2024	2024.7808	CAN	CANADIAN	CAN																		0	050	050	05	1	3.5	2	1	2	-9.04255319148935	1	Canada	CA	CA		60	-96	CA	0								1	Canada	CA	CA		60	-96	CA	20241015021500	https://www.thepeterboroughexaminer.com/news/canada/a-timeline-of-recent-canada-india-tensions-as-both-countries-expel-diplomats/article_14e7f6e4-ab91-53da-8fe9-42c70bf4f98e.html
1204115574	20241015	202410	2024	2024.7808	CAN	CANADA	CAN																		0	173	173	17	4	-5.0	4	1	4	-9.04255319148935	1	Canada	CA	CA		60	-96	CA	0								1	Canada	CA	CA		60	-96	CA	20241015021500	https://www.thepeterboroughexaminer.com/news/canada/a-timeline-of-recent-canada-india-tensions-as-both-countries-expel-diplomats/article_14e7f6e4-ab91-53da-8fe9-42c70bf4f98e.html
1204115575	20241015	202410	2024	2024.7808	CAN	OTTAWA	CAN								CANCOP	CANADA	CAN					COP			1	010	010	01	1	0.0	2	1	2	-6.88073394495413	4	Ottawa, Ontario, Canada	CA	CA08	12755	45.4167	-75.7	-570760	4	Ottawa, Ontario, Canada	CA	CA08	12755	45.4167	-75.7	-570760	4	Ottawa, Ontario, Canada	CA	CA08	12755	45.4167	-75.7	-570760	20241015021500	https://www.cbc.ca/news/canada/ottawa/burn-victim-s-death-being-treated-as-a-homicide-police-say-1.7351848
1204115576	20241015	202410	2024	2024.7808	CAN	CANADIAN	CAN								CANGOV	CANADA	CAN					GOV			0	050	050	05	1	3.5	2	1	2	-9.04255319148935	1	Canada	CA	CA		60	-96	CA	1	Canada	CA	CA		60	-96	CA	1	Canada	CA	CA		60	-96	CA	20241015021500	https://www.thepeterboroughexaminer.com/news/canada/a-timeline-of-recent-canada-india-tensions-as-both-countries-expel-diplomats/article_14e7f6e4-ab91-53da-8fe9-42c70bf4f98e.html
1204115577	20241015	202410	2024	2024.7808	CAN	CANADIAN	CAN								CANGOV	CANADA	CAN					GOV			1	174	174	17	4	-5.0	1	1	1	-5.78616352201258	4	New Delhi, Delhi, India	IN	IN07	17911	28.6	77.2	-2106102	4	Ottawa, Ontario, Canada	CA	CA08	12755	45.4167	-75.7	-570760	4	Ottawa, Ontario, Canada	CA	CA08	12755	45.4167	-75.7	-570760	20241015021500	https://www.odt.co.nz/news/world/canada-expels-indian-diplomats-over-links-murder-case
1204115578	20241015	202410	2024	2024.7808	CAN	OTTAWA	CAN								EDU	UNIVERSITY						EDU			0	010	010	01	1	0.0	1	1	1	-5.78616352201258	4	New Delhi, Delhi, India	IN	IN07	17911	28.6	77.2	-2106102	4	Ottawa, Ontario, Canada	CA	CA08	12755	45.4167	-75.7	-570760	4	Ottawa, Ontario, Canada	CA	CA08	12755	45.4167	-75.7	-570760	20241015021500	https://www.odt.co.nz/news/world/canada-expels-indian-diplomats-over-links-murder-case
1204115579	20241015	202410	2024	2024.7808	CAN	OTTAWA	CAN								EDU	PROFESSOR						EDU			0	042	042	04	1	1.9	2	1	2	-5.78616352201258	4	New Delhi, Delhi, India	IN	IN07	17911	28.6	77.2	-2106102	4	New Delhi, Delhi, India	IN	IN07	17911	28.6	77.2	-2106102	4	Ottawa, Ontario, Canada	CA	CA08	12755	45.4167	-75.7	-570760	20241015021500	https://www.odt.co.nz/news/world/canada-expels-indian-diplomats-over-links-murder-case
1204115580	20241015	202410	2024	2024.7808	CAN	CANADIAN	CAN								GOV	GOVERNMENT						GOV			0	130	130	13	3	-4.4	1	1	1	-4.57380457380458	1	Canada	CA	CA		60	-96	CA	1	Canada	CA	CA		60	-96	CA	1	Canada	CA	CA		60	-96	CA	20241015021500	https://www.theglobeandmail.com/canada/article-sikh-leaders-welcome-canadas-expulsion-of-indian-diplomats-say-indias/
1204115581	20241015	202410	2024	2024.7808	CAN	CANADIAN	CAN								GOV	GOVERNMENT						GOV			0	130	130	13	3	-4.4	1	1	1	-4.57380457380458	1	India	IN	IN		20	77	IN	1	India	IN	IN		20	77	IN	1	India	IN	IN		20	77	IN	20241015021500	https://www.theglobeandmail.com/canada/article-sikh-leaders-welcome-canadas-expulsion-of-indian-diplomats-say-indias/
1204115582	20241015	202410	2024	2024.7808	CAN	CANADA	CAN								GOV	DIPLOMAT						GOV			1	161	161	16	4	-4.0	6	1	6	-9.04255319148935	4	New Delhi, Delhi, India	IN	IN07	17911	28.6	77.2	-2106102	1	Canada	CA	CA		60	-96	CA	4	New Delhi, Delhi, India	IN	IN07	17911	28.6	77.2	-2106102	20241015021500	https://www.thepeterboroughexaminer.com/news/canada/a-timeline-of-recent-canada-india-tensions-as-both-countries-expel-diplomats/article_14e7f6e4-ab91-53da-8fe9-42c70bf4f98e.html
1204115583	20241015	202410	2024	2024.7808	CAN	CANADA	CAN								GOV	DIPLOMAT						GOV			1	161	161	16	4	-4.0	2	1	2	-9.04255319148935	1	Canada	CA	CA		60	-96	CA	4	New Delhi, Delhi, India	IN	IN07	17911	28.6	77.2	-2106102	4	New Delhi, Delhi, India	IN	IN07	17911	28.6	77.2	-2106102	20241015021500	https://www.thepeterboroughexaminer.com/news/canada/a-timeline-of-recent-canada-india-tensions-as-both-countries-expel-diplomats/article_14e7f6e4-ab91-53da-8fe9-42c70bf4f98e.html
1204115584	20241015	202410	2024	2024.7808	CAN	CANADA	CAN								GOV	DIPLOMAT						GOV			1	161	161	16	4	-4.0	1	1	1	-9.04255319148935	1	Canada	CA	CA		60	-96	CA	4	New Delhi, Delhi, India	IN	IN07	17911	28.6	77.2	-2106102	1	Canada	CA	CA		60	-96	CA	20241015021500	https://www.thepeterboroughexaminer.com/news/canada/a-timeline-of-recent-canada-india-tensions-as-both-countries-expel-diplomats/article_14e7f6e4-ab91-53da-8fe9-42c70bf4f98e.html
1204115585	20241015	202410	2024	2024.7808	CAN	CANADA	CAN								GOV	DIPLOMAT						GOV			1	161	161	16	4	-4.0	9	1	8	-9.04255319148935	1	Canada	CA	CA		60	-96	CA	1	Canada	CA	CA		60	-96	CA	1	Canada	CA	CA		60	-96	CA	20241015021500	https://www.thepeterboroughexaminer.com/news/canada/a-timeline-of-recent-canada-india-tensions-as-both-countries-expel-diplomats/article_14e7f6e4-ab91-53da-8fe9-42c70bf4f98e.html
1204115586	20241015	202410	2024	2024.7808	CAN	CANADA	CAN								GOV	DIPLOMAT						GOV			1	174	174	17	4	-5.0	2	1	2	-5.78616352201258	4	Ottawa, Ontario, Canada	CA	CA08	12755	45.4167	-75.7	-570760	4	Ottawa, Ontario, Canada	CA	CA08	12755	45.4167	-75.7	-570760	4	New Delhi, Delhi, India	IN	IN07	17911	28.6	77.2	-2106102	20241015021500	https://www.odt.co.nz/news/world/canada-expels-indian-diplomats-over-links-murder-case
1204115587	20241015	202410	2024	2024.7808	CAN	CANADA	CAN								USA	UNITED STATES	USA								0	190	190	19	4	-10.0	3	1	3	-9.04255319148935	1	Canada	CA	CA		60	-96	CA	2	New York, United States	US	USNY		42.1497	-74.9384	NY	1	Canada	CA	CA		60	-96	CA	20241015021500	https://www.thepeterboroughexaminer.com/news/canada/a-timeline-of-recent-canada-india-tensions-as-both-countries-expel-diplomats/article_14e7f6e4-ab91-53da-8fe9-42c70bf4f98e.html
1204115588	20241015	202410	2024	2024.7808	CANCOP	OTTAWA	CAN					COP													1	010	010	01	1	0.0	8	1	8	-6.88073394495413	4	Ottawa, Ontario, Canada	CA	CA08	12755	45.4167	-75.7	-570760	0								4	Ottawa, Ontario, Canada	CA	CA08	12755	45.4167	-75.7	-570760	20241015021500	https://www.cbc.ca/news/canada/ottawa/burn-victim-s-death-being-treated-as-a-homicide-police-say-1.7351848
1204115589	20241015	202410	2024	2024.7808	CANGOV	CANADIAN	CAN					GOV													0	050	050	05	1	3.5	6	1	6	-9.04255319148935	1	Canada	CA	CA		60	-96	CA	0								1	Canada	CA	CA		60	-96	CA	20241015021500	https://www.thepeterboroughexaminer.com/news/canada/a-timeline-of-recent-canada-india-tensions-as-both-countries-expel-diplomats/article_14e7f6e4-ab91-53da-8fe9-42c70bf4f98e.html
1204115590	20241015	202410	2024	2024.7808	CANGOV	CANADIAN	CAN					GOV			GOV	GOVERNMENT						GOV			0	130	130	13	3	-4.4	7	1	7	-4.57380457380458	1	Canada	CA	CA		60	-96	CA	1	Canada	CA	CA		60	-96	CA	1	Canada	CA	CA		60	-96	CA	20241015021500	https://www.theglobeandmail.com/canada/article-sikh-leaders-welcome-canadas-expulsion-of-indian-diplomats-say-indias/
1204115591	20241015	202410	2024	2024.7808	CANGOV	CANADA	CAN					GOV			GOV	GOVERNMENT						GOV			0	130	130	13	3	-4.4	1	1	1	-4.57380457380458	1	India	IN	IN		20	77	IN	1	India	IN	IN		20	77	IN	1	India	IN	IN		20	77	IN	20241015021500	https://www.theglobeandmail.com/canada/article-sikh-leaders-welcome-canadas-expulsion-of-indian-diplomats-say-indias/
1204115592	20241015	202410	2024	2024.7808	CHE	SWITZERLAND	CHE																		1	040	040	04	1	1.0	2	1	2	-0.52770448548813	4	Bakhmut, Donets'ka Oblast', Ukraine	UP	UP05	28556	48.5956	37.9999	-1034612	0								4	Bakhmut, Donets'ka Oblast', Ukraine	UP	UP05	28556	48.5956	37.9999	-1034612	20241015021500	https://www.rnz.co.nz/news/world/530824/ukraine-holds-new-online-conference-on-peace-calls-for-revised-security-system
1204115593	20241015	202410	2024	2024.7808	CHE	SWISS	CHE																		0	071	071	07	2	7.4	2	1	2	-3.49243306169965	1	Switzerland	SZ	SZ		47	8	SZ	0								4	Unrwa, West Bank (general), West Bank	WE	WE00	68767	31.8984	35.1773	11289236	20241015021500	https://www.jpost.com/opinion/article-824570
1204115594	20241015	202410	2024	2024.7808	CHE	SWISS	CHE								PSE	WEST BANK	PSE								0	071	071	07	2	7.4	8	1	8	-3.49243306169965	1	Switzerland	SZ	SZ		47	8	SZ	4	Unrwa, West Bank (general), West Bank	WE	WE00	68767	31.8984	35.1773	11289236	4	Unrwa, West Bank (general), West Bank	WE	WE00	68767	31.8984	35.1773	11289236	20241015021500	https://www.jpost.com/opinion/article-824570
1204115595	20241015	202410	2024	2024.7808	CHN	CHINA	CHN																		0	010	010	01	1	0.0	1	1	1	3.08457711442786	4	Sung Kong, Hong Kong (general), Hong Kong	HK	HK00	13031	22.1833	114.283	-1354128	0								4	Sung Kong, Hong Kong (general), Hong Kong	HK	HK00	13031	22.1833	114.283	-1354128	20241015021500	https://www.livesaildie.com/volvo-china-coast-regatta-2024-wrap-up/
1204115596	20241015	202410	2024	2024.7808	CHN	CHINA	CHN																		1	013	013	01	1	0.4	10	1	10	-0.98039215686274	1	China	CH	CH		35	105	CH	0								1	China	CH	CH		35	105	CH	20241015021500	https://www.businesstimes.com.sg/companies-markets/banking-finance/china-not-competitive-threat-us-federal-reserves-kashkari
1204115597	20241015	202410	2024	2024.7808	CHN	CHINESE	CHN																		1	017	017	01	1	0.0	10	1	10	2.02429149797571	4	Xuexiang, Jiangsu, China	CH	CH04	13148	31.1215	120.794	10633752	0								4	Xuexiang, Jiangsu, China	CH	CH04	13148	31.1215	120.794	10633752	20241015021500	http://english.anhuinews.com/newscenter/headline/202410/t20241015_7921928.html
1204115598	20241015	202410	2024	2024.7808	CHN	CHINESE	CHN								CHNGOV	CHINA	CHN					GOV			1	017	017	01	1	0.0	2	1	2	3.77358490566037	4	Beijing, Beijing, China	CH	CH22	13001	39.9289	116.388	-1898541	4	Beijing, Beijing, China	CH	CH22	13001	39.9289	116.388	-1898541	4	Moscow, Moskva, Russia	RS	RS48	25106	55.7522	37.6156	-2960561	20241015021500	https://www.scmp.com/opinion/china-opinion/article/3281731/why-china-north-koreas-closest-comrade-not-russia
1204115599	20241015	202410	2024	2024.7808	CHN	CHINESE	CHN								POL	POLAND	POL								1	042	042	04	1	1.9	4	1	4	0.91743119266055	4	Paris, France (general), France	FR	FR00	16282	48.8667	2.33333	-1456928	4	Geneva, Genè, Switzerland	SZ	SZ07	16329	46.1956	6.14811	-2552151	4	Geneva, Genè, Switzerland	SZ	SZ07	16329	46.1956	6.14811	-2552151	20241015021500	http://www.digitaljournal.com/business/evs-seek-to-regain-sales-momentum-at-paris-motor-show/article
1204115600	20241015	202410	2024	2024.7808	CHN	CHINA	CHN								TWN	TAIWAN	TWN								0	111	111	11	3	-2.0	6	1	6	-2.54872563718141	4	Beijing, Beijing, China	CH	CH22	13001	39.9289	116.388	-1898541	4	Taipei, T'ai-pei, Taiwan	TW	TW03	13277	25.0478	121.532	-2637882	4	Beijing, Beijing, China	CH	CH22	13001	39.9289	116.388	-1898541	20241015021500	https://www.ganderbeacon.ca/china-has-started-military-exercises-around-taiwan/
1204115601	20241015	202410	2024	2024.7808	CHN	CHINA	CHN								TWN	TAIWAN	TWN								0	111	111	11	3	-2.0	2	1	2	-2.54872563718141	4	Beijing, Beijing, China	CH	CH22	13001	39.9289	116.388	-1898541	4	Taipei, T'ai-pei, Taiwan	TW	TW03	13277	25.0478	121.532	-2637882	4	Taipei, T'ai-pei, Taiwan	TW	TW03	13277	25.0478	121.532	-2637882	20241015021500	https://www.ganderbeacon.ca/china-has-started-military-exercises-around-taiwan/
1204115602	20241015	202410	2024	2024.7808	CHN	CHINA	CHN								TWN	TAIWAN	TWN								0	111	111	11	3	-2.0	2	1	2	-2.54872563718141	4	Taipei, T'ai-pei, Taiwan	TW	TW03	13277	25.0478	121.532	-2637882	4	Taipei, T'ai-pei, Taiwan	TW	TW03	13277	25.0478	121.532	-2637882	4	Taipei, T'ai-pei, Taiwan	TW	TW03	13277	25.0478	121.532	-2637882	20241015021500	https://www.ganderbeacon.ca/china-has-started-military-exercises-around-taiwan/
1204115603	20241015	202410	2024	2024.7808	CHN	CHINA	CHN								TWN	TAIWAN	TWN								1	150	150	15	4	-7.2	10	1	10	-2.54872563718141	4	Beijing, Beijing, China	CH	CH22	13001	39.9289	116.388	-1898541	4	Beijing, Beijing, China	CH	CH22	13001	39.9289	116.388	-1898541	4	Beijing, Beijing, China	CH	CH22	13001	39.9289	116.388	-1898541	20241015021500	https://www.ganderbeacon.ca/china-has-started-military-exercises-around-taiwan/
1204115604	20241015	202410	2024	2024.7808	CHNBUS	CHINESE	CHN					BUS			POL	POLAND	POL								1	042	042	04	1	1.9	3	1	3	0.91743119266055	4	Paris, France (general), France	FR	FR00	16282	48.8667	2.33333	-1456928	4	Geneva, Genè, Switzerland	SZ	SZ07	16329	46.1956	6.14811	-2552151	4	Geneva, Genè, Switzerland	SZ	SZ07	16329	46.1956	6.14811	-2552151	20241015021500	http://www.digitaljournal.com/business/evs-seek-to-regain-sales-momentum-at-paris-motor-show/article
1204115605	20241015	202410	2024	2024.7808	CHNGOV	HU JINTAO	CHN					GOV													1	018	018	01	1	3.4	8	1	8	2.02429149797571	4	Xuexiang, Jiangsu, China	CH	CH04	13148	31.1215	120.794	10633752	0								4	Beijing, Beijing, China	CH	CH22	13001	39.9289	116.388	-1898541	20241015021500	http://english.anhuinews.com/newscenter/headline/202410/t20241015_7921928.html
1204115606	20241015	202410	2024	2024.7808	CHNGOV	HU JINTAO	CHN					GOV													1	018	018	01	1	3.4	2	1	2	2.02429149797571	4	Xuexiang, Jiangsu, China	CH	CH04	13148	31.1215	120.794	10633752	0								4	Xuexiang, Jiangsu, China	CH	CH04	13148	31.1215	120.794	10633752	20241015021500	http://english.anhuinews.com/newscenter/headline/202410/t20241015_7921928.html
1204115607	20241015	202410	2024	2024.7808	CHNGOV	CHINESE	CHN					GOV			CHNGOV	XI JINPING	CHN					GOV			1	017	017	01	1	0.0	4	1	4	3.77358490566037	4	Beijing, Beijing, China	CH	CH22	13001	39.9289	116.388	-1898541	4	Beijing, Beijing, China	CH	CH22	13001	39.9289	116.388	-1898541	4	Moscow, Moskva, Russia	RS	RS48	25106	55.7522	37.6156	-2960561	20241015021500	https://www.scmp.com/opinion/china-opinion/article/3281731/why-china-north-koreas-closest-comrade-not-russia
1204115608	20241015	202410	2024	2024.7808	CHNGOV	CHINA	CHN					GOV			CHNGOV	XI JINPING	CHN					GOV			1	017	017	01	1	0.0	2	1	2	3.77358490566037	4	Moscow, Moskva, Russia	RS	RS48	25106	55.7522	37.6156	-2960561	4	Beijing, Beijing, China	CH	CH22	13001	39.9289	116.388	-1898541	4	Moscow, Moskva, Russia	RS	RS48	25106	55.7522	37.6156	-2960561	20241015021500	https://www.scmp.com/opinion/china-opinion/article/3281731/why-china-north-koreas-closest-comrade-not-russia
1204115609	20241015	202410	2024	2024.7808	CHRCTH	CATHOLIC				CHR	CTH														0	050	050	05	1	3.5	5	1	5	-1.64203612479475	4	Pyongyang, P'yongyang-si, North Korea	KN	KN12	39681	39.0194	125.755	-183459	0								4	Pyongyang, P'yongyang-si, North Korea	KN	KN12	39681	39.0194	125.755	-183459	20241015021500	https://www.catholicworldreport.com/2024/10/14/archbishop-warns-of-diminishing-hope-for-peace-as-north-korea-escalates-military-threats/
1204115610	20241015	202410	2024	2024.7808	CHRCTH	CATHOLIC				CHR	CTH				CHRCTHEDU	CATHOLIC				CHR	CTH	EDU			1	042	042	04	1	1.9	5	1	5	1.29081245254366	0								0								0								20241015021500	https://www.thebatavian.com/jfbeck99272012/ascension-parish-trustee-dismissed-creating-more-questions-doubts-and-zeal-not-to
1204115611	20241015	202410	2024	2024.7808	CHRCTHEDU	CATHOLIC				CHR	CTH	EDU			CHRCTH	CATHOLIC				CHR	CTH				1	043	043	04	1	2.8	5	1	5	1.29081245254366	0								0								0								20241015021500	https://www.thebatavian.com/jfbeck99272012/ascension-parish-trustee-dismissed-creating-more-questions-doubts-and-zeal-not-to
1204115612	20241015	202410	2024	2024.7808	COL	COLOMBIAN	COL								MIL	NAVY						MIL			0	173	173	17	4	-5.0	1	1	1	-3.06666666666667	4	Malpelo, Esmeraldas, Ecuador	EC	EC09	18585	0.8	-80	-930560	1	Colombia	CO	CO		4	-72	CO	1	Colombia	CO	CO		4	-72	CO	20241015021500	https://www.ibtimes.com/colombian-pacific-fighting-save-sharks-3746676
1204115613	20241015	202410	2024	2024.7808	COP	POLICE						COP													0	010	010	01	1	0.0	5	1	5	-5.85424133811231	4	Dimapur, Assam, India	IN	IN03	70205	25.9	93.7333	-2094976	0								4	Dimapur, Assam, India	IN	IN03	70205	25.9	93.7333	-2094976	20241015021500	https://morungexpress.com/nscn-k-niki-violated-cease-fire-ground-rules
1204115614	20241015	202410	2024	2024.7808	COP	POLICE						COP													1	010	010	01	1	0.0	5	1	5	-6.88073394495413	4	Ottawa, Ontario, Canada	CA	CA08	12755	45.4167	-75.7	-570760	0								4	Ottawa, Ontario, Canada	CA	CA08	12755	45.4167	-75.7	-570760	20241015021500	https://www.cbc.ca/news/canada/ottawa/burn-victim-s-death-being-treated-as-a-homicide-police-say-1.7351848
1204115615	20241015	202410	2024	2024.7808	COP	POLICE						COP													1	0214	021	02	1	3.4	5	1	5	-6.88073394495413	4	Ottawa, Ontario, Canada	CA	CA08	12755	45.4167	-75.7	-570760	0								4	Ottawa, Ontario, Canada	CA	CA08	12755	45.4167	-75.7	-570760	20241015021500	https://www.cbc.ca/news/canada/ottawa/burn-victim-s-death-being-treated-as-a-homicide-police-say-1.7351848
1204115616	20241015	202410	2024	2024.7808	COP	POLICE CHIEF						COP													0	030	030	03	1	4.0	2	1	2	-5.85424133811231	5	Nagaland, Nagaland, India	IN	IN20	17807	26	94.25	-2105305	0								5	Nagaland, Nagaland, India	IN	IN20	17807	26	94.25	-2105305	20241015021500	https://morungexpress.com/nscn-k-niki-violated-cease-fire-ground-rules
1204115617	20241015	202410	2024	2024.7808	COP	POLICE						COP													0	060	060	06	2	6.0	10	1	10	-3.44142951687624	4	Wuppertal, Nordrhein-Westfalen, Germany	GM	GM07	16551	51.2667	7.18333	-1891347	0								4	Wuppertal, Nordrhein-Westfalen, Germany	GM	GM07	16551	51.2667	7.18333	-1891347	20241015021500	https://financialpost.com/pmn/business-pmn/brutal-acid-attack-prompts-executive-to-hunt-down-his-assailants
1204115618	20241015	202410	2024	2024.7808	COP	POLICE						COP													1	090	090	09	2	-2.0	6	1	6	-7.57097791798108	4	Mumbai, Maharashtra, India	IN	IN16	70184	18.975	72.8258	-2092174	0								4	Mumbai, Maharashtra, India	IN	IN16	70184	18.975	72.8258	-2092174	20241015021500	https://timesofindia.indiatimes.com/city/guwahati/dead-body-of-jailbreak-prisoner-discovered-in-assam-water-body/articleshow/114230622.cms
1204115619	20241015	202410	2024	2024.7808	COP	POLICE						COP													1	090	090	09	2	-2.0	4	1	4	-7.57097791798108	4	Guwahati, Assam, India	IN	IN03	17583	26.1833	91.7333	-2096059	0								4	Guwahati, Assam, India	IN	IN03	17583	26.1833	91.7333	-2096059	20241015021500	https://timesofindia.indiatimes.com/city/guwahati/dead-body-of-jailbreak-prisoner-discovered-in-assam-water-body/articleshow/114230622.cms
1204115620	20241015	202410	2024	2024.7808	COP	POLICE						COP													1	090	090	09	2	-2.0	6	1	6	-4.01529636711281	3	Boerne, Texas, United States	US	USTX	TX259	29.7947	-98.732	1352557	0								3	Boerne, Texas, United States	US	USTX	TX259	29.7947	-98.732	1352557	20241015021500	http://www.expressnews.com/news/article/suzanne-simpson-brad-search-landfill-san-antonio-19837050.php
1204115621	20241015	202410	2024	2024.7808	COP	POLICE						COP													1	111	111	11	3	-2.0	5	1	5	-9.81308411214956	3	San Antonio, Texas, United States	US	USTX	TX029	29.4241	-98.4936	1380951	0								3	San Antonio, Texas, United States	US	USTX		29.4241	-98.4936	1380951	20241015021500	https://www.kens5.com/article/news/crime/san-antonio-road-rage-police-texas/273-1387ec4c-ed31-4737-8552-3f00b63d7543
1204115622	20241015	202410	2024	2024.7808	COP	POLICE						COP													1	130	130	13	3	-4.4	10	1	10	-7.41573033707865	0								0								0								20241015021500	https://www.kold.com/2024/10/15/authorities-investigating-three-homicides-tucson-saturday/
1204115623	20241015	202410	2024	2024.7808	COP	PRISON						COP													0	173	173	17	4	-5.0	12	1	10	-3.44142951687624	4	Wuppertal, Nordrhein-Westfalen, Germany	GM	GM07	16551	51.2667	7.18333	-1891347	0								4	Wuppertal, Nordrhein-Westfalen, Germany	GM	GM07	16551	51.2667	7.18333	-1891347	20241015021500	https://financialpost.com/pmn/business-pmn/brutal-acid-attack-prompts-executive-to-hunt-down-his-assailants
1204115624	20241015	202410	2024	2024.7808	COP	PRISON						COP													1	173	173	17	4	-5.0	4	1	4	-2.79823269513991	4	Lagos, Lagos, Nigeria	NI	NI05	191416	6.45306	3.39583	-2017355	0								4	Lagos, Lagos, Nigeria	NI	NI05	191416	6.45306	3.39583	-2017355	20241015021500	https://punchng.com/bobrisky-reps-to-visit-efcc-prison-oct-21/
1204115625	20241015	202410	2024	2024.7808	COP	POLICE CHIEF						COP													0	190	190	19	4	-10.0	2	1	2	-5.85424133811231	5	Nagaland, Nagaland, India	IN	IN20	17807	26	94.25	-2105305	0								5	Nagaland, Nagaland, India	IN	IN20	17807	26	94.25	-2105305	20241015021500	https://morungexpress.com/nscn-k-niki-violated-cease-fire-ground-rules
1204115626	20241015	202410	2024	2024.7808	COP	POLICE						COP													1	193	193	19	4	-10.0	5	1	5	-9.81308411214956	3	San Antonio, Texas, United States	US	USTX	TX029	29.4241	-98.4936	1380951	0								3	San Antonio, Texas, United States	US	USTX		29.4241	-98.4936	1380951	20241015021500	https://www.kens5.com/article/news/crime/san-antonio-road-rage-police-texas/273-1387ec4c-ed31-4737-8552-3f00b63d7543
1204115627	20241015	202410	2024	2024.7808	COP	POLICE						COP													1	193	193	19	4	-10.0	10	1	10	-7.08446866485014	3	Indianapolis, Indiana, United States	US	USIN	IN097	39.7684	-86.158	452890	0								3	Indianapolis, Indiana, United States	US	USIN	IN097	39.7684	-86.158	452890	20241015021500	https://www.wthr.com/article/news/crime/impd-looks-to-crack-down-downtown-crime-after-weekend-incidents-shooting-gun-violence/531-8247b16a-5462-4c31-8272-7f63ab3cba62
1204115628	20241015	202410	2024	2024.7808	COP	POLICE						COP			CRM	ABDUCTOR						CRM			0	173	173	17	4	-5.0	10	1	10	-5.85424133811231	4	Dimapur, Assam, India	IN	IN03	70205	25.9	93.7333	-2094976	4	Dimapur, Assam, India	IN	IN03	70205	25.9	93.7333	-2094976	4	Dimapur, Assam, India	IN	IN03	70205	25.9	93.7333	-2094976	20241015021500	https://morungexpress.com/nscn-k-niki-violated-cease-fire-ground-rules
1204115629	20241015	202410	2024	2024.7808	COP	PRISON						COP			DEU	GERMANY	DEU								0	173	173	17	4	-5.0	8	1	8	-3.44142951687624	4	Wuppertal, Nordrhein-Westfalen, Germany	GM	GM07	16551	51.2667	7.18333	-1891347	4	Wuppertal, Nordrhein-Westfalen, Germany	GM	GM07	16551	51.2667	7.18333	-1891347	4	Wuppertal, Nordrhein-Westfalen, Germany	GM	GM07	16551	51.2667	7.18333	-1891347	20241015021500	https://financialpost.com/pmn/business-pmn/brutal-acid-attack-prompts-executive-to-hunt-down-his-assailants
1204115630	20241015	202410	2024	2024.7808	COP	POLICE						COP			GOV	CIVIL SERVICE						GOV			1	173	173	17	4	-5.0	10	1	10	-10.0346020761245	4	Pune, Maharashtra, India	IN	IN16	70178	18.5333	73.8667	-2108361	4	Pune, Maharashtra, India	IN	IN16	70178	18.5333	73.8667	-2108361	4	Pune, Maharashtra, India	IN	IN16	70178	18.5333	73.8667	-2108361	20241015021500	https://timesofindia.indiatimes.com/city/guwahati/domestic-help-rape-case-one-arrested-two-suspects-on-the-run-in-kokrajhar/articleshow/114230378.cms
1204115631	20241015	202410	2024	2024.7808	COP	POLICE						COP			IND	MUMBAI	IND								0	190	190	19	4	-10.0	2	1	2	-7.57097791798108	4	Mumbai, Maharashtra, India	IN	IN16	70184	18.975	72.8258	-2092174	4	Mumbai, Maharashtra, India	IN	IN16	70184	18.975	72.8258	-2092174	4	Mumbai, Maharashtra, India	IN	IN16	70184	18.975	72.8258	-2092174	20241015021500	https://timesofindia.indiatimes.com/city/guwahati/dead-body-of-jailbreak-prisoner-discovered-in-assam-water-body/articleshow/114230622.cms
1204115632	20241015	202410	2024	2024.7808	COP	POLICE						COP			IND	MUMBAI	IND								0	190	190	19	4	-10.0	2	1	2	-7.57097791798108	4	Mumbai, Maharashtra, India	IN	IN16	70184	18.975	72.8258	-2092174	4	Mumbai, Maharashtra, India	IN	IN16	70184	18.975	72.8258	-2092174	4	Bandra, Maharashtra, India	IN	IN16	70184	19.0667	72.8333	82619	20241015021500	https://timesofindia.indiatimes.com/city/guwahati/dead-body-of-jailbreak-prisoner-discovered-in-assam-water-body/articleshow/114230622.cms
1204115633	20241015	202410	2024	2024.7808	COP	POLICE						COP			NZL	AUCKLAND	NZL								1	090	090	09	2	-2.0	10	1	10	-1.875	0								0								0								20241015021500	https://www.rnz.co.nz/news/national/530826/police-release-picture-of-girl-missing-from-manurewa
1204115634	20241015	202410	2024	2024.7808	COP	POLICE						COP			OPP	PRISONER						OPP			1	173	173	17	4	-5.0	5	1	5	-7.57097791798108	4	Bandra, Maharashtra, India	IN	IN16	70184	19.0667	72.8333	82619	4	Bandra, Maharashtra, India	IN	IN16	70184	19.0667	72.8333	82619	4	Bandra, Maharashtra, India	IN	IN16	70184	19.0667	72.8333	82619	20241015021500	https://timesofindia.indiatimes.com/city/guwahati/dead-body-of-jailbreak-prisoner-discovered-in-assam-water-body/articleshow/114230622.cms
1204115635	20241015	202410	2024	2024.7808	COP	POLICE						COP			OPP	PRISONER						OPP			1	182	182	18	4	-9.5	5	1	5	-7.57097791798108	4	Guwahati, Assam, India	IN	IN03	17583	26.1833	91.7333	-2096059	4	Guwahati, Assam, India	IN	IN03	17583	26.1833	91.7333	-2096059	4	Guwahati, Assam, India	IN	IN03	17583	26.1833	91.7333	-2096059	20241015021500	https://timesofindia.indiatimes.com/city/guwahati/dead-body-of-jailbreak-prisoner-discovered-in-assam-water-body/articleshow/114230622.cms
1204115636	20241015	202410	2024	2024.7808	COP	POLICE						COP			USA	UNITED STATES	USA								0	042	042	04	1	1.9	1	1	1	-4.15360501567398	3	San Antonio, Texas, United States	US	USTX	TX029	29.4241	-98.4936	1380951	3	Bexar County, Texas, United States	US	USTX		29.4502	-98.517	1383800	3	San Antonio, Texas, United States	US	USTX		29.4241	-98.4936	1380951	20241015021500	http://www.expressnews.com/news/article/suzanne-simpson-missing-san-antonio-mother-19836401.php
1204115637	20241015	202410	2024	2024.7808	COP	POLICE						COP			USA	UNITED STATES	USA								1	042	042	04	1	1.9	5	1	5	-4.04295809682504	3	Bexar County, Texas, United States	US	USTX	TX029	29.4502	-98.517	1383800	3	Bexar County, Texas, United States	US	USTX		29.4502	-98.517	1383800	3	Bexar County, Texas, United States	US	USTX		29.4502	-98.517	1383800	20241015021500	http://www.expressnews.com/news/article/suzanne-simpson-brad-search-landfill-san-antonio-19837050.php
1204115638	20241015	202410	2024	2024.7808	COP	POLICE						COP			USA	UNITED STATES	USA								0	042	042	04	1	1.9	8	1	8	-7.12871287128713	3	Pomona, California, United States	US	USCA	CA037	34.0553	-117.752	1661247	3	Pomona, California, United States	US	USCA	CA037	34.0553	-117.752	1661247	3	Pomona, California, United States	US	USCA	CA037	34.0553	-117.752	1661247	20241015021500	https://kvia.com/news/us-world/cnn-national/cnn-regional/2024/10/14/5-shootings-happened-in-l-a-county-over-the-weekend/
1204115639	20241015	202410	2024	2024.7808	COP	DEPUTIES						COP			USA	TEXAS	USA								1	060	060	06	2	6.0	2	1	2	-4.20168067226891	2	Texas, United States	US	USTX		31.106	-97.6475	TX	2	Texas, United States	US	USTX		31.106	-97.6475	TX	2	Texas, United States	US	USTX		31.106	-97.6475	TX	20241015021500	https://kvia.com/news/abc-7-alert-center/2024/10/14/person-airlifted-after-serious-crash-in-culberson-county/
1204115640	20241015	202410	2024	2024.7808	COP	POLICE						COP			USA	INDIANA	USA								1	090	090	09	2	-2.0	20	1	10	-5.26315789473684	0								0								0								20241015021500	https://www.wthitv.com/news/police-investigating-report-of-rape-at-indiana-state-university/article_84bb7568-8a7f-11ef-980a-9ff4d49df20b.html
1204115641	20241015	202410	2024	2024.7808	COP	POLICE						COP			USA	UNITED STATES	USA								1	090	090	09	2	-2.0	2	1	2	-4.01529636711281	3	Olmos Park, Texas, United States	US	USTX	TX029	29.4788	-98.4875	1343270	3	Olmos Park, Texas, United States	US	USTX		29.4788	-98.4875	1343270	3	Olmos Park, Texas, United States	US	USTX		29.4788	-98.4875	1343270	20241015021500	http://www.expressnews.com/news/article/suzanne-simpson-brad-search-landfill-san-antonio-19837050.php
1204115642	20241015	202410	2024	2024.7808	COP	POLICE						COP			USA	UNITED STATES	USA								1	090	090	09	2	-2.0	2	1	2	-4.01529636711281	3	Boerne, Texas, United States	US	USTX	TX259	29.7947	-98.732	1352557	3	Boerne, Texas, United States	US	USTX	TX259	29.7947	-98.732	1352557	3	Boerne, Texas, United States	US	USTX	TX259	29.7947	-98.732	1352557	20241015021500	http://www.expressnews.com/news/article/suzanne-simpson-brad-search-landfill-san-antonio-19837050.php
1204115643	20241015	202410	2024	2024.7808	COP	POLICE						COP			USA	SAN ANTONIO	USA								0	090	090	09	2	-2.0	7	1	7	-4.15360501567398	3	San Antonio, Texas, United States	US	USTX	TX029	29.4241	-98.4936	1380951	3	San Antonio, Texas, United States	US	USTX		29.4241	-98.4936	1380951	3	San Antonio, Texas, United States	US	USTX		29.4241	-98.4936	1380951	20241015021500	http://www.expressnews.com/news/article/suzanne-simpson-missing-san-antonio-mother-19836401.php
1204115644	20241015	202410	2024	2024.7808	COP	POLICE						COP			USA	SAN ANTONIO	USA								0	090	090	09	2	-2.0	1	1	1	-4.15360501567398	3	Bexar County, Texas, United States	US	USTX	TX029	29.4502	-98.517	1383800	3	Bexar County, Texas, United States	US	USTX		29.4502	-98.517	1383800	3	Bexar County, Texas, United States	US	USTX		29.4502	-98.517	1383800	20241015021500	http://www.expressnews.com/news/article/suzanne-simpson-missing-san-antonio-mother-19836401.php
1204115645	20241015	202410	2024	2024.7808	COP	POLICE						COP			USA	INDIANA	USA								1	1821	182	18	4	-9.0	10	1	10	-5.26315789473684	0								0								0								20241015021500	https://www.wthitv.com/news/police-investigating-report-of-rape-at-indiana-state-university/article_84bb7568-8a7f-11ef-980a-9ff4d49df20b.html
1204115646	20241015	202410	2024	2024.7808	COPGOV	DEPUTY						COP	GOV		MEDGOV	MEDIA						MED	GOV		0	110	110	11	3	-2.0	3	1	3	-2.83822138126774	4	Abuja, Abuja Federal Capital Territory, Nigeria	NI	NI11	191147	9.08333	7.53333	-1997013	4	Abuja, Abuja Federal Capital Territory, Nigeria	NI	NI11	191147	9.08333	7.53333	-1997013	4	Abuja, Abuja Federal Capital Territory, Nigeria	NI	NI11	191147	9.08333	7.53333	-1997013	20241015021500	https://punchng.com/apc-mocks-pdp-as-ighodalo-files-petition-at-edo-tribunal/
1204115647	20241015	202410	2024	2024.7808	COPGOV	DEPUTY						COP	GOV		NGA	NIGERIA	NGA								0	110	110	11	3	-2.0	2	1	2	-2.83822138126774	4	Abuja, Abuja Federal Capital Territory, Nigeria	NI	NI11	191147	9.08333	7.53333	-1997013	4	Abuja, Abuja Federal Capital Territory, Nigeria	NI	NI11	191147	9.08333	7.53333	-1997013	4	Abuja, Abuja Federal Capital Territory, Nigeria	NI	NI11	191147	9.08333	7.53333	-1997013	20241015021500	https://punchng.com/apc-mocks-pdp-as-ighodalo-files-petition-at-edo-tribunal/
1204115648	20241015	202410	2024	2024.7808	CRM	ROBBER						CRM													1	010	010	01	1	0.0	10	1	10	-10.6227106227106	3	Norwood Park, Illinois, United States	US	USIL	IL031	41.987	-87.7934	414721	0								3	Norwood Park, Illinois, United States	US	USIL		41.987	-87.7934	414721	20241015021500	https://chicago.suntimes.com/crime/2024/10/14/cpd-warns-armed-robbers-northwest-side-city-hall-crime-guns-weapons-violence
1204115649	20241015	202410	2024	2024.7808	CRM	KILLERS						CRM													0	040	040	04	1	1.0	10	1	10	-3.34190231362468	1	France	FR	FR		46	2	FR	0								1	France	FR	FR		46	2	FR	20241015021500	https://bloody-disgusting.com/podcasts/3835380/celebrating-one-year-the-lady-killers-podcast/
1204115650	20241015	202410	2024	2024.7808	CRM	THIEVES						CRM			FRA	FRENCH	FRA								1	020	020	02	1	3.0	6	1	6	-0.92989985693848	4	Ofakim, HaDarom, Israel	IS	IS01	18315	31.3141	34.6203	-780939	4	Ofakim, HaDarom, Israel	IS	IS01	18315	31.3141	34.6203	-780939	4	Ofakim, HaDarom, Israel	IS	IS01	18315	31.3141	34.6203	-780939	20241015021500	https://www.jpost.com/j-spot/article-824583
1204115651	20241015	202410	2024	2024.7808	CRM	THIEVES						CRM			GBR	UNITED KINGDOM	GBR								1	020	020	02	1	3.0	4	1	4	-0.92989985693848	4	Ofakim, HaDarom, Israel	IS	IS01	18315	31.3141	34.6203	-780939	4	Ofakim, HaDarom, Israel	IS	IS01	18315	31.3141	34.6203	-780939	4	Ofakim, HaDarom, Israel	IS	IS01	18315	31.3141	34.6203	-780939	20241015021500	https://www.jpost.com/j-spot/article-824583
1204115652	20241015	202410	2024	2024.7808	CRM	CRIMINAL						CRM			JUD	PROSECUTOR						JUD			1	110	110	11	3	-2.0	6	1	6	-12.987012987013	3	Anchorage, Alaska, United States	US	USAK	AK020	61.2181	-149.9	1398242	2	Alaska, United States	US	USAK		61.385	-152.268	AK	2	Alaska, United States	US	USAK		61.385	-152.268	AK	20241015021500	https://www.alaskasnewssource.com/2024/10/15/dozens-criminal-cases-dismissed-due-prosecutor-shortage/
1204115653	20241015	202410	2024	2024.7808	CRM	CRIMINAL						CRM			JUD	PROSECUTOR						JUD			1	110	110	11	3	-2.0	4	1	4	-12.987012987013	2	Alaska, United States	US	USAK		61.385	-152.268	AK	2	Alaska, United States	US	USAK		61.385	-152.268	AK	2	Alaska, United States	US	USAK		61.385	-152.268	AK	20241015021500	https://www.alaskasnewssource.com/2024/10/15/dozens-criminal-cases-dismissed-due-prosecutor-shortage/
1204115654	20241015	202410	2024	2024.7808	CVL	RESIDENTS						CVL													1	010	010	01	1	0.0	10	1	10	-0.72332730560578	3	Oakland, California, United States	US	USCA	CA001	37.8044	-122.271	277566	0								3	Oakland, California, United States	US	USCA	CA001	37.8044	-122.271	277566	20241015021500	https://www.foxnews.com/media/residents-explain-why-fled-bay-area-homelessness-just-getting-out-hand
1204115655	20241015	202410	2024	2024.7808	CVL	SCIENTIST						CVL													0	012	012	01	1	-0.4	3	1	3	0.57142857142857	2	Florida, United States	US	USFL		27.8333	-81.717	FL	0								2	Florida, United States	US	USFL		27.8333	-81.717	FL	20241015021500	https://dailygalaxy.com/2024/10/nasa-europa-clipper-explore-jupiters-moon/
1204115656	20241015	202410	2024	2024.7808	CVL	SCIENTIST						CVL													0	014	014	01	1	0.0	10	1	10	-2.41935483870967	4	Hyderabad, Andhra Pradesh, India	IN	IN02	17564	17.3753	78.4744	-2097701	0								4	Hyderabad, Andhra Pradesh, India	IN	IN02	17564	17.3753	78.4744	-2097701	20241015021500	https://www.thehindu.com/sci-tech/science/studies-zero-in-on-biology-tb-bacteria-uses-to-evade-immune-response/article68752164.ece
1204115657	20241015	202410	2024	2024.7808	CVL	RESIDENTS						CVL													1	014	014	01	1	0.0	10	1	10	-0.72332730560578	2	Idaho, United States	US	USID		44.2394	-114.51	ID	0								2	Idaho, United States	US	USID		44.2394	-114.51	ID	20241015021500	https://www.foxnews.com/media/residents-explain-why-fled-bay-area-homelessness-just-getting-out-hand
1204115658	20241015	202410	2024	2024.7808	CVL	TRAVELLER						CVL													0	030	030	03	1	4.0	3	1	3	8.75634517766497	4	Paris, France (general), France	FR	FR00	16282	48.8667	2.33333	-1456928	0								4	Paris, France (general), France	FR	FR00	16282	48.8667	2.33333	-1456928	20241015021500	https://menafn.com/1108777474/Mercure-Debuts-In-The-Heart-Of-Muscat-Offering-A-Gateway-To-Omani-Hospitality
1204115659	20241015	202410	2024	2024.7808	CVL	SCIENTIST						CVL													0	036	036	03	1	4.0	10	1	10	0.57142857142857	2	Florida, United States	US	USFL		27.8333	-81.717	FL	0								2	Florida, United States	US	USFL		27.8333	-81.717	FL	20241015021500	https://dailygalaxy.com/2024/10/nasa-europa-clipper-explore-jupiters-moon/
1204115660	20241015	202410	2024	2024.7808	CVL	COMMUNITY						CVL													1	036	036	03	1	4.0	10	1	10	2.41935483870967	2	North Carolina, United States	US	USNC		35.6411	-79.8431	NC	0								2	North Carolina, United States	US	USNC		35.6411	-79.8431	NC	20241015021500	https://www.inforum.com/opinion/letters/letter-heres-how-you-can-help-those-affected-by-recent-hurricanes
1204115661	20241015	202410	2024	2024.7808	CVL	COMMUNITY						CVL													1	036	036	03	1	4.0	10	1	10	-1.32890365448505	1	United States	US	US		39.828175	-98.5795	US	0								1	United States	US	US		39.828175	-98.5795	US	20241015021500	https://www.paloaltoonline.com/news/2024/10/14/costs-rise-as-public-safety-building-near-completion/
1204115662	20241015	202410	2024	2024.7808	CVL	COMMUNITY						CVL													0	042	042	04	1	1.9	3	1	3	-2.29153405474221	5	Niger State, Niger, Nigeria	NI	NI31	22950	10	6	-2020892	0								5	Niger State, Niger, Nigeria	NI	NI31	22950	10	6	-2020892	20241015021500	https://punchng.com/boat-accident-abdulrazaq-supports-victims-families-with-n100m/
1204115663	20241015	202410	2024	2024.7808	CVL	COMMUNITY						CVL													0	051	051	05	1	3.4	3	1	3	-2.29153405474221	5	Niger State, Niger, Nigeria	NI	NI31	22950	10	6	-2020892	0								5	Niger State, Niger, Nigeria	NI	NI31	22950	10	6	-2020892	20241015021500	https://punchng.com/boat-accident-abdulrazaq-supports-victims-families-with-n100m/
1204115664	20241015	202410	2024	2024.7808	CVL	CITIZEN						CVL													1	051	051	05	1	3.4	4	1	4	-3.79008746355685	3	Boston, Massachusetts, United States	US	USMA	MA025	42.3584	-71.0598	617565	0								3	Boston, Massachusetts, United States	US	USMA	MA025	42.3584	-71.0598	617565	20241015021500	https://www.gloucestertimes.com/election/galvin-faces-new-lawsuit-over-voters-rolls/article_40c89d7f-92d8-53c4-9398-02f70db40025.html
1204115665	20241015	202410	2024	2024.7808	CVL	NEIGHBORHOOD						CVL													1	051	051	05	1	3.4	5	1	5	-4.31034482758621	2	Delaware, United States	US	USDE		39.3498	-75.5148	DE	0								2	Delaware, United States	US	USDE		39.3498	-75.5148	DE	20241015021500	https://www.wisn.com/article/cudahy-homes-transform-into-the-nightmare-on-east-vogel-for-halloween/62601005
1204115666	20241015	202410	2024	2024.7808	CVL	CITIZEN						CVL													1	051	051	05	1	3.4	6	1	6	-3.79008746355685	2	Massachusetts, United States	US	USMA		42.2373	-71.5314	MA	0								2	Massachusetts, United States	US	USMA		42.2373	-71.5314	MA	20241015021500	https://www.gloucestertimes.com/election/galvin-faces-new-lawsuit-over-voters-rolls/article_40c89d7f-92d8-53c4-9398-02f70db40025.html
1204115667	20241015	202410	2024	2024.7808	CVL	COMMUNITY						CVL													1	071	071	07	2	7.4	5	1	5	1.69971671388102	2	Indiana, United States	US	USIN		39.8647	-86.2604	IN	0								2	Indiana, United States	US	USIN		39.8647	-86.2604	IN	20241015021500	https://www.wthitv.com/news/merom-camp-awarded-24-500-grant-to-strengthen-community-connections-and-combat-isolation/article_0f261002-8a6f-11ef-bc78-7fdcf2318d50.html
1204115668	20241015	202410	2024	2024.7808	CVL	COMMUNITY						CVL													0	084	084	08	2	7.0	10	1	10	-4.10628019323672	5	Auckland, Auckland, New Zealand	NZ	NZE7	22379	-36.75	174.583	11483124	0								5	Auckland, Auckland, New Zealand	NZ	NZE7	22379	-36.75	174.583	11483124	20241015021500	https://www.rnz.co.nz/news/national/530823/burglar-breaks-into-refugee-neighbour-s-unit-sells-almost-everything-in-it
1204115669	20241015	202410	2024	2024.7808	CVL	SCIENTIST						CVL			CHE	SWITZERLAND	CHE								1	090	090	09	2	-2.0	8	1	8	4.45682451253482	1	Slovenia	SI	SI		46.25	15.166667	SI	1	Slovenia	SI	SI		46.25	15.166667	SI	1	Slovenia	SI	SI		46.25	15.166667	SI	20241015021500	https://www.chipchick.com/2024/10/young-golden-eagles-actually-improve-their-flight-skills-as-they-age-allowing-them-to-explore-much-larger-areas-of-the-central-european-alps
1204115670	20241015	202410	2024	2024.7808	CVL	SCIENTIST						CVL			CHE	SWITZERLAND	CHE								1	090	090	09	2	-2.0	2	1	2	4.45682451253482	1	Switzerland	SZ	SZ		47	8	SZ	1	Switzerland	SZ	SZ		47	8	SZ	1	Switzerland	SZ	SZ		47	8	SZ	20241015021500	https://www.chipchick.com/2024/10/young-golden-eagles-actually-improve-their-flight-skills-as-they-age-allowing-them-to-explore-much-larger-areas-of-the-central-european-alps
1204115671	20241015	202410	2024	2024.7808	CVL	VILLAGER						CVL			COP	POLICE						COP			1	010	010	01	1	0.0	7	1	7	-7.57097791798108	4	Guwahati, Assam, India	IN	IN03	17583	26.1833	91.7333	-2096059	4	Guwahati, Assam, India	IN	IN03	17583	26.1833	91.7333	-2096059	4	Guwahati, Assam, India	IN	IN03	17583	26.1833	91.7333	-2096059	20241015021500	https://timesofindia.indiatimes.com/city/guwahati/dead-body-of-jailbreak-prisoner-discovered-in-assam-water-body/articleshow/114230622.cms
1204115672	20241015	202410	2024	2024.7808	CVL	VILLAGER						CVL			COP	POLICE						COP			1	010	010	01	1	0.0	3	1	3	-7.57097791798108	4	Bandra, Maharashtra, India	IN	IN16	70184	19.0667	72.8333	82619	4	Bandra, Maharashtra, India	IN	IN16	70184	19.0667	72.8333	82619	4	Bandra, Maharashtra, India	IN	IN16	70184	19.0667	72.8333	82619	20241015021500	https://timesofindia.indiatimes.com/city/guwahati/dead-body-of-jailbreak-prisoner-discovered-in-assam-water-body/articleshow/114230622.cms
1204115673	20241015	202410	2024	2024.7808	CVL	COMMUNITY						CVL			GOV	GOVERNOR						GOV			0	051	051	05	1	3.4	3	1	3	-2.29153405474221	4	Gbajigbo, Nigeria (general), Nigeria	NI	NI00	191185	8.01667	3.83333	-2008303	4	Gbajigbo, Nigeria (general), Nigeria	NI	NI00	191185	8.01667	3.83333	-2008303	4	Gbajigbo, Nigeria (general), Nigeria	NI	NI00	191185	8.01667	3.83333	-2008303	20241015021500	https://punchng.com/boat-accident-abdulrazaq-supports-victims-families-with-n100m/
1204115674	20241015	202410	2024	2024.7808	CVL	COMMUNITY						CVL			IND	PUNE	IND								1	042	042	04	1	1.9	10	1	10	3.36787564766839	4	Pune, Maharashtra, India	IN	IN16	70178	18.5333	73.8667	-2108361	4	Pune, Maharashtra, India	IN	IN16	70178	18.5333	73.8667	-2108361	4	Pune, Maharashtra, India	IN	IN16	70178	18.5333	73.8667	-2108361	20241015021500	https://www.hindustantimes.com/cities/pune-news/mental-health-survey-from-next-week-in-maharashtra-101728933350862.html
1204115675	20241015	202410	2024	2024.7808	CVL	CITIZEN						CVL			ISR	ISRAEL	ISR								1	050	050	05	1	3.5	5	1	5	-3.53319057815846	4	Jerusalem, Israel (general), Israel	IS	IS00	18315	31.7667	35.2333	-797092	4	Jerusalem, Israel (general), Israel	IS	IS00	18315	31.7667	35.2333	-797092	4	Jerusalem, Israel (general), Israel	IS	IS00	18315	31.7667	35.2333	-797092	20241015021500	https://www.jpost.com/opinion/article-824567
1204115676	20241015	202410	2024	2024.7808	CVL	CITIZEN						CVL			ISR	ISRAEL	ISR								1	190	190	19	4	-10.0	5	1	5	-3.53319057815846	4	Gaza, Israel (general), Israel	IS	IS00	18315	31.4167	34.3333	-797156	4	Gaza, Israel (general), Israel	IS	IS00	18315	31.4167	34.3333	-797156	4	Gaza, Israel (general), Israel	IS	IS00	18315	31.4167	34.3333	-797156	20241015021500	https://www.jpost.com/opinion/article-824567
1204115677	20241015	202410	2024	2024.7808	CVL	VILLAGE						CVL			JEW	JEWISH				JEW					0	017	017	01	1	0.0	6	1	6	-0.46012269938651	4	Jerusalem, Israel (general), Israel	IS	IS00	18315	31.7667	35.2333	-797092	4	Jerusalem, Israel (general), Israel	IS	IS00	18315	31.7667	35.2333	-797092	4	Jerusalem, Israel (general), Israel	IS	IS00	18315	31.7667	35.2333	-797092	20241015021500	https://www.jpost.com/diaspora/article-824617
1204115678	20241015	202410	2024	2024.7808	CVL	VILLAGE						CVL			JEW	JEWISH				JEW					0	017	017	01	1	0.0	4	1	4	-0.46012269938651	2	New York, United States	US	USNY		42.1497	-74.9384	NY	2	New York, United States	US	USNY		42.1497	-74.9384	NY	2	New York, United States	US	USNY		42.1497	-74.9384	NY	20241015021500	https://www.jpost.com/diaspora/article-824617
1204115679	20241015	202410	2024	2024.7808	CVL	RESIDENTS						CVL			MED	JOURNALIST						MED			1	010	010	01	1	0.0	10	1	10	-5.57620817843867	4	Beirut, Beyrouth, Lebanon	LE	LE04	18808	33.8719	35.5097	-801546	4	Beirut, Beyrouth, Lebanon	LE	LE04	18808	33.8719	35.5097	-801546	4	Beirut, Beyrouth, Lebanon	LE	LE04	18808	33.8719	35.5097	-801546	20241015021500	https://www.theglobeandmail.com/world/article-funeral-in-maaysrah-lebanon-remembers-12-victims-after-israeli-strike/
1204115680	20241015	202410	2024	2024.7808	CVL	COMMUNITY						CVL			NERCVL	NIGER	NER					CVL			0	043	043	04	1	2.8	1	1	1	-2.29153405474221	5	Niger State, Niger, Nigeria	NI	NI31	22950	10	6	-2020892	5	Niger State, Niger, Nigeria	NI	NI31	22950	10	6	-2020892	5	Niger State, Niger, Nigeria	NI	NI31	22950	10	6	-2020892	20241015021500	https://punchng.com/boat-accident-abdulrazaq-supports-victims-families-with-n100m/
1204115681	20241015	202410	2024	2024.7808	CVL	COMMUNITY						CVL			NGA	NIGERIA	NGA								0	043	043	04	1	2.8	2	1	2	-2.29153405474221	5	Niger State, Niger, Nigeria	NI	NI31	22950	10	6	-2020892	5	Niger State, Niger, Nigeria	NI	NI31	22950	10	6	-2020892	5	Niger State, Niger, Nigeria	NI	NI31	22950	10	6	-2020892	20241015021500	https://punchng.com/boat-accident-abdulrazaq-supports-victims-families-with-n100m/
1204115682	20241015	202410	2024	2024.7808	CVL	COMMUNITY						CVL			NGACVL	NIGERIA	NGA					CVL			0	043	043	04	1	2.8	2	1	2	-2.29153405474221	5	Niger State, Niger, Nigeria	NI	NI31	22950	10	6	-2020892	5	Niger State, Niger, Nigeria	NI	NI31	22950	10	6	-2020892	5	Niger State, Niger, Nigeria	NI	NI31	22950	10	6	-2020892	20241015021500	https://punchng.com/boat-accident-abdulrazaq-supports-victims-families-with-n100m/
1204115683	20241015	202410	2024	2024.7808	CVL	TRAVELLER						CVL			OMN	OMAN	OMN								0	030	030	03	1	4.0	2	1	2	8.75634517766497	1	Oman	MU	MU		21	57	MU	1	Oman	MU	MU		21	57	MU	1	Oman	MU	MU		21	57	MU	20241015021500	https://menafn.com/1108777474/Mercure-Debuts-In-The-Heart-Of-Muscat-Offering-A-Gateway-To-Omani-Hospitality
1204115684	20241015	202410	2024	2024.7808	CVL	INDIGENOUS PEOPLE						CVL			USA	MILWAUKEE	USA								1	042	042	04	1	1.9	45	1	10	5.59139784946237	0								0								0								20241015021500	https://www.wisn.com/article/milwaukee-public-museum-hosts-indigenous-peoples-day/62600385
1204115685	20241015	202410	2024	2024.7808	CVL	RESIDENTS						CVL			idg	INDIGENOUS			idg						0	043	043	04	1	2.8	1	1	1	2.72108843537415	3	Long Island, New York, United States	US	USNY	NY067	43.152	-76.061	955858	2	New York, United States	US	USNY		42.1497	-74.9384	NY	3	Long Island, New York, United States	US	USNY		43.152	-76.061	955858	20241015021500	https://www.newsday.com/long-island/suffolk/indigenous-peoples-day-shinnecock-southampton-tnv0tdaf
1204115686	20241015	202410	2024	2024.7808	DEU	GERMANY	DEU																		0	180	180	18	4	-9.0	5	1	5	-3.44142951687624	4	Wuppertal, Nordrhein-Westfalen, Germany	GM	GM07	16551	51.2667	7.18333	-1891347	0								4	Wuppertal, Nordrhein-Westfalen, Germany	GM	GM07	16551	51.2667	7.18333	-1891347	20241015021500	https://financialpost.com/pmn/business-pmn/brutal-acid-attack-prompts-executive-to-hunt-down-his-assailants
1204115687	20241015	202410	2024	2024.7808	ECU	ECUADOR	ECU								COL	COLOMBIA	COL								1	130	130	13	3	-4.4	6	1	6	-3.06666666666667	1	Colombia	CO	CO		4	-72	CO	4	Malpelo, Esmeraldas, Ecuador	EC	EC09	18585	0.8	-80	-930560	4	Malpelo, Esmeraldas, Ecuador	EC	EC09	18585	0.8	-80	-930560	20241015021500	https://www.ibtimes.com/colombian-pacific-fighting-save-sharks-3746676
1204115688	20241015	202410	2024	2024.7808	EDU	COLLEGE						EDU													0	010	010	01	1	0.0	10	3	10	-0.132740124433762	4	Balnarring, Victoria, Australia	AS	AS07	5405	-38.3667	145.133	-1557197	0								4	Balnarring, Victoria, Australia	AS	AS07	5405	-38.3667	145.133	-1557197	20241015021500	https://www.standard.net.au/story/8792390/wonderful-move-foreign-gps-fast-tracked-to-plug-gap/
1204115689	20241015	202410	2024	2024.7808	EDU	COLLEGE						EDU													0	010	010	01	1	0.0	15	3	15	-0.132740124433762	4	Mornington, Victoria, Australia	AS	AS07	5405	-38.2167	145.033	-1588943	0								4	Mornington, Victoria, Australia	AS	AS07	5405	-38.2167	145.033	-1588943	20241015021500	https://www.standard.net.au/story/8792390/wonderful-move-foreign-gps-fast-tracked-to-plug-gap/
1204115690	20241015	202410	2024	2024.7808	EDU	UNIVERSITY						EDU													1	010	010	01	1	0.0	4	1	4	4.72727272727273	4	Keffi, Jigawa, Nigeria	NI	NI39	191018	12.2744	8.96828	-2015594	0								4	Keffi, Jigawa, Nigeria	NI	NI39	191018	12.2744	8.96828	-2015594	20241015021500	https://punchng.com/vc-tasks-nasarawa-youths-on-skills-acquisition/
1204115691	20241015	202410	2024	2024.7808	EDU	UNIVERSITY						EDU													1	010	010	01	1	0.0	6	1	6	4.72727272727273	4	Nasarawa, Sokoto, Nigeria	NI	NI51	23100	13.0303	5.1938	10483473	0								4	Nasarawa, Sokoto, Nigeria	NI	NI51	23100	13.0303	5.1938	10483473	20241015021500	https://punchng.com/vc-tasks-nasarawa-youths-on-skills-acquisition/
1204115692	20241015	202410	2024	2024.7808	EDU	COLLEGE						EDU													0	020	020	02	1	3.0	10	3	10	-0.132740124433762	4	Balnarring, Victoria, Australia	AS	AS07	5405	-38.3667	145.133	-1557197	0								4	Balnarring, Victoria, Australia	AS	AS07	5405	-38.3667	145.133	-1557197	20241015021500	https://www.standard.net.au/story/8792390/wonderful-move-foreign-gps-fast-tracked-to-plug-gap/
1204115693	20241015	202410	2024	2024.7808	EDU	COLLEGE						EDU													0	020	020	02	1	3.0	15	3	15	-0.132740124433762	4	Mornington, Victoria, Australia	AS	AS07	5405	-38.2167	145.033	-1588943	0								4	Mornington, Victoria, Australia	AS	AS07	5405	-38.2167	145.033	-1588943	20241015021500	https://www.standard.net.au/story/8792390/wonderful-move-foreign-gps-fast-tracked-to-plug-gap/
1204115694	20241015	202410	2024	2024.7808	EDU	COLLEGE						EDU													0	020	020	02	1	3.0	3	1	3	-1.21212121212121	2	Iowa, United States	US	USIA		42.0046	-93.214	IA	0								2	Iowa, United States	US	USIA		42.0046	-93.214	IA	20241015021500	https://www.yahoo.com/news/dmacc-dean-asks-board-trustees-013916427.html
1204115695	20241015	202410	2024	2024.7808	EDU	STUDENT						EDU													1	020	020	02	1	3.0	10	1	10	3.41098169717138	1	United States	US	US		39.828175	-98.5795	US	0								1	United States	US	US		39.828175	-98.5795	US	20241015021500	https://ucsdguardian.org/2024/10/14/for-the-love-of-language-lingua-celebrates-community-and-communication/
1204115696	20241015	202410	2024	2024.7808	EDU	UNIVERSITY						EDU													1	036	036	03	1	4.0	2	1	2	5.15759312320916	3	University Book Store, Iowa, United States	US	USIA	IA153	41.6044	-93.6588	2048581	0								3	University Book Store, Iowa, United States	US	USIA		41.6044	-93.6588	2048581	20241015021500	https://iowastatedaily.com/301912/news/shark-tank-personality-daymond-john-to-visit-iowa-state-next-week/
1204115697	20241015	202410	2024	2024.7808	EDU	STUDENT						EDU													1	042	042	04	1	1.9	10	1	10	-2.46679316888045	2	Massachusetts, United States	US	USMA		42.2373	-71.5314	MA	0								2	Massachusetts, United States	US	USMA		42.2373	-71.5314	MA	20241015021500	https://www.necn.com/news/local/segregation-massachusetts-schools/3357174/
1204115698	20241015	202410	2024	2024.7808	EDU	STUDENT						EDU													1	042	042	04	1	1.9	3	1	3	2.18978102189781	2	North Dakota, United States	US	USND		47.5362	-99.793	ND	0								2	North Dakota, United States	US	USND		47.5362	-99.793	ND	20241015021500	https://www.inforum.com/news/north-dakota/ndsu-program-offers-students-a-direct-path-into-north-dakotas-energy-sector
1204115699	20241015	202410	2024	2024.7808	EDU	SCHOOL						EDU													1	043	043	04	1	2.8	10	1	10	1.15221346270467	3	Deep Creek, South Dakota, United States	US	USSD	SD117	44.2411	-100.667	1254644	0								3	Deep Creek, South Dakota, United States	US	USSD		44.2411	-100.667	1254644	20241015021500	https://www.tsln.com/news/2024-fall-cattle-journal-deep-creek-angus-ranch-building-good-cows/
1204115700	20241015	202410	2024	2024.7808	EDU	COLLEGE						EDU													0	043	043	04	1	2.8	3	1	3	-1.21212121212121	2	Iowa, United States	US	USIA		42.0046	-93.214	IA	0								2	Iowa, United States	US	USIA		42.0046	-93.214	IA	20241015021500	https://www.yahoo.com/news/dmacc-dean-asks-board-trustees-013916427.html
1204115701	20241015	202410	2024	2024.7808	EDU	UNIVERSITY						EDU													0	046	046	04	1	7.0	10	1	10	-0.72332730560578	3	Oakland, California, United States	US	USCA	CA001	37.8044	-122.271	277566	0								3	Oakland, California, United States	US	USCA	CA001	37.8044	-122.271	277566	20241015021500	https://www.foxnews.com/media/residents-explain-why-fled-bay-area-homelessness-just-getting-out-hand
1204115702	20241015	202410	2024	2024.7808	EDU	UNIVERSITY						EDU													0	051	051	05	1	3.4	6	1	6	4.72727272727273	4	Nasarawa, Sokoto, Nigeria	NI	NI51	23100	13.0303	5.1938	10483473	0								4	Nasarawa, Sokoto, Nigeria	NI	NI51	23100	13.0303	5.1938	10483473	20241015021500	https://punchng.com/vc-tasks-nasarawa-youths-on-skills-acquisition/
1204115703	20241015	202410	2024	2024.7808	EDU	STUDENT						EDU													1	051	051	05	1	3.4	2	1	2	5.15759312320916	3	University Book Store, Iowa, United States	US	USIA	IA153	41.6044	-93.6588	2048581	0								3	University Book Store, Iowa, United States	US	USIA		41.6044	-93.6588	2048581	20241015021500	https://iowastatedaily.com/301912/news/shark-tank-personality-daymond-john-to-visit-iowa-state-next-week/
1204115704	20241015	202410	2024	2024.7808	EDU	COLLEGE						EDU													0	070	070	07	2	7.0	5	1	5	-1.21212121212121	2	Iowa, United States	US	USIA		42.0046	-93.214	IA	0								2	Iowa, United States	US	USIA		42.0046	-93.214	IA	20241015021500	https://www.yahoo.com/news/dmacc-dean-asks-board-trustees-013916427.html
1204115705	20241015	202410	2024	2024.7808	EDU	SCHOOL						EDU													1	071	071	07	2	7.4	10	1	10	2.5390625	2	Iowa, United States	US	USIA		42.0046	-93.214	IA	0								2	Iowa, United States	US	USIA		42.0046	-93.214	IA	20241015021500	https://siouxcityjournal.com/news/local/education/sioux-city-school-board-substitute-pay/article_4c08c328-8a80-11ef-97f5-3fc98b2e8f1a.html
1204115706	20241015	202410	2024	2024.7808	EDU	UNIVERSITY						EDU													0	090	090	09	2	-2.0	6	1	6	-1.45175064047822	1	Spain	SP	SP		40	-4	SP	0								1	Spain	SP	SP		40	-4	SP	20241015021500	https://www.yahoo.com/news/buresh-blog-mighty-milton-recap-011151480.html
1204115707	20241015	202410	2024	2024.7808	EDU	STUDENT						EDU													1	112	112	11	3	-2.0	1	1	1	-1.21212121212121	3	Des Moines Area Community College, Iowa, United States	US	USIA	IA153	41.7083	-93.6099	2047712	0								2	Iowa, United States	US	USIA		42.0046	-93.214	IA	20241015021500	https://www.yahoo.com/news/dmacc-dean-asks-board-trustees-013916427.html
1204115708	20241015	202410	2024	2024.7808	EDU	STUDENT						EDU													1	112	112	11	3	-2.0	2	1	2	-1.21212121212121	2	Iowa, United States	US	USIA		42.0046	-93.214	IA	0								2	Iowa, United States	US	USIA		42.0046	-93.214	IA	20241015021500	https://www.yahoo.com/news/dmacc-dean-asks-board-trustees-013916427.html
1204115709	20241015	202410	2024	2024.7808	EDU	UNIVERSITY						EDU													0	172	172	17	4	-5.0	3	1	3	-1.21212121212121	2	Iowa, United States	US	USIA		42.0046	-93.214	IA	0								2	Iowa, United States	US	USIA		42.0046	-93.214	IA	20241015021500	https://www.yahoo.com/news/dmacc-dean-asks-board-trustees-013916427.html
1204115710	20241015	202410	2024	2024.7808	EDU	PROFESSOR						EDU			CAN	OTTAWA	CAN								0	043	043	04	1	2.8	2	1	2	-5.78616352201258	4	New Delhi, Delhi, India	IN	IN07	17911	28.6	77.2	-2106102	4	New Delhi, Delhi, India	IN	IN07	17911	28.6	77.2	-2106102	4	Ottawa, Ontario, Canada	CA	CA08	12755	45.4167	-75.7	-570760	20241015021500	https://www.odt.co.nz/news/world/canada-expels-indian-diplomats-over-links-murder-case
1204115711	20241015	202410	2024	2024.7808	EDU	COLLEGE						EDU			CVLEDU	COMMUNITY						CVL	EDU		1	112	112	11	3	-2.0	8	1	8	-1.21212121212121	2	Iowa, United States	US	USIA		42.0046	-93.214	IA	2	Iowa, United States	US	USIA		42.0046	-93.214	IA	2	Iowa, United States	US	USIA		42.0046	-93.214	IA	20241015021500	https://www.yahoo.com/news/dmacc-dean-asks-board-trustees-013916427.html
1204115712	20241015	202410	2024	2024.7808	EDU	SCHOOL						EDU			FJI	FIJI	FJI								1	043	043	04	1	2.8	6	1	6	3.01507537688442	4	Nasinu, Northern, Fiji	FJ	FJ03	40201	-16.7667	179.483	-1191841	4	Nasinu, Northern, Fiji	FJ	FJ03	40201	-16.7667	179.483	-1191841	4	Nasinu, Northern, Fiji	FJ	FJ03	40201	-16.7667	179.483	-1191841	20241015021500	https://www.fijivillage.com/news/More-than-20000-people-attended-FNU-Open-Day-2024-rfx485/
1204115713	20241015	202410	2024	2024.7808	EDU	COLLEGE						EDU			GOV	REGULATOR						GOV			0	010	010	01	1	0.0	10	3	10	-0.132740124433762	4	Balnarring, Victoria, Australia	AS	AS07	5405	-38.3667	145.133	-1557197	4	Balnarring, Victoria, Australia	AS	AS07	5405	-38.3667	145.133	-1557197	4	Balnarring, Victoria, Australia	AS	AS07	5405	-38.3667	145.133	-1557197	20241015021500	https://www.standard.net.au/story/8792390/wonderful-move-foreign-gps-fast-tracked-to-plug-gap/
1204115714	20241015	202410	2024	2024.7808	EDU	COLLEGE						EDU			GOV	REGULATOR						GOV			0	010	010	01	1	0.0	15	3	15	-0.132740124433762	4	Mornington, Victoria, Australia	AS	AS07	5405	-38.2167	145.033	-1588943	4	Mornington, Victoria, Australia	AS	AS07	5405	-38.2167	145.033	-1588943	4	Mornington, Victoria, Australia	AS	AS07	5405	-38.2167	145.033	-1588943	20241015021500	https://www.standard.net.au/story/8792390/wonderful-move-foreign-gps-fast-tracked-to-plug-gap/
1204115715	20241015	202410	2024	2024.7808	EDU	COLLEGE						EDU			GOV	REGULATOR						GOV			0	012	012	01	1	-0.4	10	3	10	-0.132740124433762	4	Balnarring, Victoria, Australia	AS	AS07	5405	-38.3667	145.133	-1557197	4	Balnarring, Victoria, Australia	AS	AS07	5405	-38.3667	145.133	-1557197	4	Balnarring, Victoria, Australia	AS	AS07	5405	-38.3667	145.133	-1557197	20241015021500	https://www.standard.net.au/story/8792390/wonderful-move-foreign-gps-fast-tracked-to-plug-gap/
1204115716	20241015	202410	2024	2024.7808	EDU	COLLEGE						EDU			GOV	REGULATOR						GOV			0	012	012	01	1	-0.4	15	3	15	-0.132740124433762	4	Mornington, Victoria, Australia	AS	AS07	5405	-38.2167	145.033	-1588943	4	Mornington, Victoria, Australia	AS	AS07	5405	-38.2167	145.033	-1588943	4	Mornington, Victoria, Australia	AS	AS07	5405	-38.2167	145.033	-1588943	20241015021500	https://www.standard.net.au/story/8792390/wonderful-move-foreign-gps-fast-tracked-to-plug-gap/
1204115717	20241015	202410	2024	2024.7808	EDU	COLLEGE						EDU			GOV	REGULATOR						GOV			0	020	020	02	1	3.0	10	3	10	-0.132740124433762	4	Balnarring, Victoria, Australia	AS	AS07	5405	-38.3667	145.133	-1557197	4	Balnarring, Victoria, Australia	AS	AS07	5405	-38.3667	145.133	-1557197	4	Balnarring, Victoria, Australia	AS	AS07	5405	-38.3667	145.133	-1557197	20241015021500	https://www.standard.net.au/story/8792390/wonderful-move-foreign-gps-fast-tracked-to-plug-gap/
1204115718	20241015	202410	2024	2024.7808	EDU	COLLEGE						EDU			GOV	REGULATOR						GOV			0	020	020	02	1	3.0	15	3	15	-0.132740124433762	4	Mornington, Victoria, Australia	AS	AS07	5405	-38.2167	145.033	-1588943	4	Mornington, Victoria, Australia	AS	AS07	5405	-38.2167	145.033	-1588943	4	Mornington, Victoria, Australia	AS	AS07	5405	-38.2167	145.033	-1588943	20241015021500	https://www.standard.net.au/story/8792390/wonderful-move-foreign-gps-fast-tracked-to-plug-gap/
1204115719	20241015	202410	2024	2024.7808	EDU	SCHOOL						EDU			GOV	MINISTRY						GOV			0	040	040	04	1	1.0	10	1	10	2.14285714285714	4	Abuja, Abuja Federal Capital Territory, Nigeria	NI	NI11	191147	9.08333	7.53333	-1997013	4	Abuja, Abuja Federal Capital Territory, Nigeria	NI	NI11	191147	9.08333	7.53333	-1997013	4	Abuja, Abuja Federal Capital Territory, Nigeria	NI	NI11	191147	9.08333	7.53333	-1997013	20241015021500	https://punchng.com/fg-okays-plumbing-hairstyling-others-in-basic-school-curriculum/
1204115720	20241015	202410	2024	2024.7808	EDU	PUPIL						EDU			NGA	ABUJA	NGA								1	020	020	02	1	3.0	10	1	10	2.14285714285714	4	Abuja, Abuja Federal Capital Territory, Nigeria	NI	NI11	191147	9.08333	7.53333	-1997013	4	Abuja, Abuja Federal Capital Territory, Nigeria	NI	NI11	191147	9.08333	7.53333	-1997013	4	Abuja, Abuja Federal Capital Territory, Nigeria	NI	NI11	191147	9.08333	7.53333	-1997013	20241015021500	https://punchng.com/fg-okays-plumbing-hairstyling-others-in-basic-school-curriculum/
1204115721	20241015	202410	2024	2024.7808	EDU	PUPIL						EDU			NGA	ABUJA	NGA								1	046	046	04	1	7.0	10	1	10	2.14285714285714	4	Abuja, Abuja Federal Capital Territory, Nigeria	NI	NI11	191147	9.08333	7.53333	-1997013	4	Abuja, Abuja Federal Capital Territory, Nigeria	NI	NI11	191147	9.08333	7.53333	-1997013	4	Abuja, Abuja Federal Capital Territory, Nigeria	NI	NI11	191147	9.08333	7.53333	-1997013	20241015021500	https://punchng.com/fg-okays-plumbing-hairstyling-others-in-basic-school-curriculum/
1204115722	20241015	202410	2024	2024.7808	EDU	STUDENT						EDU			NGA	NIGERIA	NGA								0	051	051	05	1	3.4	2	1	2	4.72727272727273	4	Keffi, Jigawa, Nigeria	NI	NI39	191018	12.2744	8.96828	-2015594	4	Keffi, Jigawa, Nigeria	NI	NI39	191018	12.2744	8.96828	-2015594	4	Keffi, Jigawa, Nigeria	NI	NI39	191018	12.2744	8.96828	-2015594	20241015021500	https://punchng.com/vc-tasks-nasarawa-youths-on-skills-acquisition/
1204115723	20241015	202410	2024	2024.7808	EDU	PROFESSOR						EDU			USA	UNITED STATES	USA								0	010	010	01	1	0.0	4	1	4	-2.2354694485842	3	University Of Missouri, Missouri, United States	US	USMO	MO019	38.9459	-92.3277	728067	3	University Of Missouri, Missouri, United States	US	USMO		38.9459	-92.3277	728067	3	University Of Missouri, Missouri, United States	US	USMO		38.9459	-92.3277	728067	20241015021500	https://thenewamerican.com/us/politics/missouri-to-consider-legalizing-abortion-with-amendment-3/
1204115724	20241015	202410	2024	2024.7808	EDU	COLLEGE						EDU			USA	UNITED STATES	USA								0	020	020	02	1	3.0	4	1	3	-1.21212121212121	2	Iowa, United States	US	USIA		42.0046	-93.214	IA	2	Iowa, United States	US	USIA		42.0046	-93.214	IA	2	Iowa, United States	US	USIA		42.0046	-93.214	IA	20241015021500	https://www.yahoo.com/news/dmacc-dean-asks-board-trustees-013916427.html
1204115725	20241015	202410	2024	2024.7808	EDU	UNIVERSITY						EDU			USA	UNITED STATES	USA								1	036	036	03	1	4.0	2	1	2	5.15759312320916	3	University Book Store, Iowa, United States	US	USIA	IA153	41.6044	-93.6588	2048581	3	University Book Store, Iowa, United States	US	USIA		41.6044	-93.6588	2048581	3	University Book Store, Iowa, United States	US	USIA		41.6044	-93.6588	2048581	20241015021500	https://iowastatedaily.com/301912/news/shark-tank-personality-daymond-john-to-visit-iowa-state-next-week/
1204115726	20241015	202410	2024	2024.7808	EDU	UNIVERSITY						EDU			USA	UNITED STATES	USA								1	036	036	03	1	4.0	2	1	2	5.15759312320916	3	University Book Store, Iowa, United States	US	USIA	IA153	41.6044	-93.6588	2048581	2	Iowa, United States	US	USIA		42.0046	-93.214	IA	2	Iowa, United States	US	USIA		42.0046	-93.214	IA	20241015021500	https://iowastatedaily.com/301912/news/shark-tank-personality-daymond-john-to-visit-iowa-state-next-week/
1204115727	20241015	202410	2024	2024.7808	EDU	STUDENT						EDU			USA	NORTH DAKOTA	USA								1	036	036	03	1	4.0	10	1	10	2.18978102189781	2	North Dakota, United States	US	USND		47.5362	-99.793	ND	2	North Dakota, United States	US	USND		47.5362	-99.793	ND	2	North Dakota, United States	US	USND		47.5362	-99.793	ND	20241015021500	https://www.inforum.com/news/north-dakota/ndsu-program-offers-students-a-direct-path-into-north-dakotas-energy-sector
1204115728	20241015	202410	2024	2024.7808	EDU	STUDENT						EDU			USA	UNITED STATES	USA								1	043	043	04	1	2.8	4	1	4	2.18978102189781	3	Williston Basin, North Dakota, United States	US	USND	ND023	47.2503	-101.751	1260947	3	Williston Basin, North Dakota, United States	US	USND		47.2503	-101.751	1260947	3	Williston Basin, North Dakota, United States	US	USND		47.2503	-101.751	1260947	20241015021500	https://www.inforum.com/news/north-dakota/ndsu-program-offers-students-a-direct-path-into-north-dakotas-energy-sector
1204115729	20241015	202410	2024	2024.7808	EDU	STUDENT						EDU			USA	UNITED STATES	USA								1	051	051	05	1	3.4	2	1	2	5.15759312320916	3	University Book Store, Iowa, United States	US	USIA	IA153	41.6044	-93.6588	2048581	3	University Book Store, Iowa, United States	US	USIA		41.6044	-93.6588	2048581	3	University Book Store, Iowa, United States	US	USIA		41.6044	-93.6588	2048581	20241015021500	https://iowastatedaily.com/301912/news/shark-tank-personality-daymond-john-to-visit-iowa-state-next-week/
1204115730	20241015	202410	2024	2024.7808	EDU	STUDENT						EDU			USA	UNITED STATES	USA								1	112	112	11	3	-2.0	4	1	2	-1.21212121212121	2	Iowa, United States	US	USIA		42.0046	-93.214	IA	2	Iowa, United States	US	USIA		42.0046	-93.214	IA	2	Iowa, United States	US	USIA		42.0046	-93.214	IA	20241015021500	https://www.yahoo.com/news/dmacc-dean-asks-board-trustees-013916427.html
1204115731	20241015	202410	2024	2024.7808	EDU	UNIVERSITY						EDU			USA	UNITED STATES	USA								0	172	172	17	4	-5.0	2	1	2	-1.21212121212121	2	Iowa, United States	US	USIA		42.0046	-93.214	IA	2	Iowa, United States	US	USIA		42.0046	-93.214	IA	2	Iowa, United States	US	USIA		42.0046	-93.214	IA	20241015021500	https://www.yahoo.com/news/dmacc-dean-asks-board-trustees-013916427.html
1204115732	20241015	202410	2024	2024.7808	EDU	PROFESSOR						EDU			USAEDU	MISSOURI	USA					EDU			0	010	010	01	1	0.0	2	1	2	-2.2354694485842	3	University Of Missouri, Missouri, United States	US	USMO	MO019	38.9459	-92.3277	728067	3	University Of Missouri, Missouri, United States	US	USMO		38.9459	-92.3277	728067	3	University Of Missouri, Missouri, United States	US	USMO		38.9459	-92.3277	728067	20241015021500	https://thenewamerican.com/us/politics/missouri-to-consider-legalizing-abortion-with-amendment-3/
1204115733	20241015	202410	2024	2024.7808	EDU	SCHOOL						EDU			USAEDU	UNITED STATES	USA					EDU			1	042	042	04	1	1.9	4	1	4	0	2	New York, United States	US	USNY		42.1497	-74.9384	NY	2	New York, United States	US	USNY		42.1497	-74.9384	NY	2	New York, United States	US	USNY		42.1497	-74.9384	NY	20241015021500	https://www.forexlive.com/centralbank/federal-reserve-speakers-today-include-daly-kugler-and-bostic-20241015/
1204115734	20241015	202410	2024	2024.7808	EGY	EGYPTIAN	EGY								ISR	ISRAEL	ISR								0	130	130	13	3	-4.4	1	1	1	-5.14950166112957	1	Egypt	EG	EG		27	30	EG	4	Jerusalem, Israel (general), Israel	IS	IS00	18315	31.7667	35.2333	-797092	4	Jerusalem, Israel (general), Israel	IS	IS00	18315	31.7667	35.2333	-797092	20241015021500	https://www.onlineopinion.com.au/view.asp?article=23191
1204115735	20241015	202410	2024	2024.7808	EGY	EGYPTIAN	EGY								ISR	ISRAEL	ISR								0	130	130	13	3	-4.4	1	1	1	-5.14950166112957	1	Egypt	EG	EG		27	30	EG	4	Jerusalem, Israel (general), Israel	IS	IS00	18315	31.7667	35.2333	-797092	1	Egypt	EG	EG		27	30	EG	20241015021500	https://www.onlineopinion.com.au/view.asp?article=23191
1204115736	20241015	202410	2024	2024.7808	EGY	EGYPTIAN	EGY								PSE	PALESTINIAN	PSE								0	130	130	13	3	-4.4	1	1	1	-5.14950166112957	1	Egypt	EG	EG		27	30	EG	4	Jerusalem, Israel (general), Israel	IS	IS00	18315	31.7667	35.2333	-797092	4	Jerusalem, Israel (general), Israel	IS	IS00	18315	31.7667	35.2333	-797092	20241015021500	https://www.onlineopinion.com.au/view.asp?article=23191
1204115737	20241015	202410	2024	2024.7808	EGY	EGYPTIAN	EGY								PSE	PALESTINIAN	PSE								0	130	130	13	3	-4.4	1	1	1	-5.14950166112957	1	Egypt	EG	EG		27	30	EG	4	Jerusalem, Israel (general), Israel	IS	IS00	18315	31.7667	35.2333	-797092	1	Egypt	EG	EG		27	30	EG	20241015021500	https://www.onlineopinion.com.au/view.asp?article=23191
1204115738	20241015	202410	2024	2024.7808	EGYJUD	EGYPT	EGY					JUD			ISR	ISRAEL	ISR								0	130	130	13	3	-4.4	2	1	2	-5.14950166112957	1	Egypt	EG	EG		27	30	EG	4	Jerusalem, Israel (general), Israel	IS	IS00	18315	31.7667	35.2333	-797092	1	Egypt	EG	EG		27	30	EG	20241015021500	https://www.onlineopinion.com.au/view.asp?article=23191
1204115739	20241015	202410	2024	2024.7808	EGYJUD	EGYPTIAN	EGY					JUD			PSE	PALESTINIAN	PSE								0	130	130	13	3	-4.4	1	1	1	-5.14950166112957	1	Egypt	EG	EG		27	30	EG	4	Jerusalem, Israel (general), Israel	IS	IS00	18315	31.7667	35.2333	-797092	1	Egypt	EG	EG		27	30	EG	20241015021500	https://www.onlineopinion.com.au/view.asp?article=23191
1204115740	20241015	202410	2024	2024.7808	ELI	ACTOR						ELI													1	036	036	03	1	4.0	5	1	5	4.44444444444444	0								0								0								20241015021500	https://www.digitalspy.com/tv/a62600935/will-mellor-two-pints-of-lager-reunion/
1204115741	20241015	202410	2024	2024.7808	ESP	SPAIN	ESP																		1	036	036	03	1	4.0	10	1	10	1.61127895266868	1	Azerbaijan	AJ	AJ		40.5	47.5	AJ	0								1	Azerbaijan	AJ	AJ		40.5	47.5	AJ	20241015021500	https://www.evwind.es/2024/10/15/solar-photovoltaic-pv-is-the-only-technology-on-track-to-meet-2030-investment-targets/101764
1204115742	20241015	202410	2024	2024.7808	ESP	ZARAGOZA	ESP								COP	POLICE						COP			1	010	010	01	1	0.0	2	1	2	-3.63636363636364	4	Zaragoza, Baja California, Mexico	MX	MX02	19588	32.5333	-117.017	-1705741	3	El Paso, Texas, United States	US	USTX		31.7587	-106.487	1380946	3	El Paso, Texas, United States	US	USTX		31.7587	-106.487	1380946	20241015021500	https://kvia.com/news/abc-7-alert-center/2024/10/13/one-person-hospitalized-after-vehicle-fire/
1204115743	20241015	202410	2024	2024.7808	ESP	ZARAGOZA	ESP								USACOP	UNITED STATES	USA					COP			1	010	010	01	1	0.0	4	1	4	-3.63636363636364	4	Zaragoza, Baja California, Mexico	MX	MX02	19588	32.5333	-117.017	-1705741	3	El Paso, Texas, United States	US	USTX		31.7587	-106.487	1380946	3	El Paso, Texas, United States	US	USTX		31.7587	-106.487	1380946	20241015021500	https://kvia.com/news/abc-7-alert-center/2024/10/13/one-person-hospitalized-after-vehicle-fire/
1204115744	20241015	202410	2024	2024.7808	ESPBUS	SPANISH	ESP					BUS			GOV	CHIEF EXECUTIVE						GOV			1	043	043	04	1	2.8	6	1	6	1.56494522691705	1	Spain	SP	SP		40	-4	SP	1	Spain	SP	SP		40	-4	SP	1	Spain	SP	SP		40	-4	SP	20241015021500	https://www.evwind.es/2024/10/15/galan-confirms-iberdrolas-commitment-to-the-uk-at-the-international-investment-summit-with-starmer/101769
1204115745	20241015	202410	2024	2024.7808	EST	TALLINN	EST								BLR	BELARUSIAN	BLR								1	046	046	04	1	7.0	2	1	2	-6.02526724975705	4	Minsk, Belarus (general), Belarus	BO	BO00	5840	53.9	27.5667	-1946324	4	Minsk, Belarus (general), Belarus	BO	BO00	5840	53.9	27.5667	-1946324	4	Minsk, Belarus (general), Belarus	BO	BO00	5840	53.9	27.5667	-1946324	20241015021500	https://www.voanews.com/a/ailing-and-silenced-in-prison-belarus-activist-symbolizes-the-nation-s-repression/7822524.html
1204115746	20241015	202410	2024	2024.7808	EST	TALLINN	EST								BLR	BELARUSIAN	BLR								1	046	046	04	1	7.0	2	1	2	-6.02526724975705	4	Minsk, Belarus (general), Belarus	BO	BO00	5840	53.9	27.5667	-1946324	4	Moscow, Moskva, Russia	RS	RS48	25106	55.7522	37.6156	-2960561	4	Moscow, Moskva, Russia	RS	RS48	25106	55.7522	37.6156	-2960561	20241015021500	https://www.voanews.com/a/ailing-and-silenced-in-prison-belarus-activist-symbolizes-the-nation-s-repression/7822524.html
1204115747	20241015	202410	2024	2024.7808	EST	TALLINN	EST								BLROPP	BELARUSIAN	BLR					OPP			1	046	046	04	1	7.0	6	1	6	-6.02526724975705	4	Moscow, Moskva, Russia	RS	RS48	25106	55.7522	37.6156	-2960561	4	Moscow, Moskva, Russia	RS	RS48	25106	55.7522	37.6156	-2960561	4	Moscow, Moskva, Russia	RS	RS48	25106	55.7522	37.6156	-2960561	20241015021500	https://www.voanews.com/a/ailing-and-silenced-in-prison-belarus-activist-symbolizes-the-nation-s-repression/7822524.html
1204115748	20241015	202410	2024	2024.7808	EURGOV	EUROPEAN	EUR					GOV													0	043	043	04	1	2.8	10	1	10	0.57142857142857	2	Florida, United States	US	USFL		27.8333	-81.717	FL	0								2	Florida, United States	US	USFL		27.8333	-81.717	FL	20241015021500	https://dailygalaxy.com/2024/10/nasa-europa-clipper-explore-jupiters-moon/
1204115749	20241015	202410	2024	2024.7808	FJI	FIJI	FJI																		1	042	042	04	1	1.9	6	1	6	3.01507537688442	4	Nasinu, Northern, Fiji	FJ	FJ03	40201	-16.7667	179.483	-1191841	0								4	Nasinu, Northern, Fiji	FJ	FJ03	40201	-16.7667	179.483	-1191841	20241015021500	https://www.fijivillage.com/news/More-than-20000-people-attended-FNU-Open-Day-2024-rfx485/
1204115750	20241015	202410	2024	2024.7808	FJI	SUVA	FJI																		1	042	042	04	1	1.9	5	1	5	-2	4	Suva, Central, Fiji	FJ	FJ01	40197	-18.1333	178.417	-1195133	0								4	Suva, Central, Fiji	FJ	FJ01	40197	-18.1333	178.417	-1195133	20241015021500	https://www.fijivillage.com/news/Kings-Rd-to-be-temporarily-closed-this-Sunday-5f8rx4/
1204115751	20241015	202410	2024	2024.7808	FJI	FIJI	FJI								EDU	SCHOOL						EDU			1	042	042	04	1	1.9	6	1	6	3.01507537688442	4	Nasinu, Northern, Fiji	FJ	FJ03	40201	-16.7667	179.483	-1191841	4	Nasinu, Northern, Fiji	FJ	FJ03	40201	-16.7667	179.483	-1191841	4	Nasinu, Northern, Fiji	FJ	FJ03	40201	-16.7667	179.483	-1191841	20241015021500	https://www.fijivillage.com/news/More-than-20000-people-attended-FNU-Open-Day-2024-rfx485/
1204115752	20241015	202410	2024	2024.7808	FRA	LORRAINE	FRA																		1	051	051	05	1	3.4	5	1	5	0.61349693251534	0								0								0								20241015021500	https://www.digitalspy.com/tv/reality-tv/a62600657/our-yorkshire-farm-amanda-owen-family-update/
1204115753	20241015	202410	2024	2024.7808	GBR	UNITED KINGDOM	GBR																		1	010	010	01	1	0.0	10	1	10	3.15789473684211	1	India	IN	IN		20	77	IN	0								1	India	IN	IN		20	77	IN	20241015021500	https://www.digitalspy.com/tv/reality-tv/a62600400/rylan-responds-voice-changes/
1204115754	20241015	202410	2024	2024.7808	GBR	BRITANNIA	GBR																		1	042	042	04	1	1.9	10	1	10	-0.6797583081571	1	New Zealand	NZ	NZ		-42	174	NZ	0								1	New Zealand	NZ	NZ		-42	174	NZ	20241015021500	https://www.livesaildie.com/the-tightest-race-yet/
1204115755	20241015	202410	2024	2024.7808	GBR	UNITED KINGDOM	GBR								BUS	COMPANY						BUS			0	036	036	03	1	4.0	2	1	2	1.56494522691705	1	United Kingdom	UK	UK		54	-4	UK	1	United Kingdom	UK	UK		54	-4	UK	1	United Kingdom	UK	UK		54	-4	UK	20241015021500	https://www.evwind.es/2024/10/15/galan-confirms-iberdrolas-commitment-to-the-uk-at-the-international-investment-summit-with-starmer/101769
1204115756	20241015	202410	2024	2024.7808	GBR	BRITISH	GBR								BUS	COMPANY						BUS			1	040	040	04	1	1.0	6	1	4	1.56494522691705	1	United Kingdom	UK	UK		54	-4	UK	1	United Kingdom	UK	UK		54	-4	UK	1	United Kingdom	UK	UK		54	-4	UK	20241015021500	https://www.evwind.es/2024/10/15/galan-confirms-iberdrolas-commitment-to-the-uk-at-the-international-investment-summit-with-starmer/101769
1204115757	20241015	202410	2024	2024.7808	GBR	UNITED KINGDOM	GBR								BUS	COMPANY						BUS			1	057	057	05	1	8.0	2	1	2	1.56494522691705	1	United Kingdom	UK	UK		54	-4	UK	1	United Kingdom	UK	UK		54	-4	UK	1	United Kingdom	UK	UK		54	-4	UK	20241015021500	https://www.evwind.es/2024/10/15/galan-confirms-iberdrolas-commitment-to-the-uk-at-the-international-investment-summit-with-starmer/101769
1204115758	20241015	202410	2024	2024.7808	GBR	UNITED KINGDOM	GBR								ESP	SPAIN	ESP								1	050	050	05	1	3.5	10	1	10	1.56494522691705	1	United Kingdom	UK	UK		54	-4	UK	1	United Kingdom	UK	UK		54	-4	UK	1	United Kingdom	UK	UK		54	-4	UK	20241015021500	https://www.evwind.es/2024/10/15/galan-confirms-iberdrolas-commitment-to-the-uk-at-the-international-investment-summit-with-starmer/101769
1204115759	20241015	202410	2024	2024.7808	GBR	BRITAIN	GBR								FRAGOV	FRANCE	FRA					GOV			0	051	051	05	1	3.4	4	2	4	4.64467516033477	1	France	FR	FR		46	2	FR	1	France	FR	FR		46	2	FR	1	France	FR	FR		46	2	FR	20241015021500	https://menafn.com/1108778336/Can-biodiversity-credits-unlock-billions-for-nature
1204115760	20241015	202410	2024	2024.7808	GBR	BRITAIN	GBR								FRAGOV	FRANCE	FRA					GOV			0	051	051	05	1	3.4	12	2	12	4.6638482260121	1	Gabon	GB	GB		-1	11.75	GB	1	Gabon	GB	GB		-1	11.75	GB	1	France	FR	FR		46	2	FR	20241015021500	https://menafn.com/1108778336/Can-biodiversity-credits-unlock-billions-for-nature
1204115761	20241015	202410	2024	2024.7808	GBR	BRITAIN	GBR								FRAGOV	FRANCE	FRA					GOV			0	051	051	05	1	3.4	4	1	4	4.58715596330276	1	United Kingdom	UK	UK		54	-4	UK	1	France	FR	FR		46	2	FR	1	France	FR	FR		46	2	FR	20241015021500	http://www.digitaljournal.com/business/can-biodiversity-credits-unlock-billions-for-nature/article
1204115762	20241015	202410	2024	2024.7808	GBR	UNITED KINGDOM	GBR								GOV	CHIEF EXECUTIVE						GOV			1	043	043	04	1	2.8	4	1	4	1.56494522691705	1	United Kingdom	UK	UK		54	-4	UK	1	Spain	SP	SP		40	-4	SP	1	Spain	SP	SP		40	-4	SP	20241015021500	https://www.evwind.es/2024/10/15/galan-confirms-iberdrolas-commitment-to-the-uk-at-the-international-investment-summit-with-starmer/101769
1204115763	20241015	202410	2024	2024.7808	GBR	UNITED KINGDOM	GBR								GOV	PRIME MINISTER						GOV			1	050	050	05	1	3.5	2	1	2	1.56494522691705	1	United Kingdom	UK	UK		54	-4	UK	1	United Kingdom	UK	UK		54	-4	UK	1	United Kingdom	UK	UK		54	-4	UK	20241015021500	https://www.evwind.es/2024/10/15/galan-confirms-iberdrolas-commitment-to-the-uk-at-the-international-investment-summit-with-starmer/101769
1204115764	20241015	202410	2024	2024.7808	GBR	BRITISH	GBR								ISR	ISRAEL	ISR								0	018	018	01	1	3.4	1	1	1	-2.81293952180028	4	Jerusalem, Israel (general), Israel	IS	IS00	18315	31.7667	35.2333	-797092	4	Hezbollah, Kerman, Iran	IR	IR29	40994	29.8628	56.8848	10496676	4	Hezbollah, Kerman, Iran	IR	IR29	40994	29.8628	56.8848	10496676	20241015021500	https://www.jpost.com/israel-news/2024-10-15/live-updates-824615
1204115765	20241015	202410	2024	2024.7808	GBR	BRITISH	GBR								ISR	ISRAEL	ISR								0	018	018	01	1	3.4	1	1	1	-2.81293952180028	1	United Kingdom	UK	UK		54	-4	UK	4	Jerusalem, Israel (general), Israel	IS	IS00	18315	31.7667	35.2333	-797092	4	Hezbollah, Kerman, Iran	IR	IR29	40994	29.8628	56.8848	10496676	20241015021500	https://www.jpost.com/israel-news/2024-10-15/live-updates-824615
1204115766	20241015	202410	2024	2024.7808	GBR	UNITED KINGDOM	GBR								LEG	LAWMAKER						LEG			0	110	110	11	3	-2.0	2	1	2	-4.24836601307189	1	United Kingdom	UK	UK		54	-4	UK	1	United Kingdom	UK	UK		54	-4	UK	1	United Kingdom	UK	UK		54	-4	UK	20241015021500	https://punchng.com/sokoto-apc-lawmaker-accuses-gov-party-leaders-of-corruption/
1204115767	20241015	202410	2024	2024.7808	GBR	BRITISH	GBR								RUS	RUSSIA	RUS								0	0332	033	03	1	5.2	1	1	1	-2.81293952180028	4	Jerusalem, Israel (general), Israel	IS	IS00	18315	31.7667	35.2333	-797092	4	Jerusalem, Israel (general), Israel	IS	IS00	18315	31.7667	35.2333	-797092	4	Hezbollah, Kerman, Iran	IR	IR29	40994	29.8628	56.8848	10496676	20241015021500	https://www.jpost.com/israel-news/2024-10-15/live-updates-824615
1204115768	20241015	202410	2024	2024.7808	GBR	BRITISH	GBR								RUS	RUSSIA	RUS								0	0332	033	03	1	5.2	1	1	1	-2.81293952180028	1	United Kingdom	UK	UK		54	-4	UK	1	Russia	RS	RS		60	100	RS	4	Jerusalem, Israel (general), Israel	IS	IS00	18315	31.7667	35.2333	-797092	20241015021500	https://www.jpost.com/israel-news/2024-10-15/live-updates-824615
1204115769	20241015	202410	2024	2024.7808	GBRGOV	BRITISH	GBR					GOV			BUS	COMPANY						BUS			1	040	040	04	1	1.0	6	1	6	1.56494522691705	1	United Kingdom	UK	UK		54	-4	UK	1	United Kingdom	UK	UK		54	-4	UK	1	United Kingdom	UK	UK		54	-4	UK	20241015021500	https://www.evwind.es/2024/10/15/galan-confirms-iberdrolas-commitment-to-the-uk-at-the-international-investment-summit-with-starmer/101769
1204115770	20241015	202410	2024	2024.7808	GBRGOV	BRITISH	GBR					GOV			GOV	PRIME MINISTER						GOV			1	040	040	04	1	1.0	8	1	8	1.56494522691705	1	United Kingdom	UK	UK		54	-4	UK	1	United Kingdom	UK	UK		54	-4	UK	1	United Kingdom	UK	UK		54	-4	UK	20241015021500	https://www.evwind.es/2024/10/15/galan-confirms-iberdrolas-commitment-to-the-uk-at-the-international-investment-summit-with-starmer/101769
1204115771	20241015	202410	2024	2024.7808	GBRGOV	BRITISH	GBR					GOV			GOV	PRIME MINISTER						GOV			1	050	050	05	1	3.5	3	1	3	1.56494522691705	1	United Kingdom	UK	UK		54	-4	UK	1	United Kingdom	UK	UK		54	-4	UK	1	United Kingdom	UK	UK		54	-4	UK	20241015021500	https://www.evwind.es/2024/10/15/galan-confirms-iberdrolas-commitment-to-the-uk-at-the-international-investment-summit-with-starmer/101769
1204115772	20241015	202410	2024	2024.7808	GBRGOV	UNITED KINGDOM	GBR					GOV			ISR	ISRAEL	ISR								1	018	018	01	1	3.4	4	1	4	-2.81293952180028	1	United Kingdom	UK	UK		54	-4	UK	4	Jerusalem, Israel (general), Israel	IS	IS00	18315	31.7667	35.2333	-797092	4	Hezbollah, Kerman, Iran	IR	IR29	40994	29.8628	56.8848	10496676	20241015021500	https://www.jpost.com/israel-news/2024-10-15/live-updates-824615
1204115773	20241015	202410	2024	2024.7808	GBRGOV	UNITED KINGDOM	GBR					GOV			ISR	ISRAEL	ISR								1	018	018	01	1	3.4	1	1	1	-2.81293952180028	1	United Kingdom	UK	UK		54	-4	UK	4	Hezbollah, Kerman, Iran	IR	IR29	40994	29.8628	56.8848	10496676	1	United Kingdom	UK	UK		54	-4	UK	20241015021500	https://www.jpost.com/israel-news/2024-10-15/live-updates-824615
1204115774	20241015	202410	2024	2024.7808	GOV	PRESIDENT						GOV													1	010	010	01	1	0.0	1	1	1	4.25101214574898	4	Dibrugarh, Assam, India	IN	IN03	70087	27.4817	94.9028	-2094880	0								4	Dibrugarh, Assam, India	IN	IN03	70087	27.4817	94.9028	-2094880	20241015021500	https://timesofindia.indiatimes.com/city/guwahati/agp-leaders-reaffirm-commitment-to-regionalism-on-40th-foundation-day/articleshow/114230427.cms
1204115775	20241015	202410	2024	2024.7808	GOV	PRESIDENT						GOV													1	010	010	01	1	0.0	4	1	4	4.25101214574898	4	Haryana, Haryana, India	IN	IN10	17660	29.6161	76.9806	6210381	0								4	Haryana, Haryana, India	IN	IN10	17660	29.6161	76.9806	6210381	20241015021500	https://timesofindia.indiatimes.com/city/guwahati/agp-leaders-reaffirm-commitment-to-regionalism-on-40th-foundation-day/articleshow/114230427.cms
1204115776	20241015	202410	2024	2024.7808	GOV	PRESIDENT						GOV													0	010	010	01	1	0.0	3	1	3	0	2	Missouri, United States	US	USMO		38.4623	-92.302	MO	0								2	Missouri, United States	US	USMO		38.4623	-92.302	MO	20241015021500	https://www.kcur.org/podcast/up-to-date/2024-10-14/lucas-kunce-missouri-us-senate-kamala-harris-josh-hawley
1204115777	20241015	202410	2024	2024.7808	GOV	ADMINISTRATION						GOV													1	010	010	01	1	0.0	10	1	10	-0.645161290322581	2	Texas, United States	US	USTX		31.106	-97.6475	TX	0								2	Texas, United States	US	USTX		31.106	-97.6475	TX	20241015021500	https://www.kens5.com/article/tech/science/aerospace/how-to-see-years-brightest-supermoon-weekend/500-76e12999-1886-4212-adf7-93c9465624d3
1204115778	20241015	202410	2024	2024.7808	GOV	GOVERNMENT						GOV													0	012	012	01	1	-0.4	2	1	2	-2.49003984063745	4	South Island, New Zealand (general), New Zealand	NZ	NZ00	22392	-43	171	-1518317	0								4	South Island, New Zealand (general), New Zealand	NZ	NZ00	22392	-43	171	-1518317	20241015021500	https://www.odt.co.nz/opinion/letters-editor-project-kea-and-patronising-mps
1204115779	20241015	202410	2024	2024.7808	GOV	GOVERNOR						GOV													0	012	012	01	1	-0.4	10	1	10	-2.29153405474221	5	Niger State, Niger, Nigeria	NI	NI31	22950	10	6	-2020892	0								5	Niger State, Niger, Nigeria	NI	NI31	22950	10	6	-2020892	20241015021500	https://punchng.com/boat-accident-abdulrazaq-supports-victims-families-with-n100m/
1204115780	20241015	202410	2024	2024.7808	GOV	MAYOR						GOV													0	015	015	01	1	0.0	6	1	6	-17.5324675324675	2	Alaska, United States	US	USAK		61.385	-152.268	AK	0								2	Alaska, United States	US	USAK		61.385	-152.268	AK	20241015021500	https://www.theartistree.fm/journal/405479/anchorage-struggles-with-prosecutor-shortage-leading-to-dismissal-of-serious-criminal-cases/
1204115781	20241015	202410	2024	2024.7808	GOV	INTERIOR SECRETARY						GOV													0	020	020	02	1	3.0	8	1	8	-2.28658536585365	4	Leyte, Leyte, Philippines	RP	RP37	24258	11.3697	124.487	-2432700	0								4	Leyte, Leyte, Philippines	RP	RP37	24258	11.3697	124.487	-2432700	20241015021500	https://www.philstar.com/headlines/2024/10/15/2392689/solgen-drug-war-findings-should-go-doj-ombudsman-not-icc
1204115782	20241015	202410	2024	2024.7808	GOV	PRESIDENT						GOV													0	030	030	03	1	4.0	10	1	10	-0.91074681238616	5	Osun State, Osun, Nigeria	NI	NI42	23001	7.5	4.5	9153501	0								5	Osun State, Osun, Nigeria	NI	NI42	23001	7.5	4.5	9153501	20241015021500	https://punchng.com/fg-plans-435-clinical-trial-centres-projects-3-8bn-revenue/
1204115783	20241015	202410	2024	2024.7808	GOV	PRESIDENT						GOV													1	032	032	03	1	4.5	6	1	6	-0.20283975659229	1	China	CH	CH		35	105	CH	0								1	China	CH	CH		35	105	CH	20241015021500	https://www.businesstimes.com.sg/companies-markets/banking-finance/bitcoin-climbs-harris-pledging-regulatory-framework-support
1204115784	20241015	202410	2024	2024.7808	GOV	GOVERNMENT						GOV													1	036	036	03	1	4.0	10	1	10	-0.71428571428571	4	Abuja, Abuja Federal Capital Territory, Nigeria	NI	NI11	191147	9.08333	7.53333	-1997013	0								4	Abuja, Abuja Federal Capital Territory, Nigeria	NI	NI11	191147	9.08333	7.53333	-1997013	20241015021500	https://punchng.com/asuu-ultimatum-expires-as-fg-inaugurates-4th-negotiation-committee/
1204115785	20241015	202410	2024	2024.7808	GOV	GOVERNOR						GOV													1	036	036	03	1	4.0	7	1	7	-2.29153405474221	4	Gbajigbo, Nigeria (general), Nigeria	NI	NI00	191185	8.01667	3.83333	-2008303	0								4	Gbajigbo, Nigeria (general), Nigeria	NI	NI00	191185	8.01667	3.83333	-2008303	20241015021500	https://punchng.com/boat-accident-abdulrazaq-supports-victims-families-with-n100m/
1204115786	20241015	202410	2024	2024.7808	GOV	HOME MINIST						GOV													1	036	036	03	1	4.0	7	1	5	-1.01010101010101	4	Manipur, Uttar Pradesh, India	IN	IN36	70268	27.0529	79.3583	10452605	0								4	Manipur, Uttar Pradesh, India	IN	IN36	70268	27.0529	79.3583	10452605	20241015021500	https://timesofindia.indiatimes.com/city/guwahati/peace-talks-among-meitei-kuki-naga-mlas-in-delhi-amidst-manipur-ethnic-crisis/articleshow/114230679.cms
1204115787	20241015	202410	2024	2024.7808	GOV	ADVISORY BOARD						GOV													1	036	036	03	1	4.0	2	1	2	1.49253731343284	3	Calverton, New York, United States	US	USNY	NY103	40.9065	-72.7434	945505	0								3	Calverton, New York, United States	US	USNY	NY103	40.9065	-72.7434	945505	20241015021500	https://riverheadlocal.com/2024/10/14/calverton-restoration-advisory-board-meeting-set-for-oct-29-at-the-residence-inn/
1204115788	20241015	202410	2024	2024.7808	GOV	AUTHORITIES						GOV													0	036	036	03	1	4.0	2	1	2	-4	2	Georgia, United States	US	USGA		32.9866	-83.6487	GA	0								2	Georgia, United States	US	USGA		32.9866	-83.6487	GA	20241015021500	https://menafn.com/1108778304/Georgian-PM-Believes-That-Ending-War-In-Ukraine-WillReset-Relations-With-EU-US
1204115789	20241015	202410	2024	2024.7808	GOV	PRESIDENT						GOV													1	036	036	03	1	4.0	6	1	6	6.03085553997195	2	Indiana, United States	US	USIN		39.8647	-86.2604	IN	0								2	Indiana, United States	US	USIN		39.8647	-86.2604	IN	20241015021500	https://www.chattanoogan.com/2024/10/14/493933/Lee-University-To-Host-Fall-Preaching.aspx
1204115790	20241015	202410	2024	2024.7808	GOV	PRESIDENT						GOV													0	043	043	04	1	2.8	15	3	15	-0.132740124433762	1	United Kingdom	UK	UK		54	-4	UK	0								4	Mornington, Victoria, Australia	AS	AS07	5405	-38.2167	145.033	-1588943	20241015021500	https://www.standard.net.au/story/8792390/wonderful-move-foreign-gps-fast-tracked-to-plug-gap/
1204115791	20241015	202410	2024	2024.7808	GOV	GOVERNOR						GOV													0	046	046	04	1	7.0	2	1	2	-3.13272877164056	4	Abuja, Abuja Federal Capital Territory, Nigeria	NI	NI11	191147	9.08333	7.53333	-1997013	0								4	Abuja, Abuja Federal Capital Territory, Nigeria	NI	NI11	191147	9.08333	7.53333	-1997013	20241015021500	https://punchng.com/pdp-factional-chairmen-clash-as-govs-fail-to-resolve-crisis/
1204115792	20241015	202410	2024	2024.7808	GOV	GOVERNOR						GOV													0	046	046	04	1	7.0	3	1	3	-3.13272877164056	5	Zamfara State, Zamfara, Nigeria	NI	NI57	191424	12.1667	6.25	9098622	0								5	Zamfara State, Zamfara, Nigeria	NI	NI57	191424	12.1667	6.25	9098622	20241015021500	https://punchng.com/pdp-factional-chairmen-clash-as-govs-fail-to-resolve-crisis/
1204115793	20241015	202410	2024	2024.7808	GOV	ADVISORY BOARD						GOV													1	046	046	04	1	7.0	2	1	2	1.49253731343284	2	New York, United States	US	USNY		42.1497	-74.9384	NY	0								2	New York, United States	US	USNY		42.1497	-74.9384	NY	20241015021500	https://riverheadlocal.com/2024/10/14/calverton-restoration-advisory-board-meeting-set-for-oct-29-at-the-residence-inn/
1204115794	20241015	202410	2024	2024.7808	GOV	GOVERNMENT						GOV													1	070	070	07	2	7.0	10	1	10	0.6514657980456	4	Ashdod, HaDarom, Israel	IS	IS01	18315	31.7444	34.6809	-779676	0								4	Ashdod, HaDarom, Israel	IS	IS01	18315	31.7444	34.6809	-779676	20241015021500	http://www.israelnationalnews.com/news/397643
1204115795	20241015	202410	2024	2024.7808	GOV	GOVERNMENT						GOV													0	071	071	07	2	7.4	10	1	10	-2.2354694485842	2	Missouri, United States	US	USMO		38.4623	-92.302	MO	0								2	Missouri, United States	US	USMO		38.4623	-92.302	MO	20241015021500	https://thenewamerican.com/us/politics/missouri-to-consider-legalizing-abortion-with-amendment-3/
1204115796	20241015	202410	2024	2024.7808	GOV	FIRE DEPARTMENT						GOV													0	073	073	07	2	7.4	2	1	2	2.38095238095238	3	Virginia Beach, Virginia, United States	US	USVA	VA810	36.8529	-75.978	1500261	0								3	Virginia Beach, Virginia, United States	US	USVA		36.8529	-75.978	1500261	20241015021500	https://www.yahoo.com/news/task-force-2-members-come-232854042.html
1204115797	20241015	202410	2024	2024.7808	GOV	GOVERNMENT						GOV													1	080	080	08	2	5.0	6	1	6	-0.71428571428571	4	Abuja, Abuja Federal Capital Territory, Nigeria	NI	NI11	191147	9.08333	7.53333	-1997013	0								4	Abuja, Abuja Federal Capital Territory, Nigeria	NI	NI11	191147	9.08333	7.53333	-1997013	20241015021500	https://punchng.com/asuu-ultimatum-expires-as-fg-inaugurates-4th-negotiation-committee/
1204115798	20241015	202410	2024	2024.7808	GOV	HOME MINIST						GOV													1	090	090	09	2	-2.0	10	1	10	-1.01010101010101	4	Delhi, Delhi, India	IN	IN07	17911	28.6667	77.2167	-2094230	0								4	Delhi, Delhi, India	IN	IN07	17911	28.6667	77.2167	-2094230	20241015021500	https://timesofindia.indiatimes.com/city/guwahati/peace-talks-among-meitei-kuki-naga-mlas-in-delhi-amidst-manipur-ethnic-crisis/articleshow/114230679.cms
1204115799	20241015	202410	2024	2024.7808	GOV	PRESIDENT						GOV													0	120	120	12	3	-4.0	1	1	1	4.25101214574898	4	Dibrugarh, Assam, India	IN	IN03	70087	27.4817	94.9028	-2094880	0								4	Dibrugarh, Assam, India	IN	IN03	70087	27.4817	94.9028	-2094880	20241015021500	https://timesofindia.indiatimes.com/city/guwahati/agp-leaders-reaffirm-commitment-to-regionalism-on-40th-foundation-day/articleshow/114230427.cms
1204115800	20241015	202410	2024	2024.7808	GOV	PRESIDENT						GOV													0	120	120	12	3	-4.0	4	1	4	4.25101214574898	4	Haryana, Haryana, India	IN	IN10	17660	29.6161	76.9806	6210381	0								4	Haryana, Haryana, India	IN	IN10	17660	29.6161	76.9806	6210381	20241015021500	https://timesofindia.indiatimes.com/city/guwahati/agp-leaders-reaffirm-commitment-to-regionalism-on-40th-foundation-day/articleshow/114230427.cms
1204115801	20241015	202410	2024	2024.7808	GOV	GOVERNMENT						GOV													1	120	120	12	3	-4.0	5	1	5	2.86885245901639	1	Singapore	SN	SN		1.366667	103.8	SN	0								1	Singapore	SN	SN		1.366667	103.8	SN	20241015021500	https://www.businesstimes.com.sg/singapore/allianz-consider-revisions-proposed-income-deal-says-it-respects-singapore-governments-position
1204115802	20241015	202410	2024	2024.7808	GOV	PRESIDENT						GOV													1	138	138	13	3	-7.0	10	1	10	2.1978021978022	0								0								0								20241015021500	https://timesofindia.indiatimes.com/city/guwahati/assam-bypolls-2023-bjp-aims-for-victory-in-3-key-seats/articleshow/114230701.cms
1204115803	20241015	202410	2024	2024.7808	GOV	PRESIDENT						GOV			AUS	AUSTRALIA	AUS								0	043	043	04	1	2.8	5	3	5	-0.132740124433762	4	Balnarring, Victoria, Australia	AS	AS07	5405	-38.3667	145.133	-1557197	4	Balnarring, Victoria, Australia	AS	AS07	5405	-38.3667	145.133	-1557197	4	Balnarring, Victoria, Australia	AS	AS07	5405	-38.3667	145.133	-1557197	20241015021500	https://www.standard.net.au/story/8792390/wonderful-move-foreign-gps-fast-tracked-to-plug-gap/
1204115804	20241015	202410	2024	2024.7808	GOV	REGULATOR						GOV			AUS	MELBOURNE	AUS								1	172	172	17	4	-5.0	10	1	10	-5.3412462908012	4	Melbourne, Victoria, Australia	AS	AS07	5430	-37.8167	144.967	-1586844	4	Melbourne, Victoria, Australia	AS	AS07	5430	-37.8167	144.967	-1586844	4	Melbourne, Victoria, Australia	AS	AS07	5430	-37.8167	144.967	-1586844	20241015021500	https://www.rnz.co.nz/news/world/530822/melbourne-casino-fined-for-self-exclusion-breaches-by-gambling-regulator
1204115805	20241015	202410	2024	2024.7808	GOV	AUTHORITIES						GOV			BRA	BRAZIL	BRA								0	040	040	04	1	1.0	10	1	10	-2.2022022022022	4	Sao Paulo, SãPaulo, Brazil	BR	BR27	11543	-23.5333	-46.6167	-671824	4	Sao Paulo, SãPaulo, Brazil	BR	BR27	11543	-23.5333	-46.6167	-671824	4	Sao Paulo, SãPaulo, Brazil	BR	BR27	11543	-23.5333	-46.6167	-671824	20241015021500	https://1370wfea.com/news/030030-musks-x-to-be-reinstated-in-brazil-after-complying-with-supreme-court-demands/
1204115806	20241015	202410	2024	2024.7808	GOV	GOVERNMENT						GOV			BUS	BUSINESS						BUS			0	042	042	04	1	1.9	5	1	5	4.58715596330276	1	France	FR	FR		46	2	FR	1	France	FR	FR		46	2	FR	1	France	FR	FR		46	2	FR	20241015021500	http://www.digitaljournal.com/business/can-biodiversity-credits-unlock-billions-for-nature/article
1204115807	20241015	202410	2024	2024.7808	GOV	GOVERNMENT						GOV			BUS	BUSINESS						BUS			0	043	043	04	1	2.8	5	1	5	4.58715596330276	1	France	FR	FR		46	2	FR	1	France	FR	FR		46	2	FR	1	France	FR	FR		46	2	FR	20241015021500	http://www.digitaljournal.com/business/can-biodiversity-credits-unlock-billions-for-nature/article
1204115808	20241015	202410	2024	2024.7808	GOV	GOVERNMENT						GOV			CAN	CANADIAN	CAN								0	112	112	11	3	-2.0	1	1	1	-4.57380457380458	1	India	IN	IN		20	77	IN	1	India	IN	IN		20	77	IN	1	India	IN	IN		20	77	IN	20241015021500	https://www.theglobeandmail.com/canada/article-sikh-leaders-welcome-canadas-expulsion-of-indian-diplomats-say-indias/
1204115809	20241015	202410	2024	2024.7808	GOV	GOVERNMENT						GOV			CANGOV	CANADIAN	CAN					GOV			0	112	112	11	3	-2.0	6	1	6	-4.57380457380458	1	Canada	CA	CA		60	-96	CA	1	Canada	CA	CA		60	-96	CA	1	Canada	CA	CA		60	-96	CA	20241015021500	https://www.theglobeandmail.com/canada/article-sikh-leaders-welcome-canadas-expulsion-of-indian-diplomats-say-indias/
1204115810	20241015	202410	2024	2024.7808	GOV	PRESIDENT						GOV			CHN	CHINA	CHN								1	032	032	03	1	4.5	2	1	2	-0.20283975659229	1	China	CH	CH		35	105	CH	1	China	CH	CH		35	105	CH	1	China	CH	CH		35	105	CH	20241015021500	https://www.businesstimes.com.sg/companies-markets/banking-finance/bitcoin-climbs-harris-pledging-regulatory-framework-support
1204115811	20241015	202410	2024	2024.7808	GOV	GOVERNMENT						GOV			CVL	CONSTITUENT						CVL			0	0334	033	03	1	6.0	5	1	5	-4.24836601307189	1	United Kingdom	UK	UK		54	-4	UK	1	United Kingdom	UK	UK		54	-4	UK	1	United Kingdom	UK	UK		54	-4	UK	20241015021500	https://punchng.com/sokoto-apc-lawmaker-accuses-gov-party-leaders-of-corruption/
1204115812	20241015	202410	2024	2024.7808	GOV	GOVERNMENT DELEGATION						GOV			CVL	VILLAGE						CVL			0	042	042	04	1	1.9	1	1	1	-2.29153405474221	4	Gbajigbo, Nigeria (general), Nigeria	NI	NI00	191185	8.01667	3.83333	-2008303	4	Gbajigbo, Nigeria (general), Nigeria	NI	NI00	191185	8.01667	3.83333	-2008303	5	Kwara State, Kwara, Nigeria	NI	NI30	191411	8.5	5	-2017029	20241015021500	https://punchng.com/boat-accident-abdulrazaq-supports-victims-families-with-n100m/
1204115813	20241015	202410	2024	2024.7808	GOV	STATE GOVERNOR						GOV			CVL	VILLAGE						CVL			1	051	051	05	1	3.4	2	1	2	-2.29153405474221	4	Gbajigbo, Nigeria (general), Nigeria	NI	NI00	191185	8.01667	3.83333	-2008303	4	Gbajigbo, Nigeria (general), Nigeria	NI	NI00	191185	8.01667	3.83333	-2008303	4	Arewa, Oyo, Nigeria	NI	NI32	191213	7.53333	3.80472	387630	20241015021500	https://punchng.com/boat-accident-abdulrazaq-supports-victims-families-with-n100m/
1204115814	20241015	202410	2024	2024.7808	GOV	ADMINISTRATION						GOV			CVL	THE POOR						CVL			1	051	051	05	1	3.4	10	1	10	-4.24836601307189	1	United Kingdom	UK	UK		54	-4	UK	1	United Kingdom	UK	UK		54	-4	UK	1	United Kingdom	UK	UK		54	-4	UK	20241015021500	https://punchng.com/sokoto-apc-lawmaker-accuses-gov-party-leaders-of-corruption/
1204115815	20241015	202410	2024	2024.7808	GOV	PRESIDENT						GOV			EDU	SCHOOL						EDU			0	010	010	01	1	0.0	2	1	2	-6.99844479004666	3	Harvard University, Massachusetts, United States	US	USMA	MA017	42.3784	-71.1164	618399	4	Cambridge, Cambridgeshire, United Kingdom	UK	UKC3	40098	52.2	0.116667	-2591658	4	Cambridge, Cambridgeshire, United Kingdom	UK	UKC3	40098	52.2	0.116667	-2591658	20241015021500	https://www.nysun.com/article/harvards-fundraising-crisis
1204115816	20241015	202410	2024	2024.7808	GOV	PRESIDENT						GOV			EDU	SCHOOL						EDU			0	010	010	01	1	0.0	2	1	2	-6.99844479004666	3	Harvard University, Massachusetts, United States	US	USMA	MA017	42.3784	-71.1164	618399	4	Cambridge, Cambridgeshire, United Kingdom	UK	UKC3	40098	52.2	0.116667	-2591658	3	Harvard University, Massachusetts, United States	US	USMA		42.3784	-71.1164	618399	20241015021500	https://www.nysun.com/article/harvards-fundraising-crisis
1204115817	20241015	202410	2024	2024.7808	GOV	PRESIDENT						GOV			EDU	SCHOOL						EDU			0	010	010	01	1	0.0	6	1	6	-6.99844479004666	1	Israel	IS	IS		31.5	34.75	IS	1	Israel	IS	IS		31.5	34.75	IS	1	Israel	IS	IS		31.5	34.75	IS	20241015021500	https://www.nysun.com/article/harvards-fundraising-crisis
1204115818	20241015	202410	2024	2024.7808	GOV	MINISTRY						GOV			EDU	SCHOOL						EDU			0	036	036	03	1	4.0	10	1	10	2.14285714285714	4	Abuja, Abuja Federal Capital Territory, Nigeria	NI	NI11	191147	9.08333	7.53333	-1997013	4	Abuja, Abuja Federal Capital Territory, Nigeria	NI	NI11	191147	9.08333	7.53333	-1997013	4	Abuja, Abuja Federal Capital Territory, Nigeria	NI	NI11	191147	9.08333	7.53333	-1997013	20241015021500	https://punchng.com/fg-okays-plumbing-hairstyling-others-in-basic-school-curriculum/
1204115819	20241015	202410	2024	2024.7808	GOV	MINISTRY						GOV			EDU	SCHOOL						EDU			0	040	040	04	1	1.0	10	1	10	2.14285714285714	4	Abuja, Abuja Federal Capital Territory, Nigeria	NI	NI11	191147	9.08333	7.53333	-1997013	4	Abuja, Abuja Federal Capital Territory, Nigeria	NI	NI11	191147	9.08333	7.53333	-1997013	4	Abuja, Abuja Federal Capital Territory, Nigeria	NI	NI11	191147	9.08333	7.53333	-1997013	20241015021500	https://punchng.com/fg-okays-plumbing-hairstyling-others-in-basic-school-curriculum/
1204115820	20241015	202410	2024	2024.7808	GOV	MINIST						GOV			EDU	SCHOOL						EDU			1	100	100	10	3	-5.0	5	1	5	2.14285714285714	4	Abuja, Abuja Federal Capital Territory, Nigeria	NI	NI11	191147	9.08333	7.53333	-1997013	4	Abuja, Abuja Federal Capital Territory, Nigeria	NI	NI11	191147	9.08333	7.53333	-1997013	4	Abuja, Abuja Federal Capital Territory, Nigeria	NI	NI11	191147	9.08333	7.53333	-1997013	20241015021500	https://punchng.com/fg-okays-plumbing-hairstyling-others-in-basic-school-curriculum/
1204115821	20241015	202410	2024	2024.7808	GOV	CHIEF EXECUTIVE						GOV			ESPBUS	SPANISH	ESP					BUS			1	042	042	04	1	1.9	6	1	6	1.56494522691705	1	Spain	SP	SP		40	-4	SP	1	Spain	SP	SP		40	-4	SP	1	Spain	SP	SP		40	-4	SP	20241015021500	https://www.evwind.es/2024/10/15/galan-confirms-iberdrolas-commitment-to-the-uk-at-the-international-investment-summit-with-starmer/101769
1204115822	20241015	202410	2024	2024.7808	GOV	CHIEF EXECUTIVE						GOV			GBR	UNITED KINGDOM	GBR								1	042	042	04	1	1.9	4	1	4	1.56494522691705	1	Spain	SP	SP		40	-4	SP	1	United Kingdom	UK	UK		54	-4	UK	1	Spain	SP	SP		40	-4	SP	20241015021500	https://www.evwind.es/2024/10/15/galan-confirms-iberdrolas-commitment-to-the-uk-at-the-international-investment-summit-with-starmer/101769
1204115823	20241015	202410	2024	2024.7808	GOV	PRIME MINISTER						GOV			GBRGOV	BRITISH	GBR					GOV			1	040	040	04	1	1.0	8	1	8	1.56494522691705	1	United Kingdom	UK	UK		54	-4	UK	1	United Kingdom	UK	UK		54	-4	UK	1	United Kingdom	UK	UK		54	-4	UK	20241015021500	https://www.evwind.es/2024/10/15/galan-confirms-iberdrolas-commitment-to-the-uk-at-the-international-investment-summit-with-starmer/101769
1204115824	20241015	202410	2024	2024.7808	GOV	PRESIDENT						GOV			GHA	GHANA	GHA								1	036	036	03	1	4.0	2	1	2	6.03085553997195	2	Indiana, United States	US	USIN		39.8647	-86.2604	IN	2	Indiana, United States	US	USIN		39.8647	-86.2604	IN	3	Indianapolis, Indiana, United States	US	USIN	IN097	39.7684	-86.158	452890	20241015021500	https://www.chattanoogan.com/2024/10/14/493933/Lee-University-To-Host-Fall-Preaching.aspx
1204115825	20241015	202410	2024	2024.7808	GOV	PRESIDENT						GOV			GHA	GHANA	GHA								1	036	036	03	1	4.0	2	1	2	6.03085553997195	1	Thailand	TH	TH		15	100	TH	1	Thailand	TH	TH		15	100	TH	1	Thailand	TH	TH		15	100	TH	20241015021500	https://www.chattanoogan.com/2024/10/14/493933/Lee-University-To-Host-Fall-Preaching.aspx
1204115826	20241015	202410	2024	2024.7808	GOV	PRESIDENT						GOV			HLH	DOCTOR						HLH			0	012	012	01	1	-0.4	20	3	10	-0.132740124433762	4	Balnarring, Victoria, Australia	AS	AS07	5405	-38.3667	145.133	-1557197	4	Balnarring, Victoria, Australia	AS	AS07	5405	-38.3667	145.133	-1557197	4	Balnarring, Victoria, Australia	AS	AS07	5405	-38.3667	145.133	-1557197	20241015021500	https://www.standard.net.au/story/8792390/wonderful-move-foreign-gps-fast-tracked-to-plug-gap/
1204115827	20241015	202410	2024	2024.7808	GOV	PRESIDENT						GOV			HLH	DOCTOR						HLH			0	012	012	01	1	-0.4	60	3	30	-0.132740124433762	4	Mornington, Victoria, Australia	AS	AS07	5405	-38.2167	145.033	-1588943	4	Mornington, Victoria, Australia	AS	AS07	5405	-38.2167	145.033	-1588943	4	Mornington, Victoria, Australia	AS	AS07	5405	-38.2167	145.033	-1588943	20241015021500	https://www.standard.net.au/story/8792390/wonderful-move-foreign-gps-fast-tracked-to-plug-gap/
1204115828	20241015	202410	2024	2024.7808	GOV	REGULATOR						GOV			HLH	DOCTOR						HLH			0	090	090	09	2	-2.0	20	3	20	-0.132740124433762	4	Balnarring, Victoria, Australia	AS	AS07	5405	-38.3667	145.133	-1557197	4	Balnarring, Victoria, Australia	AS	AS07	5405	-38.3667	145.133	-1557197	4	Balnarring, Victoria, Australia	AS	AS07	5405	-38.3667	145.133	-1557197	20241015021500	https://www.standard.net.au/story/8792390/wonderful-move-foreign-gps-fast-tracked-to-plug-gap/
1204115829	20241015	202410	2024	2024.7808	GOV	REGULATOR						GOV			HLH	DOCTOR						HLH			0	090	090	09	2	-2.0	20	3	20	-0.132740124433762	1	United Kingdom	UK	UK		54	-4	UK	4	Mornington, Victoria, Australia	AS	AS07	5405	-38.2167	145.033	-1588943	4	Mornington, Victoria, Australia	AS	AS07	5405	-38.2167	145.033	-1588943	20241015021500	https://www.standard.net.au/story/8792390/wonderful-move-foreign-gps-fast-tracked-to-plug-gap/
1204115830	20241015	202410	2024	2024.7808	GOV	REGULATOR						GOV			HLH	DOCTOR						HLH			0	090	090	09	2	-2.0	10	3	10	-0.132740124433762	1	United Kingdom	UK	UK		54	-4	UK	1	United Kingdom	UK	UK		54	-4	UK	4	Mornington, Victoria, Australia	AS	AS07	5405	-38.2167	145.033	-1588943	20241015021500	https://www.standard.net.au/story/8792390/wonderful-move-foreign-gps-fast-tracked-to-plug-gap/
1204115831	20241015	202410	2024	2024.7808	GOV	PRIME MINISTER						GOV			IGOEUREEC	EUROPEAN PARLIAMENT	EUR	EEC				IGO			1	057	057	05	1	8.0	1	1	1	-4	2	Georgia, United States	US	USGA		32.9866	-83.6487	GA	2	Georgia, United States	US	USGA		32.9866	-83.6487	GA	2	Georgia, United States	US	USGA		32.9866	-83.6487	GA	20241015021500	https://menafn.com/1108778304/Georgian-PM-Believes-That-Ending-War-In-Ukraine-WillReset-Relations-With-EU-US
1204115832	20241015	202410	2024	2024.7808	GOV	FOREIGN MINIST						GOV			IGOEUREECMIL	THE EUROPEAN UNION	EUR	EEC				IGO	MIL		1	040	040	04	1	1.0	10	1	10	0	1	Russia	RS	RS		60	100	RS	1	Germany	GM	GM		51.5	10.5	GM	1	Russia	RS	RS		60	100	RS	20241015021500	https://www.yahoo.com/news/eu-mission-train-military-ukraine-013118920.html
1204115833	20241015	202410	2024	2024.7808	GOV	FOREIGN MINIST						GOV			IGOEUREECMIL	THE EUROPEAN UNION	EUR	EEC				IGO	MIL		1	072	072	07	2	8.3	10	1	10	0	1	Ukraine	UP	UP		49	32	UP	1	Ukraine	UP	UP		49	32	UP	1	Ukraine	UP	UP		49	32	UP	20241015021500	https://www.yahoo.com/news/eu-mission-train-military-ukraine-013118920.html
1204115834	20241015	202410	2024	2024.7808	GOV	RULER						GOV			IGOUNO	UNITED NATIONS		UNO				IGO			1	013	013	01	1	0.4	10	1	10	0.55555555555556	0								0								0								20241015021500	https://punchng.com/bauchi-monarchs-partner-unicef-subeb-on-out-of-school-crisis/
1204115835	20241015	202410	2024	2024.7808	GOV	AMBASSADOR						GOV			IGOUNO	THE UN		UNO				IGO			1	040	040	04	1	1.0	10	1	10	4.63709677419355	1	India	IN	IN		20	77	IN	1	India	IN	IN		20	77	IN	1	India	IN	IN		20	77	IN	20241015021500	https://www.pressenza.com/2024/10/third-world-march-for-peace-and-nonviolence-meeting-with-ambassador-of-india-to-the-un-in-new-york/
1204115836	20241015	202410	2024	2024.7808	GOV	GOVERNMENT						GOV			IGOUNOKID	UNICEF		UNO				IGO			1	051	051	05	1	3.4	1	1	1	0	5	Borno State, Borno, Nigeria	NI	NI27	191073	11.5	13	-2003010	5	Borno State, Borno, Nigeria	NI	NI27	191073	11.5	13	-2003010	5	Borno State, Borno, Nigeria	NI	NI27	191073	11.5	13	-2003010	20241015021500	https://punchng.com/borno-receives-600000-cholera-vaccines-from-unicef-others/
1204115837	20241015	202410	2024	2024.7808	GOV	GOVERNMENT						GOV			IND	MANIPUR	IND								0	036	036	03	1	4.0	2	1	2	-1.01010101010101	4	Delhi, Delhi, India	IN	IN07	17911	28.6667	77.2167	-2094230	4	Manipur, Uttar Pradesh, India	IN	IN36	70268	27.0529	79.3583	10452605	4	Delhi, Delhi, India	IN	IN07	17911	28.6667	77.2167	-2094230	20241015021500	https://timesofindia.indiatimes.com/city/guwahati/peace-talks-among-meitei-kuki-naga-mlas-in-delhi-amidst-manipur-ethnic-crisis/articleshow/114230679.cms
1204115838	20241015	202410	2024	2024.7808	GOV	HOME MINIST						GOV			IND	MANIPUR	IND								0	036	036	03	1	4.0	1	1	1	-1.01010101010101	4	Manipur, Uttar Pradesh, India	IN	IN36	70268	27.0529	79.3583	10452605	4	Delhi, Delhi, India	IN	IN07	17911	28.6667	77.2167	-2094230	4	Delhi, Delhi, India	IN	IN07	17911	28.6667	77.2167	-2094230	20241015021500	https://timesofindia.indiatimes.com/city/guwahati/peace-talks-among-meitei-kuki-naga-mlas-in-delhi-amidst-manipur-ethnic-crisis/articleshow/114230679.cms
1204115839	20241015	202410	2024	2024.7808	GOV	GOVERNMENT						GOV			IND	MANIPUR	IND								0	036	036	03	1	4.0	2	1	2	-1.01010101010101	4	Manipur, Uttar Pradesh, India	IN	IN36	70268	27.0529	79.3583	10452605	4	Delhi, Delhi, India	IN	IN07	17911	28.6667	77.2167	-2094230	4	Manipur, Uttar Pradesh, India	IN	IN36	70268	27.0529	79.3583	10452605	20241015021500	https://timesofindia.indiatimes.com/city/guwahati/peace-talks-among-meitei-kuki-naga-mlas-in-delhi-amidst-manipur-ethnic-crisis/articleshow/114230679.cms
1204115840	20241015	202410	2024	2024.7808	GOV	HOME MINIST						GOV			IND	MANIPUR	IND								0	046	046	04	1	7.0	1	1	1	-1.01010101010101	4	Manipur, Uttar Pradesh, India	IN	IN36	70268	27.0529	79.3583	10452605	4	Delhi, Delhi, India	IN	IN07	17911	28.6667	77.2167	-2094230	4	Delhi, Delhi, India	IN	IN07	17911	28.6667	77.2167	-2094230	20241015021500	https://timesofindia.indiatimes.com/city/guwahati/peace-talks-among-meitei-kuki-naga-mlas-in-delhi-amidst-manipur-ethnic-crisis/articleshow/114230679.cms
1204115841	20241015	202410	2024	2024.7808	GOV	GOVERNMENT						GOV			INDGOV	MANIPUR	IND					GOV			0	036	036	03	1	4.0	2	1	2	-1.01010101010101	4	Manipur, Uttar Pradesh, India	IN	IN36	70268	27.0529	79.3583	10452605	4	Manipur, Uttar Pradesh, India	IN	IN36	70268	27.0529	79.3583	10452605	4	Manipur, Uttar Pradesh, India	IN	IN36	70268	27.0529	79.3583	10452605	20241015021500	https://timesofindia.indiatimes.com/city/guwahati/peace-talks-among-meitei-kuki-naga-mlas-in-delhi-amidst-manipur-ethnic-crisis/articleshow/114230679.cms
1204115842	20241015	202410	2024	2024.7808	GOV	GOVERNMENT						GOV			ISR	ISRAEL	ISR								0	111	111	11	3	-2.0	2	1	2	-3.53319057815846	4	Gaza, Israel (general), Israel	IS	IS00	18315	31.4167	34.3333	-797156	4	Gaza, Israel (general), Israel	IS	IS00	18315	31.4167	34.3333	-797156	4	Gaza, Israel (general), Israel	IS	IS00	18315	31.4167	34.3333	-797156	20241015021500	https://www.jpost.com/opinion/article-824567
1204115843	20241015	202410	2024	2024.7808	GOV	GOVERNMENT						GOV			ISR	ISRAEL	ISR								0	111	111	11	3	-2.0	2	1	2	-3.53319057815846	3	White House, District of Columbia, United States	US	USDC		38.8951	-77.0364	531871	4	Gaza, Israel (general), Israel	IS	IS00	18315	31.4167	34.3333	-797156	4	Gaza, Israel (general), Israel	IS	IS00	18315	31.4167	34.3333	-797156	20241015021500	https://www.jpost.com/opinion/article-824567
1204115844	20241015	202410	2024	2024.7808	GOV	PRESIDENT						GOV			MED	CORRESPONDENT						MED			1	010	010	01	1	0.0	4	1	4	-1.71037628278221	4	Port Harcourt, Rivers, Nigeria	NI	NI50	191389	4.78917	6.99861	-2025046	4	Port Harcourt, Rivers, Nigeria	NI	NI50	191389	4.78917	6.99861	-2025046	4	Port Harcourt, Rivers, Nigeria	NI	NI50	191389	4.78917	6.99861	-2025046	20241015021500	https://punchng.com/nnpc-sells-pms-to-ipman-at-n995-litre/
1204115845	20241015	202410	2024	2024.7808	GOV	AUTHORITIES						GOV			MED	JOURNALIST						MED			1	043	043	04	1	2.8	10	1	10	-5.57620817843867	4	Beirut, Beyrouth, Lebanon	LE	LE04	18808	33.8719	35.5097	-801546	4	Beirut, Beyrouth, Lebanon	LE	LE04	18808	33.8719	35.5097	-801546	4	Beirut, Beyrouth, Lebanon	LE	LE04	18808	33.8719	35.5097	-801546	20241015021500	https://www.theglobeandmail.com/world/article-funeral-in-maaysrah-lebanon-remembers-12-victims-after-israeli-strike/
1204115846	20241015	202410	2024	2024.7808	GOV	GOVERNOR						GOV			NGA	NIGERIA	NGA								1	036	036	03	1	4.0	3	1	3	-2.29153405474221	4	Gbajigbo, Nigeria (general), Nigeria	NI	NI00	191185	8.01667	3.83333	-2008303	4	Gbajigbo, Nigeria (general), Nigeria	NI	NI00	191185	8.01667	3.83333	-2008303	4	Gbajigbo, Nigeria (general), Nigeria	NI	NI00	191185	8.01667	3.83333	-2008303	20241015021500	https://punchng.com/boat-accident-abdulrazaq-supports-victims-families-with-n100m/
1204115847	20241015	202410	2024	2024.7808	GOV	PRESIDENT						GOV			NGA	NIGERIA	NGA								1	080	080	08	2	5.0	2	1	2	-0.71428571428571	4	Abuja, Abuja Federal Capital Territory, Nigeria	NI	NI11	191147	9.08333	7.53333	-1997013	4	Abuja, Abuja Federal Capital Territory, Nigeria	NI	NI11	191147	9.08333	7.53333	-1997013	4	Abuja, Abuja Federal Capital Territory, Nigeria	NI	NI11	191147	9.08333	7.53333	-1997013	20241015021500	https://punchng.com/asuu-ultimatum-expires-as-fg-inaugurates-4th-negotiation-committee/
1204115848	20241015	202410	2024	2024.7808	GOV	GOVERNMENT DELEGATION						GOV			NGACVL	NIGERIA	NGA					CVL			0	042	042	04	1	1.9	2	1	2	-2.29153405474221	4	Gbajigbo, Nigeria (general), Nigeria	NI	NI00	191185	8.01667	3.83333	-2008303	4	Gbajigbo, Nigeria (general), Nigeria	NI	NI00	191185	8.01667	3.83333	-2008303	5	Kwara State, Kwara, Nigeria	NI	NI30	191411	8.5	5	-2017029	20241015021500	https://punchng.com/boat-accident-abdulrazaq-supports-victims-families-with-n100m/
1204115849	20241015	202410	2024	2024.7808	GOV	PRIME MINISTER						GOV			PSE	PALESTINE	PSE								1	030	030	03	1	4.0	4	1	4	4.63709677419355	1	Ukraine	UP	UP		49	32	UP	1	Israel	IS	IS		31.5	34.75	IS	1	Israel	IS	IS		31.5	34.75	IS	20241015021500	https://www.pressenza.com/2024/10/third-world-march-for-peace-and-nonviolence-meeting-with-ambassador-of-india-to-the-un-in-new-york/
1204115850	20241015	202410	2024	2024.7808	GOV	PRIME MINISTER						GOV			PSE	PALESTINE	PSE								1	030	030	03	1	4.0	1	1	1	4.63709677419355	1	Ukraine	UP	UP		49	32	UP	1	Ukraine	UP	UP		49	32	UP	1	Ukraine	UP	UP		49	32	UP	20241015021500	https://www.pressenza.com/2024/10/third-world-march-for-peace-and-nonviolence-meeting-with-ambassador-of-india-to-the-un-in-new-york/
1204115851	20241015	202410	2024	2024.7808	GOV	PRIME MINISTER						GOV			RUS	RUSSIA	RUS								1	030	030	03	1	4.0	3	1	3	4.63709677419355	1	Ukraine	UP	UP		49	32	UP	1	Russia	RS	RS		60	100	RS	1	Israel	IS	IS		31.5	34.75	IS	20241015021500	https://www.pressenza.com/2024/10/third-world-march-for-peace-and-nonviolence-meeting-with-ambassador-of-india-to-the-un-in-new-york/
1204115852	20241015	202410	2024	2024.7808	GOV	PRIME MINISTER						GOV			RUS	RUSSIA	RUS								1	030	030	03	1	4.0	1	1	1	4.63709677419355	1	Ukraine	UP	UP		49	32	UP	1	Ukraine	UP	UP		49	32	UP	1	Israel	IS	IS		31.5	34.75	IS	20241015021500	https://www.pressenza.com/2024/10/third-world-march-for-peace-and-nonviolence-meeting-with-ambassador-of-india-to-the-un-in-new-york/
1204115853	20241015	202410	2024	2024.7808	GOV	PRIME MINISTER						GOV			RUS	RUSSIA	RUS								1	030	030	03	1	4.0	1	1	1	4.63709677419355	1	Ukraine	UP	UP		49	32	UP	1	Ukraine	UP	UP		49	32	UP	1	Ukraine	UP	UP		49	32	UP	20241015021500	https://www.pressenza.com/2024/10/third-world-march-for-peace-and-nonviolence-meeting-with-ambassador-of-india-to-the-un-in-new-york/
1204115854	20241015	202410	2024	2024.7808	GOV	AMBASSADOR						GOV			UKR	UKRAINE	UKR								0	012	012	01	1	-0.4	1	1	1	4.63709677419355	1	India	IN	IN		20	77	IN	1	Sudan	SU	SU		16	30	SU	1	Sudan	SU	SU		16	30	SU	20241015021500	https://www.pressenza.com/2024/10/third-world-march-for-peace-and-nonviolence-meeting-with-ambassador-of-india-to-the-un-in-new-york/
1204115855	20241015	202410	2024	2024.7808	GOV	AMBASSADOR						GOV			UKR	UKRAINE	UKR								0	012	012	01	1	-0.4	4	1	4	4.63709677419355	1	Sudan	SU	SU		16	30	SU	1	Ukraine	UP	UP		49	32	UP	1	Ukraine	UP	UP		49	32	UP	20241015021500	https://www.pressenza.com/2024/10/third-world-march-for-peace-and-nonviolence-meeting-with-ambassador-of-india-to-the-un-in-new-york/
1204115856	20241015	202410	2024	2024.7808	GOV	ADMINISTRATION						GOV			UKR	UKRAINE	UKR								0	072	072	07	2	8.3	6	1	6	-2.49003984063745	1	Russia	RS	RS		60	100	RS	1	Ukraine	UP	UP		49	32	UP	1	Russia	RS	RS		60	100	RS	20241015021500	https://www.odt.co.nz/opinion/letters-editor-project-kea-and-patronising-mps
1204115857	20241015	202410	2024	2024.7808	GOV	FOREIGN MINIST						GOV			UKR	UKRAINIAN	UKR								1	072	072	07	2	8.3	4	1	4	0	1	Ukraine	UP	UP		49	32	UP	1	Ukraine	UP	UP		49	32	UP	1	Ukraine	UP	UP		49	32	UP	20241015021500	https://www.yahoo.com/news/eu-mission-train-military-ukraine-013118920.html
1204115858	20241015	202410	2024	2024.7808	GOV	FOREIGN MINIST						GOV			UKRMIL	UKRAINIAN	UKR					MIL			1	072	072	07	2	8.3	6	1	6	0	1	Ukraine	UP	UP		49	32	UP	1	Ukraine	UP	UP		49	32	UP	1	Ukraine	UP	UP		49	32	UP	20241015021500	https://www.yahoo.com/news/eu-mission-train-military-ukraine-013118920.html
1204115859	20241015	202410	2024	2024.7808	GOV	PRESIDENT						GOV			USA	UNITED STATES	USA								0	010	010	01	1	0.0	2	1	2	0	2	Missouri, United States	US	USMO		38.4623	-92.302	MO	2	Missouri, United States	US	USMO		38.4623	-92.302	MO	2	Missouri, United States	US	USMO		38.4623	-92.302	MO	20241015021500	https://www.kcur.org/podcast/up-to-date/2024-10-14/lucas-kunce-missouri-us-senate-kamala-harris-josh-hawley
1204115860	20241015	202410	2024	2024.7808	GOV	MAYOR						GOV			USA	UNITED STATES	USA								0	015	015	01	1	0.0	2	1	2	-17.5324675324675	2	Alaska, United States	US	USAK		61.385	-152.268	AK	2	Alaska, United States	US	USAK		61.385	-152.268	AK	2	Alaska, United States	US	USAK		61.385	-152.268	AK	20241015021500	https://www.theartistree.fm/journal/405479/anchorage-struggles-with-prosecutor-shortage-leading-to-dismissal-of-serious-criminal-cases/
1204115861	20241015	202410	2024	2024.7808	GOV	ADVISORY BOARD						GOV			USA	UNITED STATES	USA								1	036	036	03	1	4.0	2	1	2	1.49253731343284	3	Calverton, New York, United States	US	USNY	NY103	40.9065	-72.7434	945505	3	Calverton, New York, United States	US	USNY	NY103	40.9065	-72.7434	945505	3	Calverton, New York, United States	US	USNY	NY103	40.9065	-72.7434	945505	20241015021500	https://riverheadlocal.com/2024/10/14/calverton-restoration-advisory-board-meeting-set-for-oct-29-at-the-residence-inn/
1204115862	20241015	202410	2024	2024.7808	GOV	ADVISORY BOARD						GOV			USA	UNITED STATES	USA								1	036	036	03	1	4.0	4	1	4	1.49253731343284	3	Calverton, New York, United States	US	USNY	NY103	40.9065	-72.7434	945505	3	Riverhead, New York, United States	US	USNY	NY103	40.917	-72.662	962565	3	Calverton, New York, United States	US	USNY	NY103	40.9065	-72.7434	945505	20241015021500	https://riverheadlocal.com/2024/10/14/calverton-restoration-advisory-board-meeting-set-for-oct-29-at-the-residence-inn/
1204115863	20241015	202410	2024	2024.7808	GOV	ADVISORY BOARD						GOV			USA	UNITED STATES	USA								1	046	046	04	1	7.0	6	1	6	1.49253731343284	2	New York, United States	US	USNY		42.1497	-74.9384	NY	2	New York, United States	US	USNY		42.1497	-74.9384	NY	2	New York, United States	US	USNY		42.1497	-74.9384	NY	20241015021500	https://riverheadlocal.com/2024/10/14/calverton-restoration-advisory-board-meeting-set-for-oct-29-at-the-residence-inn/
1204115864	20241015	202410	2024	2024.7808	GOV	PRESIDENT						GOV			USA	UNITED STATES	USA								0	080	080	08	2	5.0	5	1	5	-4.66830466830466	2	Pennsylvania, United States	US	USPA		40.5773	-77.264	PA	2	Pennsylvania, United States	US	USPA		40.5773	-77.264	PA	2	Pennsylvania, United States	US	USPA		40.5773	-77.264	PA	20241015021500	https://www.theyeshivaworld.com/news/general/2324476/bitter-biden-white-house-denies-accusations-that-joe-biden-is-sabotaging-kamala-harris-campaign.html
1204115865	20241015	202410	2024	2024.7808	GOV	AUTHORITIES						GOV			USA	UNITED STATES	USA								1	111	111	11	3	-2.0	4	1	4	-4.15360501567398	3	Bexar County, Texas, United States	US	USTX	TX029	29.4502	-98.517	1383800	3	Bexar County, Texas, United States	US	USTX		29.4502	-98.517	1383800	3	Bexar County, Texas, United States	US	USTX		29.4502	-98.517	1383800	20241015021500	http://www.expressnews.com/news/article/suzanne-simpson-missing-san-antonio-mother-19836401.php
1204115866	20241015	202410	2024	2024.7808	GOV	PRIME MINISTER						GOV			USAGOV	JOE BIDEN	USA					GOV			0	040	040	04	1	1.0	8	1	8	-2.81293952180028	4	Jerusalem, Israel (general), Israel	IS	IS00	18315	31.7667	35.2333	-797092	4	Jerusalem, Israel (general), Israel	IS	IS00	18315	31.7667	35.2333	-797092	4	Jerusalem, Israel (general), Israel	IS	IS00	18315	31.7667	35.2333	-797092	20241015021500	https://www.jpost.com/israel-news/2024-10-15/live-updates-824615
1204115867	20241015	202410	2024	2024.7808	GOV	MAYOR						GOV			USAMED	REUTERS	USA					MED			1	013	013	01	1	0.4	1	1	1	-5.07936507936508	4	Gaza, Israel (general), Israel	IS	IS00	18315	31.4167	34.3333	-797156	4	Jabalia, Gaza Strip (general), Gaza Strip	GZ	GZ00	18315	31.5364	34.4945	-797161	4	Gaza, Israel (general), Israel	IS	IS00	18315	31.4167	34.3333	-797156	20241015021500	https://www.thenewdaily.com.au/news/world/middle-east-news/2024/10/15/israel-strike-aitou-lebanon
1204115868	20241015	202410	2024	2024.7808	GOV	MAYOR						GOV			USAMED	REUTERS	USA					MED			1	013	013	01	1	0.4	2	1	2	-5.07936507936508	4	Jabalia, Gaza Strip (general), Gaza Strip	GZ	GZ00	18315	31.5364	34.4945	-797161	4	Gaza, Israel (general), Israel	IS	IS00	18315	31.4167	34.3333	-797156	4	Jabalia, Gaza Strip (general), Gaza Strip	GZ	GZ00	18315	31.5364	34.4945	-797161	20241015021500	https://www.thenewdaily.com.au/news/world/middle-east-news/2024/10/15/israel-strike-aitou-lebanon
1204115869	20241015	202410	2024	2024.7808	GOV	MAYOR						GOV			USAMED	REUTERS	USA					MED			1	013	013	01	1	0.4	10	2	10	-4.5375233505699	4	Aitou, Liban-Nord, Lebanon	LE	LE09	18803	34.3078	35.9203	-800961	4	Aitou, Liban-Nord, Lebanon	LE	LE09	18803	34.3078	35.9203	-800961	4	Aitou, Liban-Nord, Lebanon	LE	LE09	18803	34.3078	35.9203	-800961	20241015021500	https://www.yahoo.com/news/israel-strikes-north-lebanon-town-013643117.html
1204115870	20241015	202410	2024	2024.7808	GOV	MAYOR						GOV			USAMED	REUTERS	USA					MED			1	013	013	01	1	0.4	1	1	1	-4.53488372093024	4	Masnaa, Mont-Liban, Lebanon	LE	LE05	18811	33.975	35.6675	6318472	4	Gaza, Israel (general), Israel	IS	IS00	18315	31.4167	34.3333	-797156	4	Gaza, Israel (general), Israel	IS	IS00	18315	31.4167	34.3333	-797156	20241015021500	https://www.yahoo.com/news/israel-strikes-north-lebanon-town-013643117.html
1204115871	20241015	202410	2024	2024.7808	GOV	MAYOR						GOV			USAMED	REUTERS	USA					MED			1	013	013	01	1	0.4	2	2	2	-4.5375233505699	4	Masnaa, Mont-Liban, Lebanon	LE	LE05	18811	33.975	35.6675	6318472	4	Masnaa, Mont-Liban, Lebanon	LE	LE05	18811	33.975	35.6675	6318472	4	Masnaa, Mont-Liban, Lebanon	LE	LE05	18811	33.975	35.6675	6318472	20241015021500	https://www.yahoo.com/news/israel-strikes-north-lebanon-town-013643117.html
1204115872	20241015	202410	2024	2024.7808	GOV	MAYOR						GOV			USAMED	REUTERS	USA					MED			1	013	013	01	1	0.4	1	1	1	-4.54016298020955	1	Australia	AS	AS		-25	135	AS	4	Masnaa, Mont-Liban, Lebanon	LE	LE05	18811	33.975	35.6675	6318472	4	Masnaa, Mont-Liban, Lebanon	LE	LE05	18811	33.975	35.6675	6318472	20241015021500	https://www.marketscreener.com/news/latest/Israel-strikes-north-Lebanon-town-UN-expresses-concern-about-peacekeepers-48072564/
1204115873	20241015	202410	2024	2024.7808	GOV	HOME MINIST						GOV			nag	NAGA			nag						0	036	036	03	1	4.0	2	1	2	-1.01010101010101	4	Delhi, Delhi, India	IN	IN07	17911	28.6667	77.2167	-2094230	4	Manipur, Uttar Pradesh, India	IN	IN36	70268	27.0529	79.3583	10452605	4	Delhi, Delhi, India	IN	IN07	17911	28.6667	77.2167	-2094230	20241015021500	https://timesofindia.indiatimes.com/city/guwahati/peace-talks-among-meitei-kuki-naga-mlas-in-delhi-amidst-manipur-ethnic-crisis/articleshow/114230679.cms
1204115874	20241015	202410	2024	2024.7808	GOV	HOME MINIST						GOV			nag	NAGA			nag						0	036	036	03	1	4.0	2	1	2	-1.01010101010101	4	Delhi, Delhi, India	IN	IN07	17911	28.6667	77.2167	-2094230	4	Manipur, Uttar Pradesh, India	IN	IN36	70268	27.0529	79.3583	10452605	4	Manipur, Uttar Pradesh, India	IN	IN36	70268	27.0529	79.3583	10452605	20241015021500	https://timesofindia.indiatimes.com/city/guwahati/peace-talks-among-meitei-kuki-naga-mlas-in-delhi-amidst-manipur-ethnic-crisis/articleshow/114230679.cms
1204115875	20241015	202410	2024	2024.7808	GOV	HOME MINIST						GOV			nag	NAGA			nag						0	046	046	04	1	7.0	4	1	4	-1.01010101010101	4	Delhi, Delhi, India	IN	IN07	17911	28.6667	77.2167	-2094230	4	Manipur, Uttar Pradesh, India	IN	IN36	70268	27.0529	79.3583	10452605	4	Manipur, Uttar Pradesh, India	IN	IN36	70268	27.0529	79.3583	10452605	20241015021500	https://timesofindia.indiatimes.com/city/guwahati/peace-talks-among-meitei-kuki-naga-mlas-in-delhi-amidst-manipur-ethnic-crisis/articleshow/114230679.cms
1204115876	20241015	202410	2024	2024.7808	GOVEDU	CHANCELLOR						GOV	EDU												1	051	051	05	1	3.4	3	1	3	3.01507537688442	4	Nasinu, Northern, Fiji	FJ	FJ03	40201	-16.7667	179.483	-1191841	0								4	Nasinu, Northern, Fiji	FJ	FJ03	40201	-16.7667	179.483	-1191841	20241015021500	https://www.fijivillage.com/news/More-than-20000-people-attended-FNU-Open-Day-2024-rfx485/
1204115877	20241015	202410	2024	2024.7808	GOVEDU	CHANCELLOR						GOV	EDU												1	070	070	07	2	7.0	3	1	3	3.01507537688442	4	Nasinu, Northern, Fiji	FJ	FJ03	40201	-16.7667	179.483	-1191841	0								4	Nasinu, Northern, Fiji	FJ	FJ03	40201	-16.7667	179.483	-1191841	20241015021500	https://www.fijivillage.com/news/More-than-20000-people-attended-FNU-Open-Day-2024-rfx485/
1204115878	20241015	202410	2024	2024.7808	GOVEDU	CHANCELLOR						GOV	EDU		EDUEDU	SCHOOL						EDU	EDU		1	051	051	05	1	3.4	5	1	5	3.01507537688442	4	Nasinu, Northern, Fiji	FJ	FJ03	40201	-16.7667	179.483	-1191841	4	Nasinu, Northern, Fiji	FJ	FJ03	40201	-16.7667	179.483	-1191841	4	Nasinu, Northern, Fiji	FJ	FJ03	40201	-16.7667	179.483	-1191841	20241015021500	https://www.fijivillage.com/news/More-than-20000-people-attended-FNU-Open-Day-2024-rfx485/
1204115879	20241015	202410	2024	2024.7808	GOVEDU	CHANCELLOR						GOV	EDU		EDUEDU	SCHOOL						EDU	EDU		1	070	070	07	2	7.0	5	1	5	3.01507537688442	4	Nasinu, Northern, Fiji	FJ	FJ03	40201	-16.7667	179.483	-1191841	4	Nasinu, Northern, Fiji	FJ	FJ03	40201	-16.7667	179.483	-1191841	4	Nasinu, Northern, Fiji	FJ	FJ03	40201	-16.7667	179.483	-1191841	20241015021500	https://www.fijivillage.com/news/More-than-20000-people-attended-FNU-Open-Day-2024-rfx485/
1204115880	20241015	202410	2024	2024.7808	GOVEDU	CHANCELLOR						GOV	EDU		FJI	FIJI	FJI								1	051	051	05	1	3.4	1	1	1	3.01507537688442	4	Nasinu, Northern, Fiji	FJ	FJ03	40201	-16.7667	179.483	-1191841	4	Nasinu, Northern, Fiji	FJ	FJ03	40201	-16.7667	179.483	-1191841	4	Nasinu, Northern, Fiji	FJ	FJ03	40201	-16.7667	179.483	-1191841	20241015021500	https://www.fijivillage.com/news/More-than-20000-people-attended-FNU-Open-Day-2024-rfx485/
1204115881	20241015	202410	2024	2024.7808	GOVEDU	CHANCELLOR						GOV	EDU		FJI	FIJI	FJI								1	070	070	07	2	7.0	1	1	1	3.01507537688442	4	Nasinu, Northern, Fiji	FJ	FJ03	40201	-16.7667	179.483	-1191841	4	Nasinu, Northern, Fiji	FJ	FJ03	40201	-16.7667	179.483	-1191841	4	Nasinu, Northern, Fiji	FJ	FJ03	40201	-16.7667	179.483	-1191841	20241015021500	https://www.fijivillage.com/news/More-than-20000-people-attended-FNU-Open-Day-2024-rfx485/
1204115882	20241015	202410	2024	2024.7808	GOVEDU	CHANCELLOR						GOV	EDU		FJIEDU	FIJI	FJI					EDU			1	051	051	05	1	3.4	1	1	1	3.01507537688442	4	Nasinu, Northern, Fiji	FJ	FJ03	40201	-16.7667	179.483	-1191841	4	Nasinu, Northern, Fiji	FJ	FJ03	40201	-16.7667	179.483	-1191841	4	Nasinu, Northern, Fiji	FJ	FJ03	40201	-16.7667	179.483	-1191841	20241015021500	https://www.fijivillage.com/news/More-than-20000-people-attended-FNU-Open-Day-2024-rfx485/
1204115883	20241015	202410	2024	2024.7808	GOVEDU	CHANCELLOR						GOV	EDU		FJIEDU	FIJI	FJI					EDU			1	070	070	07	2	7.0	1	1	1	3.01507537688442	4	Nasinu, Northern, Fiji	FJ	FJ03	40201	-16.7667	179.483	-1191841	4	Nasinu, Northern, Fiji	FJ	FJ03	40201	-16.7667	179.483	-1191841	4	Nasinu, Northern, Fiji	FJ	FJ03	40201	-16.7667	179.483	-1191841	20241015021500	https://www.fijivillage.com/news/More-than-20000-people-attended-FNU-Open-Day-2024-rfx485/
1204115884	20241015	202410	2024	2024.7808	GOVLAB	GOVERNMENT						GOV	LAB		USA	UNITED STATES	USA								0	185	185	18	4	-8.0	5	1	5	-9.04255319148935	2	New York, United States	US	USNY		42.1497	-74.9384	NY	2	New York, United States	US	USNY		42.1497	-74.9384	NY	2	New York, United States	US	USNY		42.1497	-74.9384	NY	20241015021500	https://www.thepeterboroughexaminer.com/news/canada/a-timeline-of-recent-canada-india-tensions-as-both-countries-expel-diplomats/article_14e7f6e4-ab91-53da-8fe9-42c70bf4f98e.html
1204115885	20241015	202410	2024	2024.7808	GRC	RHODES	GRC																		0	070	070	07	2	7.0	6	1	6	-0.46439628482972	1	Ireland	EI	EI		53	-8	EI	0								1	Ireland	EI	EI		53	-8	EI	20241015021500	https://www.wthr.com/article/news/local/retired-history-teacher-opposes-recently-posted-flag-policy-at-lawrence-indiana-cemetery/531-285b78f4-5754-4459-a6a1-b93d404f48c1
1204115886	20241015	202410	2024	2024.7808	GRC	RHODES	GRC																		0	070	070	07	2	7.0	2	1	2	-0.46439628482972	2	Indiana, United States	US	USIN		39.8647	-86.2604	IN	0								2	Indiana, United States	US	USIN		39.8647	-86.2604	IN	20241015021500	https://www.wthr.com/article/news/local/retired-history-teacher-opposes-recently-posted-flag-policy-at-lawrence-indiana-cemetery/531-285b78f4-5754-4459-a6a1-b93d404f48c1
1204115887	20241015	202410	2024	2024.7808	HLH	HOSPITAL						HLH													1	043	043	04	1	2.8	10	1	10	-13.1274131274131	4	Lagos, Lagos, Nigeria	NI	NI05	191416	6.45306	3.39583	-2017355	0								4	Lagos, Lagos, Nigeria	NI	NI05	191416	6.45306	3.39583	-2017355	20241015021500	https://punchng.com/man-flees-after-stabbing-cousin-to-death-in-lagos-2/
1204115888	20241015	202410	2024	2024.7808	HLH	HOSPITAL						HLH													0	043	043	04	1	2.8	10	1	10	-8.25892857142857	4	Nagpur, Maharashtra, India	IN	IN16	17784	21.15	79.1	-2105396	0								4	Nagpur, Maharashtra, India	IN	IN16	17784	21.15	79.1	-2105396	20241015021500	https://timesofindia.indiatimes.com/city/guwahati/assam-sees-road-accident-decline-during-durga-puja-festivities/articleshow/114230643.cms
1204115889	20241015	202410	2024	2024.7808	HLH	CAREGIVER						HLH													1	050	050	05	1	3.5	6	1	6	4.39024390243902	3	Riverhead, New York, United States	US	USNY	NY103	40.917	-72.662	962565	0								3	Riverhead, New York, United States	US	USNY	NY103	40.917	-72.662	962565	20241015021500	https://riverheadlocal.com/2024/10/14/pbmcs-10th-annual-caregiver-conference-set-for-nov-7-at-hotel-indigo/
1204115890	20241015	202410	2024	2024.7808	HLH	CAREGIVER						HLH													1	050	050	05	1	3.5	4	1	4	4.39024390243902	2	New York, United States	US	USNY		42.1497	-74.9384	NY	0								2	New York, United States	US	USNY		42.1497	-74.9384	NY	20241015021500	https://riverheadlocal.com/2024/10/14/pbmcs-10th-annual-caregiver-conference-set-for-nov-7-at-hotel-indigo/
1204115891	20241015	202410	2024	2024.7808	HLH	HOSPITAL						HLH			CAN	CANADA	CAN								1	180	180	18	4	-9.0	2	1	2	-6.88073394495413	4	Ottawa, Ontario, Canada	CA	CA08	12755	45.4167	-75.7	-570760	4	Ottawa, Ontario, Canada	CA	CA08	12755	45.4167	-75.7	-570760	4	Ottawa, Ontario, Canada	CA	CA08	12755	45.4167	-75.7	-570760	20241015021500	https://www.cbc.ca/news/canada/ottawa/burn-victim-s-death-being-treated-as-a-homicide-police-say-1.7351848
1204115892	20241015	202410	2024	2024.7808	HLH	HOSPITAL						HLH			COP	POLICE						COP			1	180	180	18	4	-9.0	3	1	3	-6.88073394495413	4	Ottawa, Ontario, Canada	CA	CA08	12755	45.4167	-75.7	-570760	4	Ottawa, Ontario, Canada	CA	CA08	12755	45.4167	-75.7	-570760	4	Ottawa, Ontario, Canada	CA	CA08	12755	45.4167	-75.7	-570760	20241015021500	https://www.cbc.ca/news/canada/ottawa/burn-victim-s-death-being-treated-as-a-homicide-police-say-1.7351848
1204115893	20241015	202410	2024	2024.7808	HLH	HOSPITAL						HLH			CVL	CITIZEN						CVL			0	020	020	02	1	3.0	2	1	2	-2.49003984063745	4	South Island, New Zealand (general), New Zealand	NZ	NZ00	22392	-43	171	-1518317	4	South Island, New Zealand (general), New Zealand	NZ	NZ00	22392	-43	171	-1518317	4	South Island, New Zealand (general), New Zealand	NZ	NZ00	22392	-43	171	-1518317	20241015021500	https://www.odt.co.nz/opinion/letters-editor-project-kea-and-patronising-mps
1204115894	20241015	202410	2024	2024.7808	HLH	HOSPITAL						HLH			CVL	CITIZEN						CVL			0	020	020	02	1	3.0	8	1	8	-2.49003984063745	1	Israel	IS	IS		31.5	34.75	IS	1	Israel	IS	IS		31.5	34.75	IS	1	Israel	IS	IS		31.5	34.75	IS	20241015021500	https://www.odt.co.nz/opinion/letters-editor-project-kea-and-patronising-mps
1204115895	20241015	202410	2024	2024.7808	HLH	DOCTOR						HLH			USA	UNITED STATES	USA								1	020	020	02	1	3.0	2	1	2	-3.1413612565445	3	Philadelphia, Pennsylvania, United States	US	USPA	PA101	39.9523	-75.1638	1209052	3	Philadelphia, Pennsylvania, United States	US	USPA	PA101	39.9523	-75.1638	1209052	3	Philadelphia, Pennsylvania, United States	US	USPA	PA101	39.9523	-75.1638	1209052	20241015021500	https://www.scmp.com/news/world/united-states-canada/article/3282369/trump-pennsylvania-event-derailed-after-audience-members-faint
1204115896	20241015	202410	2024	2024.7808	HLH	CAREGIVER						HLH			USA	UNITED STATES	USA								1	036	036	03	1	4.0	8	1	8	4.39024390243902	3	Peconic, New York, United States	US	USNY	NY103	41.0479	-72.4631	960091	3	Peconic, New York, United States	US	USNY	NY103	41.0479	-72.4631	960091	3	Peconic, New York, United States	US	USNY	NY103	41.0479	-72.4631	960091	20241015021500	https://riverheadlocal.com/2024/10/14/pbmcs-10th-annual-caregiver-conference-set-for-nov-7-at-hotel-indigo/
1204115897	20241015	202410	2024	2024.7808	HLH	HOSPITAL						HLH			USA	BUFFALO	USA								0	042	042	04	1	1.9	5	1	5	-1.4903129657228	0								0								0								20241015021500	https://www.butlereagle.com/20241014/family-confirms-identity-of-racer-injured-in-accident-at-lernerville/
1204115898	20241015	202410	2024	2024.7808	HLH	DOCTOR						HLH			USA	UNITED STATES	USA								1	042	042	04	1	1.9	2	1	2	-3.1413612565445	3	Philadelphia, Pennsylvania, United States	US	USPA	PA101	39.9523	-75.1638	1209052	3	Philadelphia, Pennsylvania, United States	US	USPA	PA101	39.9523	-75.1638	1209052	3	Philadelphia, Pennsylvania, United States	US	USPA	PA101	39.9523	-75.1638	1209052	20241015021500	https://www.scmp.com/news/world/united-states-canada/article/3282369/trump-pennsylvania-event-derailed-after-audience-members-faint
1204115899	20241015	202410	2024	2024.7808	HLH	DOCTOR						HLH			USA	UNITED STATES	USA								1	043	043	04	1	2.8	2	1	2	-3.1413612565445	3	Philadelphia, Pennsylvania, United States	US	USPA	PA101	39.9523	-75.1638	1209052	3	Philadelphia, Pennsylvania, United States	US	USPA	PA101	39.9523	-75.1638	1209052	3	Philadelphia, Pennsylvania, United States	US	USPA	PA101	39.9523	-75.1638	1209052	20241015021500	https://www.scmp.com/news/world/united-states-canada/article/3282369/trump-pennsylvania-event-derailed-after-audience-members-faint
1204115900	20241015	202410	2024	2024.7808	IGOEUREEC	EUROPEAN PARLIAMENT	EUR	EEC				IGO													1	057	057	05	1	8.0	2	1	2	-4	2	Georgia, United States	US	USGA		32.9866	-83.6487	GA	0								2	Georgia, United States	US	USGA		32.9866	-83.6487	GA	20241015021500	https://menafn.com/1108778304/Georgian-PM-Believes-That-Ending-War-In-Ukraine-WillReset-Relations-With-EU-US
1204115901	20241015	202410	2024	2024.7808	IGOEUREECMIL	THE EUROPEAN UNION	EUR	EEC				IGO	MIL		GOV	FOREIGN MINIST						GOV			1	040	040	04	1	1.0	10	1	10	0	1	Ukraine	UP	UP		49	32	UP	1	Ukraine	UP	UP		49	32	UP	1	Ukraine	UP	UP		49	32	UP	20241015021500	https://www.yahoo.com/news/eu-mission-train-military-ukraine-013118920.html
1204115902	20241015	202410	2024	2024.7808	IGOUNO	UNSC		UNO				IGO													1	010	010	01	1	0.0	6	1	6	-5.25451559934318	4	Cambridge, Cambridgeshire, United Kingdom	UK	UKC3	40098	52.2	0.116667	-2591658	0								4	Cambridge, Cambridgeshire, United Kingdom	UK	UKC3	40098	52.2	0.116667	-2591658	20241015021500	https://www.scoop.co.nz/stories/HL2410/S00023/israels-war-on-the-united-nations.htm
1204115903	20241015	202410	2024	2024.7808	IGOUNO	UNSC		UNO				IGO													1	010	010	01	1	0.0	4	1	4	-5.25451559934318	4	Jerusalem, Israel (general), Israel	IS	IS00	18315	31.7667	35.2333	-797092	0								4	Jerusalem, Israel (general), Israel	IS	IS00	18315	31.7667	35.2333	-797092	20241015021500	https://www.scoop.co.nz/stories/HL2410/S00023/israels-war-on-the-united-nations.htm
1204115904	20241015	202410	2024	2024.7808	IGOUNO	UNITED NATIONS		UNO				IGO													1	010	010	01	1	0.0	10	1	10	0.92378752886836	5	Yobe, Yobe, Nigeria	NI	NI44	23119	12	11.5	9153504	0								5	Yobe, Yobe, Nigeria	NI	NI44	23119	12	11.5	9153504	20241015021500	https://punchng.com/nawoj-enrols-yobe-girls-in-schools-bemoans-rights-abuse/
1204115905	20241015	202410	2024	2024.7808	IGOUNO	THE UN		UNO				IGO													0	074	074	07	2	8.5	3	1	3	-5.25451559934318	4	Cambridge, Cambridgeshire, United Kingdom	UK	UKC3	40098	52.2	0.116667	-2591658	0								4	Cambridge, Cambridgeshire, United Kingdom	UK	UKC3	40098	52.2	0.116667	-2591658	20241015021500	https://www.scoop.co.nz/stories/HL2410/S00023/israels-war-on-the-united-nations.htm
1204115906	20241015	202410	2024	2024.7808	IGOUNO	THE UN		UNO				IGO													0	074	074	07	2	8.5	2	1	2	-5.25451559934318	4	Jerusalem, Israel (general), Israel	IS	IS00	18315	31.7667	35.2333	-797092	0								4	Jerusalem, Israel (general), Israel	IS	IS00	18315	31.7667	35.2333	-797092	20241015021500	https://www.scoop.co.nz/stories/HL2410/S00023/israels-war-on-the-united-nations.htm
1204115907	20241015	202410	2024	2024.7808	IGOUNO	UNSC		UNO				IGO													0	138	138	13	3	-7.0	1	1	1	-2.81293952180028	4	Hezbollah, Kerman, Iran	IR	IR29	40994	29.8628	56.8848	10496676	0								4	Hezbollah, Kerman, Iran	IR	IR29	40994	29.8628	56.8848	10496676	20241015021500	https://www.jpost.com/israel-news/2024-10-15/live-updates-824615
1204115908	20241015	202410	2024	2024.7808	IGOUNO	THE SECURITY COUNCIL		UNO				IGO			CVL	CIVILIAN						CVL			0	020	020	02	1	3.0	4	1	4	-2.27596017069701	4	Beirut, Beyrouth, Lebanon	LE	LE04	18808	33.8719	35.5097	-801546	4	Gaza, Israel (general), Israel	IS	IS00	18315	31.4167	34.3333	-797156	4	Beirut, Beyrouth, Lebanon	LE	LE04	18808	33.8719	35.5097	-801546	20241015021500	https://guernseypress.com/news/world-news/2024/10/15/security-council-voices-strong-concern-over-israel-attacks-on-un-peacekeepers/
1204115909	20241015	202410	2024	2024.7808	IGOUNO	THE SECURITY COUNCIL		UNO				IGO			CVL	CIVILIAN						CVL			0	020	020	02	1	3.0	1	1	1	-2.27596017069701	4	Beirut, Beyrouth, Lebanon	LE	LE04	18808	33.8719	35.5097	-801546	4	Beirut, Beyrouth, Lebanon	LE	LE04	18808	33.8719	35.5097	-801546	4	Beirut, Beyrouth, Lebanon	LE	LE04	18808	33.8719	35.5097	-801546	20241015021500	https://guernseypress.com/news/world-news/2024/10/15/security-council-voices-strong-concern-over-israel-attacks-on-un-peacekeepers/
1204115910	20241015	202410	2024	2024.7808	IGOUNO	THE UN		UNO				IGO			GOV	AMBASSADOR						GOV			1	040	040	04	1	1.0	10	1	10	4.63709677419355	1	Ukraine	UP	UP		49	32	UP	1	Ukraine	UP	UP		49	32	UP	1	Ukraine	UP	UP		49	32	UP	20241015021500	https://www.pressenza.com/2024/10/third-world-march-for-peace-and-nonviolence-meeting-with-ambassador-of-india-to-the-un-in-new-york/
1204115911	20241015	202410	2024	2024.7808	IGOUNO	UNSC		UNO				IGO			IRN	IRAN	IRN								0	138	138	13	3	-7.0	3	1	3	-2.81293952180028	4	Hezbollah, Kerman, Iran	IR	IR29	40994	29.8628	56.8848	10496676	4	Hezbollah, Kerman, Iran	IR	IR29	40994	29.8628	56.8848	10496676	4	Hezbollah, Kerman, Iran	IR	IR29	40994	29.8628	56.8848	10496676	20241015021500	https://www.jpost.com/israel-news/2024-10-15/live-updates-824615
1204115912	20241015	202410	2024	2024.7808	IGOUNO	UNSC		UNO				IGO			IRN	IRAN	IRN								0	138	138	13	3	-7.0	1	1	1	-2.81293952180028	3	Washington, District of Columbia, United States	US	USDC	DC001	38.8951	-77.0364	531871	3	Washington, District of Columbia, United States	US	USDC	DC001	38.8951	-77.0364	531871	3	Washington, District of Columbia, United States	US	USDC	DC001	38.8951	-77.0364	531871	20241015021500	https://www.jpost.com/israel-news/2024-10-15/live-updates-824615
1204115913	20241015	202410	2024	2024.7808	IGOUNO	THE SECURITY COUNCIL		UNO				IGO			ISR	ISRAEL	ISR								0	010	010	01	1	0.0	2	1	2	-3.68239355581128	4	Tel Aviv, Tel Aviv, Israel	IS	IS05	18316	32.0667	34.7667	-781545	4	Tel Aviv, Tel Aviv, Israel	IS	IS05	18316	32.0667	34.7667	-781545	4	Tel Aviv, Tel Aviv, Israel	IS	IS05	18316	32.0667	34.7667	-781545	20241015021500	https://www.nysun.com/article/hezbollah-targets-tel-aviv-following-washingtons-warning-to-israel-on-attacking-lebanese-population-centers
1204115914	20241015	202410	2024	2024.7808	IGOUNO	THE SECURITY COUNCIL		UNO				IGO			MED	SPOKESMAN						MED			0	010	010	01	1	0.0	3	1	3	-3.68239355581128	4	Tel Aviv, Tel Aviv, Israel	IS	IS05	18316	32.0667	34.7667	-781545	4	Tel Aviv, Tel Aviv, Israel	IS	IS05	18316	32.0667	34.7667	-781545	4	Tel Aviv, Tel Aviv, Israel	IS	IS05	18316	32.0667	34.7667	-781545	20241015021500	https://www.nysun.com/article/hezbollah-targets-tel-aviv-following-washingtons-warning-to-israel-on-attacking-lebanese-population-centers
1204115915	20241015	202410	2024	2024.7808	IGOUNOGOV	THE UN		UNO				IGO	GOV												1	012	012	01	1	-0.4	2	1	2	-6.13207547169812	1	Lebanon	LE	LE		33.833333	35.833333	LE	0								1	Iran	IR	IR		32	53	IR	20241015021500	http://www.israelnationalnews.com/news/397646
1204115916	20241015	202410	2024	2024.7808	IGOUNOGOV	THE UN		UNO				IGO	GOV												0	154	154	15	4	-7.2	2	1	2	-3.68239355581128	4	Tel Aviv, Tel Aviv, Israel	IS	IS05	18316	32.0667	34.7667	-781545	0								4	Tel Aviv, Tel Aviv, Israel	IS	IS05	18316	32.0667	34.7667	-781545	20241015021500	https://www.nysun.com/article/hezbollah-targets-tel-aviv-following-washingtons-warning-to-israel-on-attacking-lebanese-population-centers
1204115917	20241015	202410	2024	2024.7808	IGOUNOGOV	THE UN		UNO				IGO	GOV												0	154	154	15	4	-7.2	8	1	8	-3.68239355581128	4	Beirut, Beyrouth, Lebanon	LE	LE04	18808	33.8719	35.5097	-801546	0								4	Beirut, Beyrouth, Lebanon	LE	LE04	18808	33.8719	35.5097	-801546	20241015021500	https://www.nysun.com/article/hezbollah-targets-tel-aviv-following-washingtons-warning-to-israel-on-attacking-lebanese-population-centers
1204115918	20241015	202410	2024	2024.7808	IND	ASSAM	IND																		1	010	010	01	1	0.0	6	1	6	4.25101214574898	4	Dibrugarh, Assam, India	IN	IN03	70087	27.4817	94.9028	-2094880	0								4	Dibrugarh, Assam, India	IN	IN03	70087	27.4817	94.9028	-2094880	20241015021500	https://timesofindia.indiatimes.com/city/guwahati/agp-leaders-reaffirm-commitment-to-regionalism-on-40th-foundation-day/articleshow/114230427.cms
1204115919	20241015	202410	2024	2024.7808	IND	ASSAM	IND																		1	010	010	01	1	0.0	4	1	4	4.25101214574898	4	Haryana, Haryana, India	IN	IN10	17660	29.6161	76.9806	6210381	0								4	Haryana, Haryana, India	IN	IN10	17660	29.6161	76.9806	6210381	20241015021500	https://timesofindia.indiatimes.com/city/guwahati/agp-leaders-reaffirm-commitment-to-regionalism-on-40th-foundation-day/articleshow/114230427.cms
1204115920	20241015	202410	2024	2024.7808	IND	MANIPUR	IND																		1	040	040	04	1	1.0	4	1	4	-1.01010101010101	4	Manipur, Uttar Pradesh, India	IN	IN36	70268	27.0529	79.3583	10452605	0								4	Delhi, Delhi, India	IN	IN07	17911	28.6667	77.2167	-2094230	20241015021500	https://timesofindia.indiatimes.com/city/guwahati/peace-talks-among-meitei-kuki-naga-mlas-in-delhi-amidst-manipur-ethnic-crisis/articleshow/114230679.cms
1204115921	20241015	202410	2024	2024.7808	IND	RAJKOT	IND																		1	112	112	11	3	-2.0	5	1	5	-3.50467289719626	4	Rajkot, Gujarat, India	IN	IN09	17647	22.3	70.7833	-2108747	0								4	Rajkot, Gujarat, India	IN	IN09	17647	22.3	70.7833	-2108747	20241015021500	https://timesofindia.indiatimes.com/city/guwahati/guwahati-municipal-corporation-boosts-waterlogging-solutions-with-20-new-pumps/articleshow/114230630.cms
1204115922	20241015	202410	2024	2024.7808	IND	NAGPUR	IND																		0	193	193	19	4	-10.0	3	1	3	-8.25892857142857	4	Nagpur, Maharashtra, India	IN	IN16	17784	21.15	79.1	-2105396	0								4	Nagpur, Maharashtra, India	IN	IN16	17784	21.15	79.1	-2105396	20241015021500	https://timesofindia.indiatimes.com/city/guwahati/assam-sees-road-accident-decline-during-durga-puja-festivities/articleshow/114230643.cms
1204115923	20241015	202410	2024	2024.7808	IND	PUNE	IND								CVL	COMMUNITY						CVL			1	043	043	04	1	2.8	10	1	10	3.36787564766839	4	Pune, Maharashtra, India	IN	IN16	70178	18.5333	73.8667	-2108361	4	Pune, Maharashtra, India	IN	IN16	70178	18.5333	73.8667	-2108361	4	Pune, Maharashtra, India	IN	IN16	70178	18.5333	73.8667	-2108361	20241015021500	https://www.hindustantimes.com/cities/pune-news/mental-health-survey-from-next-week-in-maharashtra-101728933350862.html
1204115924	20241015	202410	2024	2024.7808	IND	MANIPUR	IND								GOV	HOME MINIST						GOV			0	010	010	01	1	0.0	2	1	2	-1.01010101010101	4	Delhi, Delhi, India	IN	IN07	17911	28.6667	77.2167	-2094230	4	Manipur, Uttar Pradesh, India	IN	IN36	70268	27.0529	79.3583	10452605	4	Delhi, Delhi, India	IN	IN07	17911	28.6667	77.2167	-2094230	20241015021500	https://timesofindia.indiatimes.com/city/guwahati/peace-talks-among-meitei-kuki-naga-mlas-in-delhi-amidst-manipur-ethnic-crisis/articleshow/114230679.cms
1204115925	20241015	202410	2024	2024.7808	IND	MANIPUR	IND								GOV	HOME MINIST						GOV			0	036	036	03	1	4.0	1	1	1	-1.01010101010101	4	Delhi, Delhi, India	IN	IN07	17911	28.6667	77.2167	-2094230	4	Manipur, Uttar Pradesh, India	IN	IN36	70268	27.0529	79.3583	10452605	4	Delhi, Delhi, India	IN	IN07	17911	28.6667	77.2167	-2094230	20241015021500	https://timesofindia.indiatimes.com/city/guwahati/peace-talks-among-meitei-kuki-naga-mlas-in-delhi-amidst-manipur-ethnic-crisis/articleshow/114230679.cms
1204115926	20241015	202410	2024	2024.7808	IND	MANIPUR	IND								GOV	GOVERNMENT						GOV			0	036	036	03	1	4.0	2	1	2	-1.01010101010101	4	Delhi, Delhi, India	IN	IN07	17911	28.6667	77.2167	-2094230	4	Manipur, Uttar Pradesh, India	IN	IN36	70268	27.0529	79.3583	10452605	4	Manipur, Uttar Pradesh, India	IN	IN36	70268	27.0529	79.3583	10452605	20241015021500	https://timesofindia.indiatimes.com/city/guwahati/peace-talks-among-meitei-kuki-naga-mlas-in-delhi-amidst-manipur-ethnic-crisis/articleshow/114230679.cms
1204115927	20241015	202410	2024	2024.7808	IND	MANIPUR	IND								GOV	GOVERNMENT						GOV			0	036	036	03	1	4.0	2	1	2	-1.01010101010101	4	Manipur, Uttar Pradesh, India	IN	IN36	70268	27.0529	79.3583	10452605	4	Delhi, Delhi, India	IN	IN07	17911	28.6667	77.2167	-2094230	4	Delhi, Delhi, India	IN	IN07	17911	28.6667	77.2167	-2094230	20241015021500	https://timesofindia.indiatimes.com/city/guwahati/peace-talks-among-meitei-kuki-naga-mlas-in-delhi-amidst-manipur-ethnic-crisis/articleshow/114230679.cms
1204115928	20241015	202410	2024	2024.7808	IND	MANIPUR	IND								GOV	HOME MINIST						GOV			0	046	046	04	1	7.0	1	1	1	-1.01010101010101	4	Delhi, Delhi, India	IN	IN07	17911	28.6667	77.2167	-2094230	4	Manipur, Uttar Pradesh, India	IN	IN36	70268	27.0529	79.3583	10452605	4	Delhi, Delhi, India	IN	IN07	17911	28.6667	77.2167	-2094230	20241015021500	https://timesofindia.indiatimes.com/city/guwahati/peace-talks-among-meitei-kuki-naga-mlas-in-delhi-amidst-manipur-ethnic-crisis/articleshow/114230679.cms
1204115929	20241015	202410	2024	2024.7808	IND	MUMBAI	IND								INDCOP	MUMBAI	IND					COP			0	190	190	19	4	-10.0	2	1	2	-7.57097791798108	4	Mumbai, Maharashtra, India	IN	IN16	70184	18.975	72.8258	-2092174	4	Mumbai, Maharashtra, India	IN	IN16	70184	18.975	72.8258	-2092174	4	Bandra, Maharashtra, India	IN	IN16	70184	19.0667	72.8333	82619	20241015021500	https://timesofindia.indiatimes.com/city/guwahati/dead-body-of-jailbreak-prisoner-discovered-in-assam-water-body/articleshow/114230622.cms
1204115930	20241015	202410	2024	2024.7808	IND	ASSAM	IND								INDCVL	ASSAM	IND					CVL			1	141	141	14	3	-6.5	10	1	10	-1.64319248826291	0								0								0								20241015021500	https://timesofindia.indiatimes.com/city/guwahati/chutia-community-protests-demand-for-scheduled-tribe-status-in-assam/articleshow/114230221.cms
1204115931	20241015	202410	2024	2024.7808	IND	NAGALAND	IND								NPL	GORKHA	NPL								1	020	020	02	1	3.0	10	1	10	-1.34099616858237	1	United Kingdom	UK	UK		54	-4	UK	1	United Kingdom	UK	UK		54	-4	UK	1	United Kingdom	UK	UK		54	-4	UK	20241015021500	https://morungexpress.com/nagaland-gorkha-association-seeks-recognition-in-riin
1204115932	20241015	202410	2024	2024.7808	IND	ASSAM	IND								OPP	PRISONER						OPP			1	173	173	17	4	-5.0	6	1	6	-7.57097791798108	4	Mumbai, Maharashtra, India	IN	IN16	70184	18.975	72.8258	-2092174	4	Mumbai, Maharashtra, India	IN	IN16	70184	18.975	72.8258	-2092174	4	Mumbai, Maharashtra, India	IN	IN16	70184	18.975	72.8258	-2092174	20241015021500	https://timesofindia.indiatimes.com/city/guwahati/dead-body-of-jailbreak-prisoner-discovered-in-assam-water-body/articleshow/114230622.cms
1204115933	20241015	202410	2024	2024.7808	IND	ASSAM	IND								OPP	PRISONER						OPP			1	173	173	17	4	-5.0	4	1	4	-7.57097791798108	4	Guwahati, Assam, India	IN	IN03	17583	26.1833	91.7333	-2096059	4	Guwahati, Assam, India	IN	IN03	17583	26.1833	91.7333	-2096059	4	Guwahati, Assam, India	IN	IN03	17583	26.1833	91.7333	-2096059	20241015021500	https://timesofindia.indiatimes.com/city/guwahati/dead-body-of-jailbreak-prisoner-discovered-in-assam-water-body/articleshow/114230622.cms
1204115934	20241015	202410	2024	2024.7808	IND	NEW DELHI	IND								nag	NAGA			nag						0	036	036	03	1	4.0	1	1	1	-1.01010101010101	4	Delhi, Delhi, India	IN	IN07	17911	28.6667	77.2167	-2094230	4	Delhi, Delhi, India	IN	IN07	17911	28.6667	77.2167	-2094230	4	Delhi, Delhi, India	IN	IN07	17911	28.6667	77.2167	-2094230	20241015021500	https://timesofindia.indiatimes.com/city/guwahati/peace-talks-among-meitei-kuki-naga-mlas-in-delhi-amidst-manipur-ethnic-crisis/articleshow/114230679.cms
1204115935	20241015	202410	2024	2024.7808	IND	NEW DELHI	IND								nag	NAGA			nag						0	036	036	03	1	4.0	2	1	2	-1.01010101010101	4	Delhi, Delhi, India	IN	IN07	17911	28.6667	77.2167	-2094230	4	Manipur, Uttar Pradesh, India	IN	IN36	70268	27.0529	79.3583	10452605	4	Delhi, Delhi, India	IN	IN07	17911	28.6667	77.2167	-2094230	20241015021500	https://timesofindia.indiatimes.com/city/guwahati/peace-talks-among-meitei-kuki-naga-mlas-in-delhi-amidst-manipur-ethnic-crisis/articleshow/114230679.cms
1204115936	20241015	202410	2024	2024.7808	IND	NEW DELHI	IND								nag	NAGA			nag						0	046	046	04	1	7.0	1	1	1	-1.01010101010101	4	Delhi, Delhi, India	IN	IN07	17911	28.6667	77.2167	-2094230	4	Delhi, Delhi, India	IN	IN07	17911	28.6667	77.2167	-2094230	4	Manipur, Uttar Pradesh, India	IN	IN36	70268	27.0529	79.3583	10452605	20241015021500	https://timesofindia.indiatimes.com/city/guwahati/peace-talks-among-meitei-kuki-naga-mlas-in-delhi-amidst-manipur-ethnic-crisis/articleshow/114230679.cms
1204115937	20241015	202410	2024	2024.7808	IND	NEW DELHI	IND								nag	NAGA			nag						0	046	046	04	1	7.0	2	1	2	-1.01010101010101	4	Delhi, Delhi, India	IN	IN07	17911	28.6667	77.2167	-2094230	4	Manipur, Uttar Pradesh, India	IN	IN36	70268	27.0529	79.3583	10452605	4	Manipur, Uttar Pradesh, India	IN	IN36	70268	27.0529	79.3583	10452605	20241015021500	https://timesofindia.indiatimes.com/city/guwahati/peace-talks-among-meitei-kuki-naga-mlas-in-delhi-amidst-manipur-ethnic-crisis/articleshow/114230679.cms
1204115938	20241015	202410	2024	2024.7808	INDGOV	NAGALAND	IND					GOV													1	110	110	11	3	-2.0	10	1	10	1.12359550561797	0								0								0								20241015021500	https://morungexpress.com/npf-and-ljp-ramvilas-dismiss-rumors-of-withdrawal-from-pda-government
1204115939	20241015	202410	2024	2024.7808	INDGOV	MANIPUR	IND					GOV			GOV	GOVERNMENT						GOV			0	036	036	03	1	4.0	2	1	2	-1.01010101010101	4	Manipur, Uttar Pradesh, India	IN	IN36	70268	27.0529	79.3583	10452605	4	Manipur, Uttar Pradesh, India	IN	IN36	70268	27.0529	79.3583	10452605	4	Manipur, Uttar Pradesh, India	IN	IN36	70268	27.0529	79.3583	10452605	20241015021500	https://timesofindia.indiatimes.com/city/guwahati/peace-talks-among-meitei-kuki-naga-mlas-in-delhi-amidst-manipur-ethnic-crisis/articleshow/114230679.cms
1204115940	20241015	202410	2024	2024.7808	IRN	IRAN	IRN																		1	190	190	19	4	-10.0	5	1	5	-2.81293952180028	4	Jerusalem, Israel (general), Israel	IS	IS00	18315	31.7667	35.2333	-797092	0								5	Beqaa, Béa, Lebanon	LE	LE08	18792	33.6667	35.8333	-798017	20241015021500	https://www.jpost.com/israel-news/2024-10-15/live-updates-824615
1204115941	20241015	202410	2024	2024.7808	IRN	IRAN	IRN																		1	190	190	19	4	-10.0	1	1	1	-2.81293952180028	5	Beqaa, Béa, Lebanon	LE	LE08	18792	33.6667	35.8333	-798017	0								5	Beqaa, Béa, Lebanon	LE	LE08	18792	33.6667	35.8333	-798017	20241015021500	https://www.jpost.com/israel-news/2024-10-15/live-updates-824615
1204115942	20241015	202410	2024	2024.7808	IRN	IRAN	IRN								GOV	PRESIDENT						GOV			0	051	051	05	1	3.4	3	1	3	-3.53319057815846	4	Tehran, Tehran, Iran	IR	IR26	41130	35.75	51.5148	10074674	4	Tehran, Tehran, Iran	IR	IR26	41130	35.75	51.5148	10074674	4	Tehran, Tehran, Iran	IR	IR26	41130	35.75	51.5148	10074674	20241015021500	https://www.jpost.com/opinion/article-824567
1204115943	20241015	202410	2024	2024.7808	IRN	IRAN	IRN								ISR	ISRAEL	ISR								0	051	051	05	1	3.4	1	1	1	-3.53319057815846	4	Jerusalem, Israel (general), Israel	IS	IS00	18315	31.7667	35.2333	-797092	4	Jerusalem, Israel (general), Israel	IS	IS00	18315	31.7667	35.2333	-797092	4	Jerusalem, Israel (general), Israel	IS	IS00	18315	31.7667	35.2333	-797092	20241015021500	https://www.jpost.com/opinion/article-824567
1204115944	20241015	202410	2024	2024.7808	IRN	IRAN	IRN								ISR	ISRAEL	ISR								0	051	051	05	1	3.4	1	1	1	-3.53319057815846	4	Tehran, Tehran, Iran	IR	IR26	41130	35.75	51.5148	10074674	4	Jerusalem, Israel (general), Israel	IS	IS00	18315	31.7667	35.2333	-797092	4	Jerusalem, Israel (general), Israel	IS	IS00	18315	31.7667	35.2333	-797092	20241015021500	https://www.jpost.com/opinion/article-824567
1204115945	20241015	202410	2024	2024.7808	IRN	IRAN	IRN								RUS	RUSSIA	RUS								1	0332	033	03	1	5.2	1	1	1	-2.49003984063745	1	Iran	IR	IR		32	53	IR	1	Iran	IR	IR		32	53	IR	1	Iran	IR	IR		32	53	IR	20241015021500	https://www.odt.co.nz/opinion/letters-editor-project-kea-and-patronising-mps
1204115946	20241015	202410	2024	2024.7808	IRN	IRAN	IRN								RUS	RUSSIA	RUS								1	0332	033	03	1	5.2	4	1	4	-2.49003984063745	1	Iran	IR	IR		32	53	IR	1	Russia	RS	RS		60	100	RS	1	Iran	IR	IR		32	53	IR	20241015021500	https://www.odt.co.nz/opinion/letters-editor-project-kea-and-patronising-mps
1204115947	20241015	202410	2024	2024.7808	IRN	IRAN	IRN								UAF	TERRORIST						UAF			1	071	071	07	2	7.4	1	1	1	-2.49003984063745	4	South Island, New Zealand (general), New Zealand	NZ	NZ00	22392	-43	171	-1518317	4	South Island, New Zealand (general), New Zealand	NZ	NZ00	22392	-43	171	-1518317	4	South Island, New Zealand (general), New Zealand	NZ	NZ00	22392	-43	171	-1518317	20241015021500	https://www.odt.co.nz/opinion/letters-editor-project-kea-and-patronising-mps
1204115948	20241015	202410	2024	2024.7808	IRN	IRAN	IRN								UAF	TERRORIST						UAF			1	071	071	07	2	7.4	6	1	6	-2.49003984063745	1	Iran	IR	IR		32	53	IR	1	Iran	IR	IR		32	53	IR	1	Iran	IR	IR		32	53	IR	20241015021500	https://www.odt.co.nz/opinion/letters-editor-project-kea-and-patronising-mps
1204115949	20241015	202410	2024	2024.7808	IRN	IRAN	IRN								UAF	TERRORIST						UAF			1	071	071	07	2	7.4	3	1	3	-2.49003984063745	1	Israel	IS	IS		31.5	34.75	IS	1	Israel	IS	IS		31.5	34.75	IS	1	Israel	IS	IS		31.5	34.75	IS	20241015021500	https://www.odt.co.nz/opinion/letters-editor-project-kea-and-patronising-mps
1204115950	20241015	202410	2024	2024.7808	IRNMIL	IRANIAN	IRN					MIL													0	190	190	19	4	-10.0	3	1	3	-2.81293952180028	4	Hezbollah, Kerman, Iran	IR	IR29	40994	29.8628	56.8848	10496676	0								4	Hezbollah, Kerman, Iran	IR	IR29	40994	29.8628	56.8848	10496676	20241015021500	https://www.jpost.com/israel-news/2024-10-15/live-updates-824615
1204115951	20241015	202410	2024	2024.7808	ISR	ISRAEL	ISR																		0	014	014	01	1	0.0	1	1	1	-6.13207547169812	1	Lebanon	LE	LE		33.833333	35.833333	LE	0								1	Lebanon	LE	LE		33.833333	35.833333	LE	20241015021500	http://www.israelnationalnews.com/news/397646
1204115952	20241015	202410	2024	2024.7808	ISR	ISRAEL	ISR																		0	020	020	02	1	3.0	10	1	10	-3.68239355581128	4	Tel Aviv, Tel Aviv, Israel	IS	IS05	18316	32.0667	34.7667	-781545	0								4	Tel Aviv, Tel Aviv, Israel	IS	IS05	18316	32.0667	34.7667	-781545	20241015021500	https://www.nysun.com/article/hezbollah-targets-tel-aviv-following-washingtons-warning-to-israel-on-attacking-lebanese-population-centers
1204115953	20241015	202410	2024	2024.7808	ISR	GALILEE	ISR																		1	035	035	03	1	7.0	8	1	8	-5.19031141868512	4	Galilee, Ha?afon, Israel	IS	IS03	18314	32.9	35.3333	-779978	0								4	Galilee, Ha?afon, Israel	IS	IS03	18314	32.9	35.3333	-779978	20241015021500	https://www.theyeshivaworld.com/news/israel-news/2324616/see-it-idf-tours-hezbollah-underground-compound-packed-with-weapons-and-motorcycles-for-planned-invasion-of-israel.html
1204115954	20241015	202410	2024	2024.7808	ISR	ISRAEL	ISR																		1	050	050	05	1	3.5	5	1	5	-3.53319057815846	4	Gaza, Israel (general), Israel	IS	IS00	18315	31.4167	34.3333	-797156	0								4	Gaza, Israel (general), Israel	IS	IS00	18315	31.4167	34.3333	-797156	20241015021500	https://www.jpost.com/opinion/article-824567
1204115955	20241015	202410	2024	2024.7808	ISR	ISRAEL	ISR																		0	071	071	07	2	7.4	2	1	2	-3.53319057815846	4	Gaza, Israel (general), Israel	IS	IS00	18315	31.4167	34.3333	-797156	0								4	Gaza, Israel (general), Israel	IS	IS00	18315	31.4167	34.3333	-797156	20241015021500	https://www.jpost.com/opinion/article-824567
1204115956	20241015	202410	2024	2024.7808	ISR	ISRAEL	ISR																		0	071	071	07	2	7.4	2	1	2	-3.53319057815846	4	Gaza, Israel (general), Israel	IS	IS00	18315	31.4167	34.3333	-797156	0								3	White House, District of Columbia, United States	US	USDC		38.8951	-77.0364	531871	20241015021500	https://www.jpost.com/opinion/article-824567
1204115957	20241015	202410	2024	2024.7808	ISR	ISRAEL	ISR																		1	080	080	08	2	5.0	4	1	4	0.6514657980456	4	Gaza, Israel (general), Israel	IS	IS00	18315	31.4167	34.3333	-797156	0								4	Gaza, Israel (general), Israel	IS	IS00	18315	31.4167	34.3333	-797156	20241015021500	http://www.israelnationalnews.com/news/397643
1204115958	20241015	202410	2024	2024.7808	ISR	ISRAEL	ISR																		1	110	110	11	3	-2.0	3	1	3	-4.17661097852029	4	Quneitra, Al Qunaytirah, Syria	SY	SY03	26312	33.1259	35.8246	-2538568	0								4	Quneitra, Al Qunaytirah, Syria	SY	SY03	26312	33.1259	35.8246	-2538568	20241015021500	https://www.jpost.com/israel-news/article-824616
1204115959	20241015	202410	2024	2024.7808	ISR	ISRAEL	ISR																		1	110	110	11	3	-2.0	2	1	2	-4.17661097852029	4	Quneitra, Al Qunaytirah, Syria	SY	SY03	26312	33.1259	35.8246	-2538568	0								4	Bekaa Valley, Béa, Lebanon	LE	LE08	26329	33.8333	36	-798018	20241015021500	https://www.jpost.com/israel-news/article-824616
1204115960	20241015	202410	2024	2024.7808	ISR	ISRAEL	ISR																		1	190	190	19	4	-10.0	2	1	2	-7.18171926006529	4	Tel Aviv, Tel Aviv, Israel	IS	IS05	18316	32.0667	34.7667	-781545	0								4	Tehran, Tehran, Iran	IR	IR26	41130	35.75	51.5148	10074674	20241015021500	https://pidgin.informationng.com/?p=28810
1204115961	20241015	202410	2024	2024.7808	ISR	ISRAEL	ISR																		0	190	190	19	4	-10.0	1	1	1	-3.68239355581128	4	Beirut, Beyrouth, Lebanon	LE	LE04	18808	33.8719	35.5097	-801546	0								4	Beirut, Beyrouth, Lebanon	LE	LE04	18808	33.8719	35.5097	-801546	20241015021500	https://www.nysun.com/article/hezbollah-targets-tel-aviv-following-washingtons-warning-to-israel-on-attacking-lebanese-population-centers
1204115962	20241015	202410	2024	2024.7808	ISR	ISRAELI	ISR																		1	190	190	19	4	-10.0	2	1	2	-7.18171926006529	4	Tehran, Tehran, Iran	IR	IR26	41130	35.75	51.5148	10074674	0								4	Tehran, Tehran, Iran	IR	IR26	41130	35.75	51.5148	10074674	20241015021500	https://pidgin.informationng.com/?p=28810
1204115963	20241015	202410	2024	2024.7808	ISR	ISRAEL	ISR																		0	194	194	19	4	-10.0	5	1	5	-4.17661097852029	4	Bekaa Valley, Béa, Lebanon	LE	LE08	26329	33.8333	36	-798018	0								4	Bekaa Valley, Béa, Lebanon	LE	LE08	26329	33.8333	36	-798018	20241015021500	https://www.jpost.com/israel-news/article-824616
1204115964	20241015	202410	2024	2024.7808	ISR	ISRAEL	ISR								CVL	CITIZEN						CVL			1	050	050	05	1	3.5	5	1	5	-3.53319057815846	4	Jerusalem, Israel (general), Israel	IS	IS00	18315	31.7667	35.2333	-797092	4	Jerusalem, Israel (general), Israel	IS	IS00	18315	31.7667	35.2333	-797092	4	Jerusalem, Israel (general), Israel	IS	IS00	18315	31.7667	35.2333	-797092	20241015021500	https://www.jpost.com/opinion/article-824567
1204115965	20241015	202410	2024	2024.7808	ISR	ISRAEL	ISR								CVL	CITIZEN						CVL			1	190	190	19	4	-10.0	5	1	5	-3.53319057815846	4	Jerusalem, Israel (general), Israel	IS	IS00	18315	31.7667	35.2333	-797092	4	Jerusalem, Israel (general), Israel	IS	IS00	18315	31.7667	35.2333	-797092	4	Jerusalem, Israel (general), Israel	IS	IS00	18315	31.7667	35.2333	-797092	20241015021500	https://www.jpost.com/opinion/article-824567
1204115966	20241015	202410	2024	2024.7808	ISR	ISRAEL	ISR								EDU	SCHOOL						EDU			0	190	190	19	4	-10.0	3	1	3	-7.35294117647056	4	Gaza City, Israel (general), Israel	IS	IS00	18315	31.4167	34.3333	-797156	4	Gaza City, Israel (general), Israel	IS	IS00	18315	31.4167	34.3333	-797156	4	Gaza City, Israel (general), Israel	IS	IS00	18315	31.4167	34.3333	-797156	20241015021500	https://www.torontotelegraph.com/news/274709273/israel-will-never-be-the-same-after-7-october
1204115967	20241015	202410	2024	2024.7808	ISR	ISRAEL	ISR								GOV	GOVERNMENT						GOV			0	111	111	11	3	-2.0	2	1	2	-3.53319057815846	4	Gaza, Israel (general), Israel	IS	IS00	18315	31.4167	34.3333	-797156	4	Gaza, Israel (general), Israel	IS	IS00	18315	31.4167	34.3333	-797156	4	Gaza, Israel (general), Israel	IS	IS00	18315	31.4167	34.3333	-797156	20241015021500	https://www.jpost.com/opinion/article-824567
1204115968	20241015	202410	2024	2024.7808	ISR	ISRAEL	ISR								GOV	GOVERNMENT						GOV			0	111	111	11	3	-2.0	2	1	2	-3.53319057815846	4	Gaza, Israel (general), Israel	IS	IS00	18315	31.4167	34.3333	-797156	3	White House, District of Columbia, United States	US	USDC		38.8951	-77.0364	531871	4	Gaza, Israel (general), Israel	IS	IS00	18315	31.4167	34.3333	-797156	20241015021500	https://www.jpost.com/opinion/article-824567
1204115969	20241015	202410	2024	2024.7808	ISR	ISRAEL	ISR								IRN	IRANIAN	IRN								0	010	010	01	1	0.0	1	1	1	-2.81293952180028	4	Jerusalem, Israel (general), Israel	IS	IS00	18315	31.7667	35.2333	-797092	4	Jerusalem, Israel (general), Israel	IS	IS00	18315	31.7667	35.2333	-797092	4	Jerusalem, Israel (general), Israel	IS	IS00	18315	31.7667	35.2333	-797092	20241015021500	https://www.jpost.com/israel-news/2024-10-15/live-updates-824615
1204115970	20241015	202410	2024	2024.7808	ISR	ISRAEL	ISR								IRN	IRANIAN	IRN								0	010	010	01	1	0.0	2	1	2	-2.81293952180028	4	Jerusalem, Israel (general), Israel	IS	IS00	18315	31.7667	35.2333	-797092	4	Hezbollah, Kerman, Iran	IR	IR29	40994	29.8628	56.8848	10496676	4	Jerusalem, Israel (general), Israel	IS	IS00	18315	31.7667	35.2333	-797092	20241015021500	https://www.jpost.com/israel-news/2024-10-15/live-updates-824615
1204115971	20241015	202410	2024	2024.7808	ISR	ISRAEL	ISR								IRN	IRANIAN	IRN								0	186	186	18	4	-10.0	3	1	3	-7.18171926006529	4	Jerusalem, Israel (general), Israel	IS	IS00	18315	31.7667	35.2333	-797092	4	Tehran, Tehran, Iran	IR	IR26	41130	35.75	51.5148	10074674	4	Tehran, Tehran, Iran	IR	IR26	41130	35.75	51.5148	10074674	20241015021500	https://pidgin.informationng.com/?p=28810
1204115972	20241015	202410	2024	2024.7808	ISR	ISRAEL	ISR								IRN	IRANIAN	IRN								0	190	190	19	4	-10.0	1	1	1	-2.81293952180028	4	Jerusalem, Israel (general), Israel	IS	IS00	18315	31.7667	35.2333	-797092	4	Jerusalem, Israel (general), Israel	IS	IS00	18315	31.7667	35.2333	-797092	4	Jerusalem, Israel (general), Israel	IS	IS00	18315	31.7667	35.2333	-797092	20241015021500	https://www.jpost.com/israel-news/2024-10-15/live-updates-824615
1204115973	20241015	202410	2024	2024.7808	ISR	ISRAEL	ISR								IRN	IRANIAN	IRN								0	190	190	19	4	-10.0	2	1	2	-2.81293952180028	4	Jerusalem, Israel (general), Israel	IS	IS00	18315	31.7667	35.2333	-797092	4	Hezbollah, Kerman, Iran	IR	IR29	40994	29.8628	56.8848	10496676	4	Hezbollah, Kerman, Iran	IR	IR29	40994	29.8628	56.8848	10496676	20241015021500	https://www.jpost.com/israel-news/2024-10-15/live-updates-824615
1204115974	20241015	202410	2024	2024.7808	ISR	ISRAELI	ISR								ISRMIL	ISRAELI	ISR					MIL			1	190	190	19	4	-10.0	10	1	10	-7.18171926006529	4	Binyamina, H_efa, Israel	IS	IS04	18312	32.5232	34.945	-779490	4	Binyamina, H_efa, Israel	IS	IS04	18312	32.5232	34.945	-779490	4	Binyamina, H_efa, Israel	IS	IS04	18312	32.5232	34.945	-779490	20241015021500	https://pidgin.informationng.com/?p=28810
1204115975	20241015	202410	2024	2024.7808	ISR	ISRAEL	ISR								LBN	LEBANON	LBN								1	012	012	01	1	-0.4	1	1	1	-4.53488372093024	4	Masnaa, Mont-Liban, Lebanon	LE	LE05	18811	33.975	35.6675	6318472	4	Masnaa, Mont-Liban, Lebanon	LE	LE05	18811	33.975	35.6675	6318472	1	Australia	AS	AS		-25	135	AS	20241015021500	https://www.yahoo.com/news/israel-strikes-north-lebanon-town-013643117.html
1204115976	20241015	202410	2024	2024.7808	ISR	ISRAEL	ISR								LBN	LEBANON	LBN								1	012	012	01	1	-0.4	1	1	1	-4.54016298020955	4	Masnaa, Mont-Liban, Lebanon	LE	LE05	18811	33.975	35.6675	6318472	1	Australia	AS	AS		-25	135	AS	1	Australia	AS	AS		-25	135	AS	20241015021500	https://www.marketscreener.com/news/latest/Israel-strikes-north-Lebanon-town-UN-expresses-concern-about-peacekeepers-48072564/
1204115977	20241015	202410	2024	2024.7808	ISR	ISRAEL	ISR								LBN	LEBANON	LBN								1	012	012	01	1	-0.4	8	2	8	-4.5375233505699	1	Australia	AS	AS		-25	135	AS	1	Australia	AS	AS		-25	135	AS	4	Gaza, Israel (general), Israel	IS	IS00	18315	31.4167	34.3333	-797156	20241015021500	https://www.yahoo.com/news/israel-strikes-north-lebanon-town-013643117.html
1204115978	20241015	202410	2024	2024.7808	ISR	ISRAEL	ISR								LBN	LEBANON	LBN								0	014	014	01	1	0.0	1	1	1	-6.13207547169812	1	Lebanon	LE	LE		33.833333	35.833333	LE	1	Lebanon	LE	LE		33.833333	35.833333	LE	1	Lebanon	LE	LE		33.833333	35.833333	LE	20241015021500	http://www.israelnationalnews.com/news/397646
1204115979	20241015	202410	2024	2024.7808	ISR	ISRAELI	ISR								LBN	LEBANESE	LBN								0	051	051	05	1	3.4	1	1	1	-7.35294117647056	4	Gaza City, Israel (general), Israel	IS	IS00	18315	31.4167	34.3333	-797156	4	Beirut, Beyrouth, Lebanon	LE	LE04	18808	33.8719	35.5097	-801546	4	Gaza City, Israel (general), Israel	IS	IS00	18315	31.4167	34.3333	-797156	20241015021500	https://www.torontotelegraph.com/news/274709273/israel-will-never-be-the-same-after-7-october
1204115980	20241015	202410	2024	2024.7808	ISR	ISRAELI	ISR								LBN	LEBANESE	LBN								0	051	051	05	1	3.4	1	1	1	-7.35294117647056	4	Beirut, Beyrouth, Lebanon	LE	LE04	18808	33.8719	35.5097	-801546	4	Beirut, Beyrouth, Lebanon	LE	LE04	18808	33.8719	35.5097	-801546	4	Beirut, Beyrouth, Lebanon	LE	LE04	18808	33.8719	35.5097	-801546	20241015021500	https://www.torontotelegraph.com/news/274709273/israel-will-never-be-the-same-after-7-october
1204115981	20241015	202410	2024	2024.7808	ISR	ISRAEL	ISR								LBN	LEBANON	LBN								0	0874	087	08	2	10.0	5	1	5	-7.18171926006529	4	Binyamina, H_efa, Israel	IS	IS04	18312	32.5232	34.945	-779490	4	Beirut, Beyrouth, Lebanon	LE	LE04	18808	33.8719	35.5097	-801546	4	Beirut, Beyrouth, Lebanon	LE	LE04	18808	33.8719	35.5097	-801546	20241015021500	https://pidgin.informationng.com/?p=28810
1204115982	20241015	202410	2024	2024.7808	ISR	ISRAEL	ISR								LBN	LEBANON	LBN								1	110	110	11	3	-2.0	4	2	4	-2.59403372243839	4	Gaza, Israel (general), Israel	IS	IS00	18315	31.4167	34.3333	-797156	1	Lebanon	LE	LE		33.833333	35.833333	LE	4	Gaza, Israel (general), Israel	IS	IS00	18315	31.4167	34.3333	-797156	20241015021500	https://www.thepeterboroughexaminer.com/news/world/un-security-council-voices-strong-concern-for-un-peacekeepers-after-israeli-attacks/article_3086d49f-7a83-5a88-8a4a-edb3b7bd4396.html
1204115983	20241015	202410	2024	2024.7808	ISR	ISRAELI	ISR								LBN	BEIRUT	LBN								0	160	160	16	4	-4.0	1	1	1	-3.68239355581128	4	Tel Aviv, Tel Aviv, Israel	IS	IS05	18316	32.0667	34.7667	-781545	4	Beirut, Beyrouth, Lebanon	LE	LE04	18808	33.8719	35.5097	-801546	4	Beirut, Beyrouth, Lebanon	LE	LE04	18808	33.8719	35.5097	-801546	20241015021500	https://www.nysun.com/article/hezbollah-targets-tel-aviv-following-washingtons-warning-to-israel-on-attacking-lebanese-population-centers
1204115984	20241015	202410	2024	2024.7808	ISR	ISRAELI	ISR								LBN	BEIRUT	LBN								0	160	160	16	4	-4.0	1	1	1	-3.68239355581128	4	Beirut, Beyrouth, Lebanon	LE	LE04	18808	33.8719	35.5097	-801546	3	Washington, District of Columbia, United States	US	USDC	DC001	38.8951	-77.0364	531871	3	Washington, District of Columbia, United States	US	USDC	DC001	38.8951	-77.0364	531871	20241015021500	https://www.nysun.com/article/hezbollah-targets-tel-aviv-following-washingtons-warning-to-israel-on-attacking-lebanese-population-centers
1204115985	20241015	202410	2024	2024.7808	ISR	ISRAEL	ISR								LBN	LEBANON	LBN								1	174	174	17	4	-5.0	1	1	1	-5.07936507936508	4	Gaza, Israel (general), Israel	IS	IS00	18315	31.4167	34.3333	-797156	4	Jabalia, Gaza Strip (general), Gaza Strip	GZ	GZ00	18315	31.5364	34.4945	-797161	4	Gaza, Israel (general), Israel	IS	IS00	18315	31.4167	34.3333	-797156	20241015021500	https://www.thenewdaily.com.au/news/world/middle-east-news/2024/10/15/israel-strike-aitou-lebanon
1204115986	20241015	202410	2024	2024.7808	ISR	ISRAEL	ISR								LBN	LEBANON	LBN								1	174	174	17	4	-5.0	2	1	2	-5.07936507936508	4	Gaza, Israel (general), Israel	IS	IS00	18315	31.4167	34.3333	-797156	4	Jabalia, Gaza Strip (general), Gaza Strip	GZ	GZ00	18315	31.5364	34.4945	-797161	4	Jabalia, Gaza Strip (general), Gaza Strip	GZ	GZ00	18315	31.5364	34.4945	-797161	20241015021500	https://www.thenewdaily.com.au/news/world/middle-east-news/2024/10/15/israel-strike-aitou-lebanon
1204115987	20241015	202410	2024	2024.7808	ISR	ISRAEL	ISR								LBN	LEBANON	LBN								0	174	174	17	4	-5.0	6	2	6	-4.5375233505699	1	Australia	AS	AS		-25	135	AS	4	Gaza, Israel (general), Israel	IS	IS00	18315	31.4167	34.3333	-797156	4	Gaza, Israel (general), Israel	IS	IS00	18315	31.4167	34.3333	-797156	20241015021500	https://www.yahoo.com/news/israel-strikes-north-lebanon-town-013643117.html
1204115988	20241015	202410	2024	2024.7808	ISR	ISRAELI	ISR								LBN	LEBANESE	LBN								0	186	186	18	4	-10.0	1	1	1	-7.35294117647056	4	Gaza City, Israel (general), Israel	IS	IS00	18315	31.4167	34.3333	-797156	4	Beirut, Beyrouth, Lebanon	LE	LE04	18808	33.8719	35.5097	-801546	4	Beirut, Beyrouth, Lebanon	LE	LE04	18808	33.8719	35.5097	-801546	20241015021500	https://www.torontotelegraph.com/news/274709273/israel-will-never-be-the-same-after-7-october
1204115989	20241015	202410	2024	2024.7808	ISR	ISRAELI	ISR								LBN	LEBANESE	LBN								0	186	186	18	4	-10.0	1	1	1	-7.35294117647056	4	Beirut, Beyrouth, Lebanon	LE	LE04	18808	33.8719	35.5097	-801546	4	Beirut, Beyrouth, Lebanon	LE	LE04	18808	33.8719	35.5097	-801546	4	Gaza City, Israel (general), Israel	IS	IS00	18315	31.4167	34.3333	-797156	20241015021500	https://www.torontotelegraph.com/news/274709273/israel-will-never-be-the-same-after-7-october
1204115990	20241015	202410	2024	2024.7808	ISR	ISRAELI	ISR								LBN	LEBANON	LBN								1	190	190	19	4	-10.0	3	1	3	-5.19031141868512	4	Galilee, Ha?afon, Israel	IS	IS03	18314	32.9	35.3333	-779978	4	Yiftah, Ha?afon, Israel	IS	IS03	18314	33.1288	35.5523	-781757	4	Galilee, Ha?afon, Israel	IS	IS03	18314	32.9	35.3333	-779978	20241015021500	https://www.theyeshivaworld.com/news/israel-news/2324616/see-it-idf-tours-hezbollah-underground-compound-packed-with-weapons-and-motorcycles-for-planned-invasion-of-israel.html
1204115991	20241015	202410	2024	2024.7808	ISR	ISRAELI	ISR								LBN	LEBANON	LBN								0	192	192	19	4	-9.5	6	2	6	-4.53840322711645	4	Gaza, Israel (general), Israel	IS	IS00	18315	31.4167	34.3333	-797156	4	Beirut, Beyrouth, Lebanon	LE	LE04	18808	33.8719	35.5097	-801546	4	Beirut, Beyrouth, Lebanon	LE	LE04	18808	33.8719	35.5097	-801546	20241015021500	https://www.marketscreener.com/news/latest/Israel-strikes-north-Lebanon-town-UN-expresses-concern-about-peacekeepers-48072564/
1204115992	20241015	202410	2024	2024.7808	ISR	ISRAELI	ISR								LBN	LEBANON	LBN								0	192	192	19	4	-9.5	2	1	2	-4.53488372093024	4	Beirut, Beyrouth, Lebanon	LE	LE04	18808	33.8719	35.5097	-801546	4	Gaza, Israel (general), Israel	IS	IS00	18315	31.4167	34.3333	-797156	4	Gaza, Israel (general), Israel	IS	IS00	18315	31.4167	34.3333	-797156	20241015021500	https://www.yahoo.com/news/israel-strikes-north-lebanon-town-013643117.html
1204115993	20241015	202410	2024	2024.7808	ISR	ISRAEL	ISR								LBN	LEBANON	LBN								1	194	194	19	4	-10.0	8	1	8	-3.68239355581128	4	Tel Aviv, Tel Aviv, Israel	IS	IS05	18316	32.0667	34.7667	-781545	4	Tel Aviv, Tel Aviv, Israel	IS	IS05	18316	32.0667	34.7667	-781545	4	Tel Aviv, Tel Aviv, Israel	IS	IS05	18316	32.0667	34.7667	-781545	20241015021500	https://www.nysun.com/article/hezbollah-targets-tel-aviv-following-washingtons-warning-to-israel-on-attacking-lebanese-population-centers
1204115994	20241015	202410	2024	2024.7808	ISR	ISRAEL	ISR								LBN	LEBANON	LBN								1	194	194	19	4	-10.0	2	1	2	-3.68239355581128	3	White House, District of Columbia, United States	US	USDC		38.8951	-77.0364	531871	3	White House, District of Columbia, United States	US	USDC		38.8951	-77.0364	531871	3	White House, District of Columbia, United States	US	USDC		38.8951	-77.0364	531871	20241015021500	https://www.nysun.com/article/hezbollah-targets-tel-aviv-following-washingtons-warning-to-israel-on-attacking-lebanese-population-centers
1204115995	20241015	202410	2024	2024.7808	ISR	ISRAEL	ISR								MED	WRITER						MED			1	010	010	01	1	0.0	1	1	1	-3.53319057815846	4	Jerusalem, Israel (general), Israel	IS	IS00	18315	31.7667	35.2333	-797092	4	Jerusalem, Israel (general), Israel	IS	IS00	18315	31.7667	35.2333	-797092	4	Jerusalem, Israel (general), Israel	IS	IS00	18315	31.7667	35.2333	-797092	20241015021500	https://www.jpost.com/opinion/article-824567
1204115996	20241015	202410	2024	2024.7808	ISR	ISRAEL	ISR								MED	WRITER						MED			1	010	010	01	1	0.0	4	1	4	-3.53319057815846	4	Gaza, Israel (general), Israel	IS	IS00	18315	31.4167	34.3333	-797156	4	Gaza, Israel (general), Israel	IS	IS00	18315	31.4167	34.3333	-797156	4	Gaza, Israel (general), Israel	IS	IS00	18315	31.4167	34.3333	-797156	20241015021500	https://www.jpost.com/opinion/article-824567
1204115997	20241015	202410	2024	2024.7808	ISR	ISRAEL	ISR								MIL	MILITARY PERSONNEL						MIL			0	036	036	03	1	4.0	1	1	1	-5.0125313283208	1	Israel	IS	IS		31.5	34.75	IS	1	Israel	IS	IS		31.5	34.75	IS	3	Washington, District of Columbia, United States	US	USDC	DC001	38.8951	-77.0364	531871	20241015021500	https://www.theyeshivaworld.com/news/israel-news/2324762/netanyahu-to-biden-israeli-response-to-iran-will-focus-on-military-sites-wont-target-nukes.html
1204115998	20241015	202410	2024	2024.7808	ISR	ISRAEL	ISR								MIL	MILITARY PERSONNEL						MIL			0	036	036	03	1	4.0	9	1	9	-5.0125313283208	1	Israel	IS	IS		31.5	34.75	IS	1	Israel	IS	IS		31.5	34.75	IS	1	Israel	IS	IS		31.5	34.75	IS	20241015021500	https://www.theyeshivaworld.com/news/israel-news/2324762/netanyahu-to-biden-israeli-response-to-iran-will-focus-on-military-sites-wont-target-nukes.html
1204115999	20241015	202410	2024	2024.7808	ISR	ISRAEL	ISR								MIL	MILITARY						MIL			0	040	040	04	1	1.0	2	1	2	-5.0125313283208	4	Tehran, Tehran, Iran	IR	IR26	41130	35.75	51.5148	10074674	1	Israel	IS	IS		31.5	34.75	IS	1	Israel	IS	IS		31.5	34.75	IS	20241015021500	https://www.theyeshivaworld.com/news/israel-news/2324762/netanyahu-to-biden-israeli-response-to-iran-will-focus-on-military-sites-wont-target-nukes.html
1204116000	20241015	202410	2024	2024.7808	ISR	ISRAEL	ISR								MIL	MILITARY						MIL			0	040	040	04	1	1.0	8	1	8	-5.0125313283208	1	Israel	IS	IS		31.5	34.75	IS	4	Tehran, Tehran, Iran	IR	IR26	41130	35.75	51.5148	10074674	1	Israel	IS	IS		31.5	34.75	IS	20241015021500	https://www.theyeshivaworld.com/news/israel-news/2324762/netanyahu-to-biden-israeli-response-to-iran-will-focus-on-military-sites-wont-target-nukes.html
1204116001	20241015	202410	2024	2024.7808	ISR	ISRAEL	ISR								MIL	MILITARY						MIL			1	042	042	04	1	1.9	10	1	10	-7.35294117647056	4	Gaza City, Israel (general), Israel	IS	IS00	18315	31.4167	34.3333	-797156	4	Gaza City, Israel (general), Israel	IS	IS00	18315	31.4167	34.3333	-797156	4	Gaza City, Israel (general), Israel	IS	IS00	18315	31.4167	34.3333	-797156	20241015021500	https://www.torontotelegraph.com/news/274709273/israel-will-never-be-the-same-after-7-october
1204116002	20241015	202410	2024	2024.7808	ISR	ISRAEL	ISR								PSE	PALESTINE	PSE								1	030	030	03	1	4.0	4	1	4	4.63709677419355	1	Israel	IS	IS		31.5	34.75	IS	1	Israel	IS	IS		31.5	34.75	IS	1	Israel	IS	IS		31.5	34.75	IS	20241015021500	https://www.pressenza.com/2024/10/third-world-march-for-peace-and-nonviolence-meeting-with-ambassador-of-india-to-the-un-in-new-york/
1204116003	20241015	202410	2024	2024.7808	ISR	ISRAEL	ISR								PSE	PALESTINE	PSE								1	030	030	03	1	4.0	1	1	1	4.63709677419355	1	Ukraine	UP	UP		49	32	UP	1	Ukraine	UP	UP		49	32	UP	1	Ukraine	UP	UP		49	32	UP	20241015021500	https://www.pressenza.com/2024/10/third-world-march-for-peace-and-nonviolence-meeting-with-ambassador-of-india-to-the-un-in-new-york/
1204116004	20241015	202410	2024	2024.7808	ISR	ISRAEL	ISR								PSE	GAZA	PSE								1	080	080	08	2	5.0	6	1	6	0.6514657980456	4	Gaza, Israel (general), Israel	IS	IS00	18315	31.4167	34.3333	-797156	4	Gaza, Israel (general), Israel	IS	IS00	18315	31.4167	34.3333	-797156	4	Gaza, Israel (general), Israel	IS	IS00	18315	31.4167	34.3333	-797156	20241015021500	http://www.israelnationalnews.com/news/397643
1204116005	20241015	202410	2024	2024.7808	ISR	ISRAEL	ISR								PSE	GAZA	PSE								1	192	192	19	4	-9.5	2	1	2	0.6514657980456	4	Ashdod, HaDarom, Israel	IS	IS01	18315	31.7444	34.6809	-779676	4	Gaza, Israel (general), Israel	IS	IS00	18315	31.4167	34.3333	-797156	4	Gaza, Israel (general), Israel	IS	IS00	18315	31.4167	34.3333	-797156	20241015021500	http://www.israelnationalnews.com/news/397643
1204116006	20241015	202410	2024	2024.7808	ISR	ISRAEL	ISR								PSEREB	HAMAS	PSE					REB			0	042	042	04	1	1.9	5	1	5	-7.18171926006529	4	Jerusalem, Israel (general), Israel	IS	IS00	18315	31.7667	35.2333	-797092	4	Jerusalem, Israel (general), Israel	IS	IS00	18315	31.7667	35.2333	-797092	4	Jerusalem, Israel (general), Israel	IS	IS00	18315	31.7667	35.2333	-797092	20241015021500	https://pidgin.informationng.com/?p=28810
1204116007	20241015	202410	2024	2024.7808	ISR	ISRAELI	ISR								REF	DISPLACED FAMILY						REF			1	080	080	08	2	5.0	10	2	10	-8.47723704866562	4	Gaza, Israel (general), Israel	IS	IS00	18315	31.4167	34.3333	-797156	4	Gaza, Israel (general), Israel	IS	IS00	18315	31.4167	34.3333	-797156	4	Gaza, Israel (general), Israel	IS	IS00	18315	31.4167	34.3333	-797156	20241015021500	https://www.kens5.com/article/news/nation-world/israel-hamas-conflict/un-400000-children-lebanon-displaced-in-weeks-war/287-71032320-6633-4020-b48e-8a7f2ca4f0e7
1204116008	20241015	202410	2024	2024.7808	ISR	ISRAELI	ISR								REF	DISPLACED FAMILY						REF			1	080	080	08	2	5.0	4	2	4	-8.47723704866562	4	Beirut, Beyrouth, Lebanon	LE	LE04	18808	33.8719	35.5097	-801546	4	Beirut, Beyrouth, Lebanon	LE	LE04	18808	33.8719	35.5097	-801546	4	Beirut, Beyrouth, Lebanon	LE	LE04	18808	33.8719	35.5097	-801546	20241015021500	https://www.kens5.com/article/news/nation-world/israel-hamas-conflict/un-400000-children-lebanon-displaced-in-weeks-war/287-71032320-6633-4020-b48e-8a7f2ca4f0e7
1204116009	20241015	202410	2024	2024.7808	ISR	ISRAEL	ISR								USA	UNITED STATES	USA								0	011	011	01	1	-0.1	2	1	2	-3.53319057815846	4	Jerusalem, Israel (general), Israel	IS	IS00	18315	31.7667	35.2333	-797092	4	Gaza, Israel (general), Israel	IS	IS00	18315	31.4167	34.3333	-797156	4	Jerusalem, Israel (general), Israel	IS	IS00	18315	31.7667	35.2333	-797092	20241015021500	https://www.jpost.com/opinion/article-824567
1204116010	20241015	202410	2024	2024.7808	ISR	ISRAEL	ISR								USA	UNITED STATES	USA								0	011	011	01	1	-0.1	2	1	2	-3.53319057815846	4	Gaza, Israel (general), Israel	IS	IS00	18315	31.4167	34.3333	-797156	3	White House, District of Columbia, United States	US	USDC		38.8951	-77.0364	531871	4	Gaza, Israel (general), Israel	IS	IS00	18315	31.4167	34.3333	-797156	20241015021500	https://www.jpost.com/opinion/article-824567
1204116011	20241015	202410	2024	2024.7808	ISRGOV	ISRAELI	ISR					GOV			IRNMIL	IRANIAN	IRN					MIL			0	190	190	19	4	-10.0	3	1	3	-2.81293952180028	4	Jerusalem, Israel (general), Israel	IS	IS00	18315	31.7667	35.2333	-797092	4	Hezbollah, Kerman, Iran	IR	IR29	40994	29.8628	56.8848	10496676	4	Hezbollah, Kerman, Iran	IR	IR29	40994	29.8628	56.8848	10496676	20241015021500	https://www.jpost.com/israel-news/2024-10-15/live-updates-824615
1204116012	20241015	202410	2024	2024.7808	ISRGOV	ISRAELI	ISR					GOV			USA	UNITED STATES	USA								0	010	010	01	1	0.0	3	1	3	-2.81293952180028	4	Jerusalem, Israel (general), Israel	IS	IS00	18315	31.7667	35.2333	-797092	3	Washington, District of Columbia, United States	US	USDC	DC001	38.8951	-77.0364	531871	3	Washington, District of Columbia, United States	US	USDC	DC001	38.8951	-77.0364	531871	20241015021500	https://www.jpost.com/israel-news/2024-10-15/live-updates-824615
1204116013	20241015	202410	2024	2024.7808	ISRGOV	ISRAEL	ISR					GOV			USAGOV	JOE BIDEN	USA					GOV			0	040	040	04	1	1.0	2	1	2	-2.81293952180028	4	Jerusalem, Israel (general), Israel	IS	IS00	18315	31.7667	35.2333	-797092	4	Hezbollah, Kerman, Iran	IR	IR29	40994	29.8628	56.8848	10496676	4	Hezbollah, Kerman, Iran	IR	IR29	40994	29.8628	56.8848	10496676	20241015021500	https://www.jpost.com/israel-news/2024-10-15/live-updates-824615
1204116014	20241015	202410	2024	2024.7808	ISRMED	ISRAELI	ISR					MED			LBN	LEBANESE	LBN								0	051	051	05	1	3.4	4	1	4	-7.35294117647056	4	Gaza City, Israel (general), Israel	IS	IS00	18315	31.4167	34.3333	-797156	4	Beirut, Beyrouth, Lebanon	LE	LE04	18808	33.8719	35.5097	-801546	4	Gaza City, Israel (general), Israel	IS	IS00	18315	31.4167	34.3333	-797156	20241015021500	https://www.torontotelegraph.com/news/274709273/israel-will-never-be-the-same-after-7-october
1204116015	20241015	202410	2024	2024.7808	ISRMED	ISRAEL	ISR					MED			LBN	LEBANON	LBN								0	051	051	05	1	3.4	2	1	2	-7.35294117647056	4	Beirut, Beyrouth, Lebanon	LE	LE04	18808	33.8719	35.5097	-801546	4	Beirut, Beyrouth, Lebanon	LE	LE04	18808	33.8719	35.5097	-801546	4	Gaza City, Israel (general), Israel	IS	IS00	18315	31.4167	34.3333	-797156	20241015021500	https://www.torontotelegraph.com/news/274709273/israel-will-never-be-the-same-after-7-october
1204116016	20241015	202410	2024	2024.7808	ISRMED	ISRAELI	ISR					MED			LBN	LEBANESE	LBN								0	186	186	18	4	-10.0	4	1	4	-7.35294117647056	4	Gaza City, Israel (general), Israel	IS	IS00	18315	31.4167	34.3333	-797156	4	Beirut, Beyrouth, Lebanon	LE	LE04	18808	33.8719	35.5097	-801546	4	Beirut, Beyrouth, Lebanon	LE	LE04	18808	33.8719	35.5097	-801546	20241015021500	https://www.torontotelegraph.com/news/274709273/israel-will-never-be-the-same-after-7-october
1204116017	20241015	202410	2024	2024.7808	ISRMED	ISRAEL	ISR					MED			LBN	LEBANON	LBN								0	186	186	18	4	-10.0	2	1	2	-7.35294117647056	4	Beirut, Beyrouth, Lebanon	LE	LE04	18808	33.8719	35.5097	-801546	4	Beirut, Beyrouth, Lebanon	LE	LE04	18808	33.8719	35.5097	-801546	4	Beirut, Beyrouth, Lebanon	LE	LE04	18808	33.8719	35.5097	-801546	20241015021500	https://www.torontotelegraph.com/news/274709273/israel-will-never-be-the-same-after-7-october
1204116018	20241015	202410	2024	2024.7808	ISRMIL	ISRAELI	ISR					MIL			ISR	ISRAELI	ISR								0	010	010	01	1	0.0	3	1	3	-7.35294117647056	4	Gaza City, Israel (general), Israel	IS	IS00	18315	31.4167	34.3333	-797156	4	Gaza City, Israel (general), Israel	IS	IS00	18315	31.4167	34.3333	-797156	4	Gaza City, Israel (general), Israel	IS	IS00	18315	31.4167	34.3333	-797156	20241015021500	https://www.torontotelegraph.com/news/274709273/israel-will-never-be-the-same-after-7-october
1204116019	20241015	202410	2024	2024.7808	ISRMIL	ISRAELI	ISR					MIL			LBN	LEBANON	LBN								0	192	192	19	4	-9.5	12	2	12	-4.5375233505699	4	Gaza, Israel (general), Israel	IS	IS00	18315	31.4167	34.3333	-797156	4	Beirut, Beyrouth, Lebanon	LE	LE04	18808	33.8719	35.5097	-801546	4	Beirut, Beyrouth, Lebanon	LE	LE04	18808	33.8719	35.5097	-801546	20241015021500	https://www.yahoo.com/news/israel-strikes-north-lebanon-town-013643117.html
1204116020	20241015	202410	2024	2024.7808	ISRREF	ISRAEL	ISR					REF			EDU	SCHOOL						EDU			0	075	075	07	2	7.0	2	1	2	-7.35294117647056	4	Gaza City, Israel (general), Israel	IS	IS00	18315	31.4167	34.3333	-797156	4	Gaza City, Israel (general), Israel	IS	IS00	18315	31.4167	34.3333	-797156	4	Gaza City, Israel (general), Israel	IS	IS00	18315	31.4167	34.3333	-797156	20241015021500	https://www.torontotelegraph.com/news/274709273/israel-will-never-be-the-same-after-7-october
1204116021	20241015	202410	2024	2024.7808	ISRREF	ISRAEL	ISR					REF			ISR	ISRAEL	ISR								1	070	070	07	2	7.0	4	1	4	-3.49243306169965	4	Jerusalem, Israel (general), Israel	IS	IS00	18315	31.7667	35.2333	-797092	4	Jerusalem, Israel (general), Israel	IS	IS00	18315	31.7667	35.2333	-797092	4	Jerusalem, Israel (general), Israel	IS	IS00	18315	31.7667	35.2333	-797092	20241015021500	https://www.jpost.com/opinion/article-824570
1204116022	20241015	202410	2024	2024.7808	ISRREF	ISRAEL	ISR					REF			JOR	JORDAN	JOR								0	043	043	04	1	2.8	2	1	2	-3.49243306169965	4	Jerusalem, Israel (general), Israel	IS	IS00	18315	31.7667	35.2333	-797092	1	Jordan	JO	JO		31	36	JO	1	Jordan	JO	JO		31	36	JO	20241015021500	https://www.jpost.com/opinion/article-824570
1204116023	20241015	202410	2024	2024.7808	ISRREF	ISRAEL	ISR					REF			JOR	JORDAN	JOR								0	043	043	04	1	2.8	2	1	2	-3.49243306169965	4	Unrwa, West Bank (general), West Bank	WE	WE00	68767	31.8984	35.1773	11289236	1	Jordan	JO	JO		31	36	JO	1	Jordan	JO	JO		31	36	JO	20241015021500	https://www.jpost.com/opinion/article-824570
1204116024	20241015	202410	2024	2024.7808	ISRREF	ISRAEL	ISR					REF			LBN	LEBANON	LBN								0	043	043	04	1	2.8	2	1	2	-3.49243306169965	4	Jerusalem, Israel (general), Israel	IS	IS00	18315	31.7667	35.2333	-797092	1	Lebanon	LE	LE		33.833333	35.833333	LE	1	Jordan	JO	JO		31	36	JO	20241015021500	https://www.jpost.com/opinion/article-824570
1204116025	20241015	202410	2024	2024.7808	ISRREF	ISRAEL	ISR					REF			LBN	LEBANON	LBN								0	043	043	04	1	2.8	2	1	2	-3.49243306169965	4	Unrwa, West Bank (general), West Bank	WE	WE00	68767	31.8984	35.1773	11289236	1	Syria	SY	SY		35	38	SY	1	Jordan	JO	JO		31	36	JO	20241015021500	https://www.jpost.com/opinion/article-824570
1204116026	20241015	202410	2024	2024.7808	ISRREF	ISRAEL	ISR					REF			SYRREF	SYRIA	SYR					REF			0	043	043	04	1	2.8	2	1	2	-3.49243306169965	4	Jerusalem, Israel (general), Israel	IS	IS00	18315	31.7667	35.2333	-797092	1	Syria	SY	SY		35	38	SY	1	Jordan	JO	JO		31	36	JO	20241015021500	https://www.jpost.com/opinion/article-824570
1204116027	20241015	202410	2024	2024.7808	ISRREF	ISRAEL	ISR					REF			SYRREF	SYRIA	SYR					REF			0	043	043	04	1	2.8	2	1	2	-3.49243306169965	4	Unrwa, West Bank (general), West Bank	WE	WE00	68767	31.8984	35.1773	11289236	1	Syria	SY	SY		35	38	SY	1	Jordan	JO	JO		31	36	JO	20241015021500	https://www.jpost.com/opinion/article-824570
1204116028	20241015	202410	2024	2024.7808	ITA	ITALY	ITA																		1	060	060	06	2	6.0	10	1	10	2.17391304347826	1	Italy	IT	IT		42.833333	12.833333	IT	0								1	Italy	IT	IT		42.833333	12.833333	IT	20241015021500	https://www.evwind.es/2024/10/15/goldwind-to-supply-wind-turbines-for-30-mw-wind-farm-in-italy/101772
1204116029	20241015	202410	2024	2024.7808	JEW	JEWISH				JEW															1	020	020	02	1	3.0	10	1	10	-5.14950166112957	4	Jerusalem, Israel (general), Israel	IS	IS00	18315	31.7667	35.2333	-797092	0								4	Jerusalem, Israel (general), Israel	IS	IS00	18315	31.7667	35.2333	-797092	20241015021500	https://www.onlineopinion.com.au/view.asp?article=23191
1204116030	20241015	202410	2024	2024.7808	JEW	JEWISH				JEW															0	043	043	04	1	2.8	10	1	10	-0.46012269938651	2	New York, United States	US	USNY		42.1497	-74.9384	NY	0								2	New York, United States	US	USNY		42.1497	-74.9384	NY	20241015021500	https://www.jpost.com/diaspora/article-824617
1204116031	20241015	202410	2024	2024.7808	JEW	JEWISH				JEW															1	120	120	12	3	-4.0	10	1	10	-5.14950166112957	1	United Kingdom	UK	UK		54	-4	UK	0								1	United Kingdom	UK	UK		54	-4	UK	20241015021500	https://www.onlineopinion.com.au/view.asp?article=23191
1204116032	20241015	202410	2024	2024.7808	JEW	JEWISH				JEW					ISR	ISRAEL	ISR								1	031	031	03	1	5.2	10	1	10	-0.94696969696969	2	Tennessee, United States	US	USTN		35.7449	-86.7489	TN	2	Tennessee, United States	US	USTN		35.7449	-86.7489	TN	2	Tennessee, United States	US	USTN		35.7449	-86.7489	TN	20241015021500	https://www.chattanoogan.com/2024/10/14/493934/The-History-of-Jewish-Hate-Symposium.aspx
1204116033	20241015	202410	2024	2024.7808	JEW	JEWISH				JEW					USA	NEW YORK	USA								1	042	042	04	1	1.9	3	1	3	2.25563909774436	2	New Jersey, United States	US	USNJ		40.314	-74.5089	NJ	2	New Jersey, United States	US	USNJ		40.314	-74.5089	NJ	2	New Jersey, United States	US	USNJ		40.314	-74.5089	NJ	20241015021500	https://people.com/bruce-springsteen-was-called-springstein-as-recently-as-month-ago-8727825
1204116034	20241015	202410	2024	2024.7808	JOR	JORDAN	JOR								ISRREF	ISRAEL	ISR					REF			0	042	042	04	1	1.9	2	1	2	-3.49243306169965	1	Jordan	JO	JO		31	36	JO	4	Jerusalem, Israel (general), Israel	IS	IS00	18315	31.7667	35.2333	-797092	1	Jordan	JO	JO		31	36	JO	20241015021500	https://www.jpost.com/opinion/article-824570
1204116035	20241015	202410	2024	2024.7808	JOR	JORDAN	JOR								ISRREF	ISRAEL	ISR					REF			0	042	042	04	1	1.9	2	1	2	-3.49243306169965	1	Jordan	JO	JO		31	36	JO	4	Unrwa, West Bank (general), West Bank	WE	WE00	68767	31.8984	35.1773	11289236	1	Jordan	JO	JO		31	36	JO	20241015021500	https://www.jpost.com/opinion/article-824570
1204116036	20241015	202410	2024	2024.7808	JOR	JORDAN	JOR								PSE	PALESTINIAN	PSE								0	042	042	04	1	1.9	2	1	2	-3.49243306169965	1	Jordan	JO	JO		31	36	JO	4	Jerusalem, Israel (general), Israel	IS	IS00	18315	31.7667	35.2333	-797092	1	Jordan	JO	JO		31	36	JO	20241015021500	https://www.jpost.com/opinion/article-824570
1204116037	20241015	202410	2024	2024.7808	JOR	JORDAN	JOR								PSE	PALESTINIAN	PSE								0	042	042	04	1	1.9	2	1	2	-3.49243306169965	1	Syria	SY	SY		35	38	SY	4	Unrwa, West Bank (general), West Bank	WE	WE00	68767	31.8984	35.1773	11289236	1	Jordan	JO	JO		31	36	JO	20241015021500	https://www.jpost.com/opinion/article-824570
1204116038	20241015	202410	2024	2024.7808	JOR	JORDAN	JOR								PSEREF	PALESTINIAN	PSE					REF			0	042	042	04	1	1.9	2	1	2	-3.49243306169965	1	Jordan	JO	JO		31	36	JO	4	Jerusalem, Israel (general), Israel	IS	IS00	18315	31.7667	35.2333	-797092	1	Jordan	JO	JO		31	36	JO	20241015021500	https://www.jpost.com/opinion/article-824570
1204116039	20241015	202410	2024	2024.7808	JORELI	HASSAN	JOR					ELI			LBN	LEBANON	LBN								1	043	043	04	1	2.8	1	1	1	-3.68239355581128	4	Beirut, Beyrouth, Lebanon	LE	LE04	18808	33.8719	35.5097	-801546	4	Beirut, Beyrouth, Lebanon	LE	LE04	18808	33.8719	35.5097	-801546	4	Beirut, Beyrouth, Lebanon	LE	LE04	18808	33.8719	35.5097	-801546	20241015021500	https://www.nysun.com/article/hezbollah-targets-tel-aviv-following-washingtons-warning-to-israel-on-attacking-lebanese-population-centers
1204116040	20241015	202410	2024	2024.7808	JPN	JAPAN	JPN								CHE	SWISS	CHE								0	111	111	11	3	-2.0	5	1	5	5.10204081632653	4	Ginza, Tokyo, Japan	JA	JA40	36344	35.6667	139.767	-227868	4	Ginza, Tokyo, Japan	JA	JA40	36344	35.6667	139.767	-227868	4	Ginza, Tokyo, Japan	JA	JA40	36344	35.6667	139.767	-227868	20241015021500	https://www.hotelnewsresource.com/article133627.html
1204116041	20241015	202410	2024	2024.7808	JUD	ATTORNEY						JUD													0	010	010	01	1	0.0	10	1	10	-2.2354694485842	2	Missouri, United States	US	USMO		38.4623	-92.302	MO	0								2	Missouri, United States	US	USMO		38.4623	-92.302	MO	20241015021500	https://thenewamerican.com/us/politics/missouri-to-consider-legalizing-abortion-with-amendment-3/
1204116042	20241015	202410	2024	2024.7808	JUD	HIGH COURT						JUD													1	020	020	02	1	3.0	3	1	3	-4.10628019323672	5	Auckland, Auckland, New Zealand	NZ	NZE7	22379	-36.75	174.583	11483124	0								5	Auckland, Auckland, New Zealand	NZ	NZE7	22379	-36.75	174.583	11483124	20241015021500	https://www.rnz.co.nz/news/national/530823/burglar-breaks-into-refugee-neighbour-s-unit-sells-almost-everything-in-it
1204116043	20241015	202410	2024	2024.7808	JUD	PROSECUTOR						JUD													1	081	081	08	2	5.0	5	1	5	-17.5324675324675	3	Anchorage, Alaska, United States	US	USAK	AK020	61.2181	-149.9	1398242	0								3	Anchorage, Alaska, United States	US	USAK	AK020	61.2181	-149.9	1398242	20241015021500	https://www.theartistree.fm/journal/405479/anchorage-struggles-with-prosecutor-shortage-leading-to-dismissal-of-serious-criminal-cases/
1204116044	20241015	202410	2024	2024.7808	JUD	PROSECUTOR						JUD													0	090	090	09	2	-2.0	10	1	10	-3.44142951687624	4	Wuppertal, Nordrhein-Westfalen, Germany	GM	GM07	16551	51.2667	7.18333	-1891347	0								4	Wuppertal, Nordrhein-Westfalen, Germany	GM	GM07	16551	51.2667	7.18333	-1891347	20241015021500	https://financialpost.com/pmn/business-pmn/brutal-acid-attack-prompts-executive-to-hunt-down-his-assailants
1204116045	20241015	202410	2024	2024.7808	JUD	DEFENSE ATTORNEY						JUD													0	110	110	11	3	-2.0	1	1	1	-17.5324675324675	3	Anchorage, Alaska, United States	US	USAK	AK020	61.2181	-149.9	1398242	0								3	Anchorage, Alaska, United States	US	USAK	AK020	61.2181	-149.9	1398242	20241015021500	https://www.theartistree.fm/journal/405479/anchorage-struggles-with-prosecutor-shortage-leading-to-dismissal-of-serious-criminal-cases/
1204116046	20241015	202410	2024	2024.7808	JUD	DEFENSE ATTORNEY						JUD													0	110	110	11	3	-2.0	9	1	9	-17.5324675324675	2	Alaska, United States	US	USAK		61.385	-152.268	AK	0								2	Alaska, United States	US	USAK		61.385	-152.268	AK	20241015021500	https://www.theartistree.fm/journal/405479/anchorage-struggles-with-prosecutor-shortage-leading-to-dismissal-of-serious-criminal-cases/
1204116047	20241015	202410	2024	2024.7808	JUD	HIGH COURT						JUD													1	120	120	12	3	-4.0	3	1	3	-4.10628019323672	5	Auckland, Auckland, New Zealand	NZ	NZE7	22379	-36.75	174.583	11483124	0								5	Auckland, Auckland, New Zealand	NZ	NZE7	22379	-36.75	174.583	11483124	20241015021500	https://www.rnz.co.nz/news/national/530823/burglar-breaks-into-refugee-neighbour-s-unit-sells-almost-everything-in-it
1204116048	20241015	202410	2024	2024.7808	JUD	JUDGE						JUD													0	120	120	12	3	-4.0	6	1	6	-2.39294710327456	3	Washington, District of Columbia, United States	US	USDC	DC001	38.8951	-77.0364	531871	0								3	Washington, District of Columbia, United States	US	USDC	DC001	38.8951	-77.0364	531871	20241015021500	https://www.nysun.com/article/trump-scores-rare-win-from-judge-chutkan-on-secrecy-but-he-is-struggling-to-stop-jack-smiths-january-6-avalanche
1204116049	20241015	202410	2024	2024.7808	JUD	ADVOCATE						JUD													1	172	172	17	4	-5.0	10	1	10	-4.70588235294117	1	Australia	AS	AS		-25	135	AS	0								1	Australia	AS	AS		-25	135	AS	20241015021500	https://www.9news.com.au/national/food-insecurity-on-the-rise-for-low-income-earners-foodbank-hunger-report-shows/accf3868-b4c8-4434-af86-9fec00d7d1fa
1204116050	20241015	202410	2024	2024.7808	JUD	HIGH COURT						JUD													1	173	173	17	4	-5.0	6	1	6	-4.10628019323672	5	Auckland, Auckland, New Zealand	NZ	NZE7	22379	-36.75	174.583	11483124	0								5	Auckland, Auckland, New Zealand	NZ	NZE7	22379	-36.75	174.583	11483124	20241015021500	https://www.rnz.co.nz/news/national/530823/burglar-breaks-into-refugee-neighbour-s-unit-sells-almost-everything-in-it
1204116051	20241015	202410	2024	2024.7808	JUD	COUNSEL						JUD			CVL	CITIZEN						CVL			0	010	010	01	1	0.0	4	1	4	-2.39294710327456	3	Richmond, Virginia, United States	US	USVA	VA760	37.5538	-77.4603	1499957	3	Richmond, Virginia, United States	US	USVA	VA760	37.5538	-77.4603	1499957	3	Richmond, Virginia, United States	US	USVA	VA760	37.5538	-77.4603	1499957	20241015021500	https://www.nysun.com/article/trump-scores-rare-win-from-judge-chutkan-on-secrecy-but-he-is-struggling-to-stop-jack-smiths-january-6-avalanche
1204116052	20241015	202410	2024	2024.7808	JUD	COUNSEL						JUD			CVL	CITIZEN						CVL			0	010	010	01	1	0.0	6	1	6	-2.39294710327456	3	White House, District of Columbia, United States	US	USDC		38.8951	-77.0364	531871	3	White House, District of Columbia, United States	US	USDC		38.8951	-77.0364	531871	3	White House, District of Columbia, United States	US	USDC		38.8951	-77.0364	531871	20241015021500	https://www.nysun.com/article/trump-scores-rare-win-from-judge-chutkan-on-secrecy-but-he-is-struggling-to-stop-jack-smiths-january-6-avalanche
1204116053	20241015	202410	2024	2024.7808	JUD	COUNSEL						JUD			CVL	CITIZEN						CVL			0	173	173	17	4	-5.0	4	1	4	-2.39294710327456	3	Richmond, Virginia, United States	US	USVA	VA760	37.5538	-77.4603	1499957	3	Richmond, Virginia, United States	US	USVA	VA760	37.5538	-77.4603	1499957	3	Richmond, Virginia, United States	US	USVA	VA760	37.5538	-77.4603	1499957	20241015021500	https://www.nysun.com/article/trump-scores-rare-win-from-judge-chutkan-on-secrecy-but-he-is-struggling-to-stop-jack-smiths-january-6-avalanche
1204116054	20241015	202410	2024	2024.7808	JUD	COUNSEL						JUD			CVL	CITIZEN						CVL			0	173	173	17	4	-5.0	6	1	6	-2.39294710327456	3	White House, District of Columbia, United States	US	USDC		38.8951	-77.0364	531871	3	White House, District of Columbia, United States	US	USDC		38.8951	-77.0364	531871	3	White House, District of Columbia, United States	US	USDC		38.8951	-77.0364	531871	20241015021500	https://www.nysun.com/article/trump-scores-rare-win-from-judge-chutkan-on-secrecy-but-he-is-struggling-to-stop-jack-smiths-january-6-avalanche
1204116055	20241015	202410	2024	2024.7808	JUD	ATTORNEY						JUD			CVLEDU	COMMUNITY						CVL	EDU		0	100	100	10	3	-5.0	6	1	6	-1.21212121212121	2	Iowa, United States	US	USIA		42.0046	-93.214	IA	2	Iowa, United States	US	USIA		42.0046	-93.214	IA	2	Iowa, United States	US	USIA		42.0046	-93.214	IA	20241015021500	https://www.yahoo.com/news/dmacc-dean-asks-board-trustees-013916427.html
1204116056	20241015	202410	2024	2024.7808	JUD	ADVOCATE						JUD			EDU	SCHOOL						EDU			1	051	051	05	1	3.4	10	1	10	0.92378752886836	5	Yobe, Yobe, Nigeria	NI	NI44	23119	12	11.5	9153504	5	Yobe, Yobe, Nigeria	NI	NI44	23119	12	11.5	9153504	5	Yobe, Yobe, Nigeria	NI	NI44	23119	12	11.5	9153504	20241015021500	https://punchng.com/nawoj-enrols-yobe-girls-in-schools-bemoans-rights-abuse/
1204116057	20241015	202410	2024	2024.7808	JUD	COUNSEL						JUD			GOV	PRESIDENT						GOV			0	173	173	17	4	-5.0	2	1	2	-2.39294710327456	3	Richmond, Virginia, United States	US	USVA	VA760	37.5538	-77.4603	1499957	3	Washington, District of Columbia, United States	US	USDC	DC001	38.8951	-77.0364	531871	3	Richmond, Virginia, United States	US	USVA	VA760	37.5538	-77.4603	1499957	20241015021500	https://www.nysun.com/article/trump-scores-rare-win-from-judge-chutkan-on-secrecy-but-he-is-struggling-to-stop-jack-smiths-january-6-avalanche
1204116058	20241015	202410	2024	2024.7808	JUD	COUNSEL						JUD			GOV	PRESIDENT						GOV			0	173	173	17	4	-5.0	6	1	6	-2.39294710327456	3	Washington, District of Columbia, United States	US	USDC	DC001	38.8951	-77.0364	531871	3	Washington, District of Columbia, United States	US	USDC	DC001	38.8951	-77.0364	531871	3	Washington, District of Columbia, United States	US	USDC	DC001	38.8951	-77.0364	531871	20241015021500	https://www.nysun.com/article/trump-scores-rare-win-from-judge-chutkan-on-secrecy-but-he-is-struggling-to-stop-jack-smiths-january-6-avalanche
1204116059	20241015	202410	2024	2024.7808	JUD	ATTORNEY						JUD			LAB	EMPLOYEE						LAB			0	120	120	12	3	-4.0	6	1	6	-1.21212121212121	2	Iowa, United States	US	USIA		42.0046	-93.214	IA	2	Iowa, United States	US	USIA		42.0046	-93.214	IA	2	Iowa, United States	US	USIA		42.0046	-93.214	IA	20241015021500	https://www.yahoo.com/news/dmacc-dean-asks-board-trustees-013916427.html
1204116060	20241015	202410	2024	2024.7808	JUD	PROSECUTOR						JUD			MED	MEDIA						MED			0	010	010	01	1	0.0	10	1	10	-3.44142951687624	4	Wuppertal, Nordrhein-Westfalen, Germany	GM	GM07	16551	51.2667	7.18333	-1891347	4	Wuppertal, Nordrhein-Westfalen, Germany	GM	GM07	16551	51.2667	7.18333	-1891347	4	Wuppertal, Nordrhein-Westfalen, Germany	GM	GM07	16551	51.2667	7.18333	-1891347	20241015021500	https://financialpost.com/pmn/business-pmn/brutal-acid-attack-prompts-executive-to-hunt-down-his-assailants
1204116061	20241015	202410	2024	2024.7808	JUD	HIGH COURT						JUD			NZL	AUCKLAND	NZL								1	025	025	02	1	-0.3	6	1	6	-4.10628019323672	5	Auckland, Auckland, New Zealand	NZ	NZE7	22379	-36.75	174.583	11483124	5	Auckland, Auckland, New Zealand	NZ	NZE7	22379	-36.75	174.583	11483124	5	Auckland, Auckland, New Zealand	NZ	NZE7	22379	-36.75	174.583	11483124	20241015021500	https://www.rnz.co.nz/news/national/530823/burglar-breaks-into-refugee-neighbour-s-unit-sells-almost-everything-in-it
1204116062	20241015	202410	2024	2024.7808	JUD	PROSECUTOR						JUD			USA	COLUMBUS	USA								1	020	020	02	1	3.0	5	1	5	-2.5735294117647	3	Columbus, Ohio, United States	US	USOH	OH049	39.9612	-82.9988	1080996	3	Columbus, Ohio, United States	US	USOH	OH049	39.9612	-82.9988	1080996	3	Columbus, Ohio, United States	US	USOH	OH049	39.9612	-82.9988	1080996	20241015021500	https://www.nysun.com/article/the-democrats-religion-problem
1204116063	20241015	202410	2024	2024.7808	JUD	COUNSEL						JUD			USA	UNITED STATES	USA								0	020	020	02	1	3.0	2	1	2	-2.39294710327456	3	Richmond, Virginia, United States	US	USVA	VA760	37.5538	-77.4603	1499957	3	Washington, District of Columbia, United States	US	USDC	DC001	38.8951	-77.0364	531871	3	Washington, District of Columbia, United States	US	USDC	DC001	38.8951	-77.0364	531871	20241015021500	https://www.nysun.com/article/trump-scores-rare-win-from-judge-chutkan-on-secrecy-but-he-is-struggling-to-stop-jack-smiths-january-6-avalanche
1204116064	20241015	202410	2024	2024.7808	JUD	COUNSEL						JUD			USA	WASHINGTON	USA								0	020	020	02	1	3.0	3	1	3	-2.39294710327456	3	Washington, District of Columbia, United States	US	USDC	DC001	38.8951	-77.0364	531871	3	Washington, District of Columbia, United States	US	USDC	DC001	38.8951	-77.0364	531871	3	Washington, District of Columbia, United States	US	USDC	DC001	38.8951	-77.0364	531871	20241015021500	https://www.nysun.com/article/trump-scores-rare-win-from-judge-chutkan-on-secrecy-but-he-is-struggling-to-stop-jack-smiths-january-6-avalanche
1204116065	20241015	202410	2024	2024.7808	JUD	JUDGE						JUD			USA	UNITED STATES	USA								0	120	120	12	3	-4.0	2	1	2	-2.39294710327456	3	Richmond, Virginia, United States	US	USVA	VA760	37.5538	-77.4603	1499957	3	Richmond, Virginia, United States	US	USVA	VA760	37.5538	-77.4603	1499957	3	Richmond, Virginia, United States	US	USVA	VA760	37.5538	-77.4603	1499957	20241015021500	https://www.nysun.com/article/trump-scores-rare-win-from-judge-chutkan-on-secrecy-but-he-is-struggling-to-stop-jack-smiths-january-6-avalanche
1204116066	20241015	202410	2024	2024.7808	LAB	STAFF MEMBER						LAB													0	028	028	02	1	4.0	3	1	3	-1.21212121212121	2	Iowa, United States	US	USIA		42.0046	-93.214	IA	0								2	Iowa, United States	US	USIA		42.0046	-93.214	IA	20241015021500	https://www.yahoo.com/news/dmacc-dean-asks-board-trustees-013916427.html
1204116067	20241015	202410	2024	2024.7808	LAB	EMPLOYEE						LAB													0	036	036	03	1	4.0	5	1	5	2.5390625	3	Sioux City, Iowa, United States	US	USIA	IA193	42.5	-96.4003	461653	0								3	Sioux City, Iowa, United States	US	USIA		42.5	-96.4003	461653	20241015021500	https://siouxcityjournal.com/news/local/education/sioux-city-school-board-substitute-pay/article_4c08c328-8a80-11ef-97f5-3fc98b2e8f1a.html
1204116068	20241015	202410	2024	2024.7808	LAB	EMPLOYEE						LAB													1	060	060	06	2	6.0	2	1	2	-3.49243306169965	4	Unrwa, West Bank (general), West Bank	WE	WE00	68767	31.8984	35.1773	11289236	0								4	Unrwa, West Bank (general), West Bank	WE	WE00	68767	31.8984	35.1773	11289236	20241015021500	https://www.jpost.com/opinion/article-824570
1204116069	20241015	202410	2024	2024.7808	LAB	EMPLOYEE						LAB													1	162	162	16	4	-5.6	1	1	1	-3.49243306169965	4	Unrwa, West Bank (general), West Bank	WE	WE00	68767	31.8984	35.1773	11289236	0								4	Unrwa, West Bank (general), West Bank	WE	WE00	68767	31.8984	35.1773	11289236	20241015021500	https://www.jpost.com/opinion/article-824570
1204116070	20241015	202410	2024	2024.7808	LAB	EMPLOYEE						LAB			EDU	STUDENT						EDU			1	013	013	01	1	0.4	5	1	5	2.5390625	2	Iowa, United States	US	USIA		42.0046	-93.214	IA	2	Iowa, United States	US	USIA		42.0046	-93.214	IA	2	Iowa, United States	US	USIA		42.0046	-93.214	IA	20241015021500	https://siouxcityjournal.com/news/local/education/sioux-city-school-board-substitute-pay/article_4c08c328-8a80-11ef-97f5-3fc98b2e8f1a.html
1204116071	20241015	202410	2024	2024.7808	LAB	EMPLOYEE						LAB			EDU	STUDENT						EDU			1	071	071	07	2	7.4	5	1	5	2.5390625	2	Iowa, United States	US	USIA		42.0046	-93.214	IA	2	Iowa, United States	US	USIA		42.0046	-93.214	IA	2	Iowa, United States	US	USIA		42.0046	-93.214	IA	20241015021500	https://siouxcityjournal.com/news/local/education/sioux-city-school-board-substitute-pay/article_4c08c328-8a80-11ef-97f5-3fc98b2e8f1a.html
1204116072	20241015	202410	2024	2024.7808	LBN	LEBANON	LBN								ISR	ISRAEL	ISR								0	100	100	10	3	-5.0	5	1	5	-7.18171926006529	4	Beirut, Beyrouth, Lebanon	LE	LE04	18808	33.8719	35.5097	-801546	4	Binyamina, H_efa, Israel	IS	IS04	18312	32.5232	34.945	-779490	4	Binyamina, H_efa, Israel	IS	IS04	18312	32.5232	34.945	-779490	20241015021500	https://pidgin.informationng.com/?p=28810
1204116073	20241015	202410	2024	2024.7808	LBN	LEBANON	LBN								ISRREF	ISRAEL	ISR					REF			0	042	042	04	1	1.9	2	1	2	-3.49243306169965	1	Lebanon	LE	LE		33.833333	35.833333	LE	4	Jerusalem, Israel (general), Israel	IS	IS00	18315	31.7667	35.2333	-797092	1	Jordan	JO	JO		31	36	JO	20241015021500	https://www.jpost.com/opinion/article-824570
1204116074	20241015	202410	2024	2024.7808	LBN	LEBANON	LBN								ISRREF	ISRAEL	ISR					REF			0	042	042	04	1	1.9	2	1	2	-3.49243306169965	1	Syria	SY	SY		35	38	SY	4	Unrwa, West Bank (general), West Bank	WE	WE00	68767	31.8984	35.1773	11289236	1	Jordan	JO	JO		31	36	JO	20241015021500	https://www.jpost.com/opinion/article-824570
1204116075	20241015	202410	2024	2024.7808	LBN	LEBANON	LBN								JORELI	HASSAN	JOR					ELI			1	042	042	04	1	1.9	1	1	1	-3.68239355581128	4	Beirut, Beyrouth, Lebanon	LE	LE04	18808	33.8719	35.5097	-801546	4	Beirut, Beyrouth, Lebanon	LE	LE04	18808	33.8719	35.5097	-801546	4	Beirut, Beyrouth, Lebanon	LE	LE04	18808	33.8719	35.5097	-801546	20241015021500	https://www.nysun.com/article/hezbollah-targets-tel-aviv-following-washingtons-warning-to-israel-on-attacking-lebanese-population-centers
1204116076	20241015	202410	2024	2024.7808	LBN	LEBANON	LBN								MIL	MILITARY						MIL			0	186	186	18	4	-10.0	5	1	5	-4.17661097852029	4	Bekaa Valley, Béa, Lebanon	LE	LE08	26329	33.8333	36	-798018	4	Bekaa Valley, Béa, Lebanon	LE	LE08	26329	33.8333	36	-798018	4	Bekaa Valley, Béa, Lebanon	LE	LE08	26329	33.8333	36	-798018	20241015021500	https://www.jpost.com/israel-news/article-824616
1204116077	20241015	202410	2024	2024.7808	LBN	LEBANON	LBN								MIL	AIR FORCE						MIL			0	190	190	19	4	-10.0	5	1	5	-4.17661097852029	4	Aitou, Liban-Nord, Lebanon	LE	LE09	18803	34.3078	35.9203	-800961	4	Aitou, Liban-Nord, Lebanon	LE	LE09	18803	34.3078	35.9203	-800961	4	Aitou, Liban-Nord, Lebanon	LE	LE09	18803	34.3078	35.9203	-800961	20241015021500	https://www.jpost.com/israel-news/article-824616
1204116078	20241015	202410	2024	2024.7808	LBN	LEBANON	LBN								PSE	PALESTINIAN	PSE								0	042	042	04	1	1.9	2	1	2	-3.49243306169965	4	Jerusalem, Israel (general), Israel	IS	IS00	18315	31.7667	35.2333	-797092	4	Unrwa, West Bank (general), West Bank	WE	WE00	68767	31.8984	35.1773	11289236	1	Jordan	JO	JO		31	36	JO	20241015021500	https://www.jpost.com/opinion/article-824570
1204116079	20241015	202410	2024	2024.7808	LBN	LEBANON	LBN								PSE	PALESTINIAN	PSE								0	042	042	04	1	1.9	2	1	2	-3.49243306169965	1	Lebanon	LE	LE		33.833333	35.833333	LE	4	Jerusalem, Israel (general), Israel	IS	IS00	18315	31.7667	35.2333	-797092	1	Jordan	JO	JO		31	36	JO	20241015021500	https://www.jpost.com/opinion/article-824570
1204116080	20241015	202410	2024	2024.7808	LBN	LEBANON	LBN								PSEREF	PALESTINIAN	PSE					REF			0	042	042	04	1	1.9	2	1	2	-3.49243306169965	1	Lebanon	LE	LE		33.833333	35.833333	LE	4	Jerusalem, Israel (general), Israel	IS	IS00	18315	31.7667	35.2333	-797092	1	Jordan	JO	JO		31	36	JO	20241015021500	https://www.jpost.com/opinion/article-824570
1204116081	20241015	202410	2024	2024.7808	LEG	HOUSE OF ASSEMBLY						LEG													0	010	010	01	1	0.0	2	1	2	-2.29153405474221	4	Kwara, Zamfara, Nigeria	NI	NI57	191424	12.3337	6.28493	-2017020	0								4	Kwara, Zamfara, Nigeria	NI	NI57	191424	12.3337	6.28493	-2017020	20241015021500	https://punchng.com/boat-accident-abdulrazaq-supports-victims-families-with-n100m/
1204116082	20241015	202410	2024	2024.7808	LEG	LAWMAKER						LEG													0	012	012	01	1	-0.4	5	1	5	-4.24836601307189	1	United Kingdom	UK	UK		54	-4	UK	0								1	United Kingdom	UK	UK		54	-4	UK	20241015021500	https://punchng.com/sokoto-apc-lawmaker-accuses-gov-party-leaders-of-corruption/
1204116083	20241015	202410	2024	2024.7808	LEG	SENATOR						LEG													0	051	051	05	1	3.4	6	1	6	2.99823633156967	3	Little Rock, Arkansas, United States	US	USAR	AR119	34.7465	-92.2896	83350	0								3	Little Rock, Arkansas, United States	US	USAR		34.7465	-92.2896	83350	20241015021500	https://www.arkansasonline.com/news/2024/oct/14/little-rock-water-bonds-linda-chesterfield-blake-tierney-ryan-callison/
1204116084	20241015	202410	2024	2024.7808	LEG	LAWMAKER						LEG													0	110	110	11	3	-2.0	3	1	3	-4.24836601307189	1	United Kingdom	UK	UK		54	-4	UK	0								1	United Kingdom	UK	UK		54	-4	UK	20241015021500	https://punchng.com/sokoto-apc-lawmaker-accuses-gov-party-leaders-of-corruption/
1204116085	20241015	202410	2024	2024.7808	LEG	LAWMAKER						LEG													1	112	112	11	3	-2.0	5	1	5	-4.24836601307189	1	United Kingdom	UK	UK		54	-4	UK	0								1	United Kingdom	UK	UK		54	-4	UK	20241015021500	https://punchng.com/sokoto-apc-lawmaker-accuses-gov-party-leaders-of-corruption/
1204116086	20241015	202410	2024	2024.7808	LEG	HOUSE OF ASSEMBLY						LEG			CVL	VILLAGE						CVL			0	010	010	01	1	0.0	1	1	1	-2.29153405474221	5	Kwara State, Kwara, Nigeria	NI	NI30	191411	8.5	5	-2017029	4	Gbajigbo, Nigeria (general), Nigeria	NI	NI00	191185	8.01667	3.83333	-2008303	4	Gbajigbo, Nigeria (general), Nigeria	NI	NI00	191185	8.01667	3.83333	-2008303	20241015021500	https://punchng.com/boat-accident-abdulrazaq-supports-victims-families-with-n100m/
1204116087	20241015	202410	2024	2024.7808	LEG	HOUSE OF ASSEMBLY						LEG			CVL	VILLAGE						CVL			0	042	042	04	1	1.9	1	1	1	-2.29153405474221	5	Kwara State, Kwara, Nigeria	NI	NI30	191411	8.5	5	-2017029	4	Gbajigbo, Nigeria (general), Nigeria	NI	NI00	191185	8.01667	3.83333	-2008303	5	Kwara State, Kwara, Nigeria	NI	NI30	191411	8.5	5	-2017029	20241015021500	https://punchng.com/boat-accident-abdulrazaq-supports-victims-families-with-n100m/
1204116088	20241015	202410	2024	2024.7808	LEG	LAWMAKER						LEG			PTY	PARTY LEADER									1	112	112	11	3	-2.0	5	1	5	-4.24836601307189	1	United Kingdom	UK	UK		54	-4	UK	1	United Kingdom	UK	UK		54	-4	UK	1	United Kingdom	UK	UK		54	-4	UK	20241015021500	https://punchng.com/sokoto-apc-lawmaker-accuses-gov-party-leaders-of-corruption/
1204116089	20241015	202410	2024	2024.7808	LEG	PARLIAMENT						LEG			SGP	SINGAPORE	SGP								0	060	060	06	2	6.0	10	1	10	2.86885245901639	1	Singapore	SN	SN		1.366667	103.8	SN	1	Singapore	SN	SN		1.366667	103.8	SN	1	Singapore	SN	SN		1.366667	103.8	SN	20241015021500	https://www.businesstimes.com.sg/singapore/allianz-consider-revisions-proposed-income-deal-says-it-respects-singapore-governments-position
1204116090	20241015	202410	2024	2024.7808	LEG	CHAMBER						LEG			USA	UNITED STATES	USA								0	040	040	04	1	1.0	6	1	6	-2.35690235690236	3	City Of Fargo, North Dakota, United States	US	USND	ND017	46.8766	-96.8176	1036030	3	City Of Fargo, North Dakota, United States	US	USND		46.8766	-96.8176	1036030	3	City Of Fargo, North Dakota, United States	US	USND		46.8766	-96.8176	1036030	20241015021500	https://www.inforum.com/news/fargo/citywide-restrictions-on-homeless-camps-going-swimmingly-city-staff-tell-commission
1204116091	20241015	202410	2024	2024.7808	LEG	SENATOR						LEG			USA	UNITED STATES	USA								0	051	051	05	1	3.4	4	1	4	2.99823633156967	2	Arkansas, United States	US	USAR		34.9513	-92.3809	AR	2	Arkansas, United States	US	USAR		34.9513	-92.3809	AR	2	Arkansas, United States	US	USAR		34.9513	-92.3809	AR	20241015021500	https://www.arkansasonline.com/news/2024/oct/14/little-rock-water-bonds-linda-chesterfield-blake-tierney-ryan-callison/
1204116092	20241015	202410	2024	2024.7808	MED	WRITER						MED													1	010	010	01	1	0.0	1	1	1	-3.53319057815846	4	Jerusalem, Israel (general), Israel	IS	IS00	18315	31.7667	35.2333	-797092	0								4	Jerusalem, Israel (general), Israel	IS	IS00	18315	31.7667	35.2333	-797092	20241015021500	https://www.jpost.com/opinion/article-824567
1204116093	20241015	202410	2024	2024.7808	MED	LOCAL MEDIA						MED													0	010	010	01	1	0.0	6	1	6	-0.44543429844098	3	El Paso County, Texas, United States	US	USTX	TX141	31.8001	-106.201	1383855	0								3	El Paso County, Texas, United States	US	USTX		31.8001	-106.201	1383855	20241015021500	https://kvia.com/your-voice-your-vote/2024/10/14/105000-being-used-to-campaign-in-support-of-the-umc-bond-which-prominent-el-pasoans-are-contributing/
1204116094	20241015	202410	2024	2024.7808	MED	MEDIA						MED													1	046	046	04	1	7.0	8	2	8	-2.79733959311424	2	Pennsylvania, United States	US	USPA		40.5773	-77.264	PA	0								2	Pennsylvania, United States	US	USPA		40.5773	-77.264	PA	20241015021500	https://www.theyeshivaworld.com/news/general/2324735/kamala-harris-will-sit-down-with-bret-baier-for-her-first-fox-news-interview.html
1204116095	20241015	202410	2024	2024.7808	MED	WEBSITE						MED													1	172	172	17	4	-5.0	10	1	10	-5.55555555555555	2	New York, United States	US	USNY		42.1497	-74.9384	NY	0								2	New York, United States	US	USNY		42.1497	-74.9384	NY	20241015021500	https://www.9news.com.au/world/bath-and-body-works-apologises-for-selling-candles-that-looked-like-ku-klux-klan-hoods/684e38c5-1a40-4f22-a591-e0d22d9d6212
1204116096	20241015	202410	2024	2024.7808	MED	MEDIA						MED			AUS	AUSTRALIA	AUS								1	084	084	08	2	7.0	2	1	2	-4.51388888888889	1	Australia	AS	AS		-25	135	AS	1	Australia	AS	AS		-25	135	AS	1	Australia	AS	AS		-25	135	AS	20241015021500	https://reliefweb.int/report/myanmar/humanitarian-assistance-myanmar-14-october-2024
1204116097	20241015	202410	2024	2024.7808	MED	WRITER						MED			CVL	VILLAGE						CVL			0	010	010	01	1	0.0	10	1	10	-0.92989985693848	1	Morocco	MO	MO		32	-5	MO	1	Morocco	MO	MO		32	-5	MO	1	Morocco	MO	MO		32	-5	MO	20241015021500	https://www.jpost.com/j-spot/article-824583
1204116098	20241015	202410	2024	2024.7808	MED	JOURNALIST						MED			GOV	AUTHORITIES						GOV			1	042	042	04	1	1.9	10	1	10	-5.57620817843867	4	Beirut, Beyrouth, Lebanon	LE	LE04	18808	33.8719	35.5097	-801546	4	Beirut, Beyrouth, Lebanon	LE	LE04	18808	33.8719	35.5097	-801546	4	Beirut, Beyrouth, Lebanon	LE	LE04	18808	33.8719	35.5097	-801546	20241015021500	https://www.theglobeandmail.com/world/article-funeral-in-maaysrah-lebanon-remembers-12-victims-after-israeli-strike/
1204116099	20241015	202410	2024	2024.7808	MED	MEDIA						MED			GOVDEV	MINIST FOR INTERNATIONAL DEVELOPMENT						GOV	DEV		1	084	084	08	2	7.0	8	1	8	-4.51388888888889	1	Australia	AS	AS		-25	135	AS	1	Australia	AS	AS		-25	135	AS	1	Australia	AS	AS		-25	135	AS	20241015021500	https://reliefweb.int/report/myanmar/humanitarian-assistance-myanmar-14-october-2024
1204116100	20241015	202410	2024	2024.7808	MED	MEDIA						MED			LEG	PARLIAMENT						LEG			1	071	071	07	2	7.4	1	1	1	-4	2	Georgia, United States	US	USGA		32.9866	-83.6487	GA	2	Georgia, United States	US	USGA		32.9866	-83.6487	GA	4	Kursk, Kurskaya Oblast', Russia	RS	RS41	25068	51.7373	36.1873	-2941648	20241015021500	https://menafn.com/1108778304/Georgian-PM-Believes-That-Ending-War-In-Ukraine-WillReset-Relations-With-EU-US
1204116101	20241015	202410	2024	2024.7808	MED	MEDIA						MED			LEG	PARLIAMENT						LEG			1	071	071	07	2	7.4	1	1	1	-4	2	Georgia, United States	US	USGA		32.9866	-83.6487	GA	2	Georgia, United States	US	USGA		32.9866	-83.6487	GA	2	Georgia, United States	US	USGA		32.9866	-83.6487	GA	20241015021500	https://menafn.com/1108778304/Georgian-PM-Believes-That-Ending-War-In-Ukraine-WillReset-Relations-With-EU-US
1204116102	20241015	202410	2024	2024.7808	MED	SPOKESMAN						MED			PRK	NORTH KOREAN	PRK								0	016	016	01	1	-2.0	2	1	2	-1.32325141776938	4	Kremlin, Moskva, Russia	RS	RS48	25106	55.7522	37.6156	-2960561	4	Pyongyang, P'yongyang-si, North Korea	KN	KN12	39681	39.0194	125.755	-183459	4	Pyongyang, P'yongyang-si, North Korea	KN	KN12	39681	39.0194	125.755	-183459	20241015021500	https://www.wthitv.com/north-korea-sending-citizens-to-help-russian-military-fight-ukraine-zelensky-says/article_9b68aa74-caea-5353-bb59-befed022f378.html
1204116103	20241015	202410	2024	2024.7808	MED	MEDIA						MED			USALEG	UNITED STATES	USA					LEG			1	071	071	07	2	7.4	6	1	6	-4	2	Georgia, United States	US	USGA		32.9866	-83.6487	GA	2	Georgia, United States	US	USGA		32.9866	-83.6487	GA	4	Kursk, Kurskaya Oblast', Russia	RS	RS41	25068	51.7373	36.1873	-2941648	20241015021500	https://menafn.com/1108778304/Georgian-PM-Believes-That-Ending-War-In-Ukraine-WillReset-Relations-With-EU-US
1204116104	20241015	202410	2024	2024.7808	MED	MEDIA						MED			USALEG	UNITED STATES	USA					LEG			1	071	071	07	2	7.4	2	1	2	-4	2	Georgia, United States	US	USGA		32.9866	-83.6487	GA	2	Georgia, United States	US	USGA		32.9866	-83.6487	GA	2	Georgia, United States	US	USGA		32.9866	-83.6487	GA	20241015021500	https://menafn.com/1108778304/Georgian-PM-Believes-That-Ending-War-In-Ukraine-WillReset-Relations-With-EU-US
1204116105	20241015	202410	2024	2024.7808	MEX	MEXICO	MEX								USACOP	UNITED STATES	USA					COP			1	010	010	01	1	0.0	4	1	4	-3.63636363636364	4	Zaragoza, Baja California, Mexico	MX	MX02	19588	32.5333	-117.017	-1705741	3	El Paso, Texas, United States	US	USTX		31.7587	-106.487	1380946	3	El Paso, Texas, United States	US	USTX		31.7587	-106.487	1380946	20241015021500	https://kvia.com/news/abc-7-alert-center/2024/10/13/one-person-hospitalized-after-vehicle-fire/
1204116106	20241015	202410	2024	2024.7808	MIL	MILITARY						MIL													0	110	110	11	3	-2.0	4	1	4	-0.52770448548813	4	Bakhmut, Donets'ka Oblast', Ukraine	UP	UP05	28556	48.5956	37.9999	-1034612	0								4	Bakhmut, Donets'ka Oblast', Ukraine	UP	UP05	28556	48.5956	37.9999	-1034612	20241015021500	https://www.rnz.co.nz/news/world/530824/ukraine-holds-new-online-conference-on-peace-calls-for-revised-security-system
1204116107	20241015	202410	2024	2024.7808	MIL	MILITARY						MIL													0	110	110	11	3	-2.0	1	1	1	-0.52770448548813	4	Bakhmut, Donets'ka Oblast', Ukraine	UP	UP05	28556	48.5956	37.9999	-1034612	0								1	Russia	RS	RS		60	100	RS	20241015021500	https://www.rnz.co.nz/news/world/530824/ukraine-holds-new-online-conference-on-peace-calls-for-revised-security-system
1204116108	20241015	202410	2024	2024.7808	MIL	MILITARY						MIL													1	193	193	19	4	-10.0	5	1	5	-5.19031141868512	4	Galilee, Ha?afon, Israel	IS	IS03	18314	32.9	35.3333	-779978	0								1	Lebanon	LE	LE		33.833333	35.833333	LE	20241015021500	https://www.theyeshivaworld.com/news/israel-news/2324616/see-it-idf-tours-hezbollah-underground-compound-packed-with-weapons-and-motorcycles-for-planned-invasion-of-israel.html
1204116109	20241015	202410	2024	2024.7808	MIL	MILITARY						MIL													1	195	195	19	4	-10.0	5	1	5	-5.19031141868512	4	Yiftah, Ha?afon, Israel	IS	IS03	18314	33.1288	35.5523	-781757	0								4	Yiftah, Ha?afon, Israel	IS	IS03	18314	33.1288	35.5523	-781757	20241015021500	https://www.theyeshivaworld.com/news/israel-news/2324616/see-it-idf-tours-hezbollah-underground-compound-packed-with-weapons-and-motorcycles-for-planned-invasion-of-israel.html
1204116110	20241015	202410	2024	2024.7808	MIL	MILITARY PERSONNEL						MIL			ISR	ISRAEL	ISR								0	036	036	03	1	4.0	2	1	2	-5.0125313283208	1	Israel	IS	IS		31.5	34.75	IS	1	Israel	IS	IS		31.5	34.75	IS	3	Washington, District of Columbia, United States	US	USDC	DC001	38.8951	-77.0364	531871	20241015021500	https://www.theyeshivaworld.com/news/israel-news/2324762/netanyahu-to-biden-israeli-response-to-iran-will-focus-on-military-sites-wont-target-nukes.html
1204116111	20241015	202410	2024	2024.7808	MIL	MILITARY PERSONNEL						MIL			ISR	ISRAEL	ISR								0	036	036	03	1	4.0	8	1	8	-5.0125313283208	1	Israel	IS	IS		31.5	34.75	IS	1	Israel	IS	IS		31.5	34.75	IS	1	Israel	IS	IS		31.5	34.75	IS	20241015021500	https://www.theyeshivaworld.com/news/israel-news/2324762/netanyahu-to-biden-israeli-response-to-iran-will-focus-on-military-sites-wont-target-nukes.html
1204116112	20241015	202410	2024	2024.7808	MIL	MILITARY						MIL			ISR	ISRAEL	ISR								1	043	043	04	1	2.8	10	1	10	-7.35294117647056	4	Gaza, Israel (general), Israel	IS	IS00	18315	31.4167	34.3333	-797156	4	Gaza, Israel (general), Israel	IS	IS00	18315	31.4167	34.3333	-797156	4	Gaza, Israel (general), Israel	IS	IS00	18315	31.4167	34.3333	-797156	20241015021500	https://www.torontotelegraph.com/news/274709273/israel-will-never-be-the-same-after-7-october
1204116113	20241015	202410	2024	2024.7808	MIL	ECHELON						MIL			ISR	ISRAEL	ISR								1	070	070	07	2	7.0	4	1	4	0.6514657980456	4	Rafah, Gaza Strip (general), Gaza Strip	GZ	GZ00	16446	31.3292	34.2311	10420173	4	Rafah, Gaza Strip (general), Gaza Strip	GZ	GZ00	16446	31.3292	34.2311	10420173	4	Rafah, Gaza Strip (general), Gaza Strip	GZ	GZ00	16446	31.3292	34.2311	10420173	20241015021500	http://www.israelnationalnews.com/news/397643
1204116114	20241015	202410	2024	2024.7808	MIL	MILITARY						MIL			LBN	LEBANON	LBN								0	186	186	18	4	-10.0	1	1	1	-4.17661097852029	4	Bekaa Valley, Béa, Lebanon	LE	LE08	26329	33.8333	36	-798018	4	Bekaa Valley, Béa, Lebanon	LE	LE08	26329	33.8333	36	-798018	4	Bekaa Valley, Béa, Lebanon	LE	LE08	26329	33.8333	36	-798018	20241015021500	https://www.jpost.com/israel-news/article-824616
1204116115	20241015	202410	2024	2024.7808	MIL	ECHELON						MIL			PSE	GAZA	PSE								1	070	070	07	2	7.0	6	1	6	0.6514657980456	4	Rafah, Gaza Strip (general), Gaza Strip	GZ	GZ00	16446	31.3292	34.2311	10420173	4	Rafah, Gaza Strip (general), Gaza Strip	GZ	GZ00	16446	31.3292	34.2311	10420173	4	Rafah, Gaza Strip (general), Gaza Strip	GZ	GZ00	16446	31.3292	34.2311	10420173	20241015021500	http://www.israelnationalnews.com/news/397643
1204116116	20241015	202410	2024	2024.7808	MIL	COMMANDER						MIL			USA	AMERICAN	USA								0	072	072	07	2	8.3	1	1	1	-4.39442658092176	2	Minnesota, United States	US	USMN		45.7326	-93.9196	MN	2	Wisconsin, United States	US	USWI		44.2563	-89.6385	WI	3	Green Bay, Wisconsin, United States	US	USWI		44.5192	-88.0198	1565801	20241015021500	https://kvia.com/your-voice-your-vote/politics/cnn-us-politics/2024/10/14/harris-uses-trumps-enemy-from-within-comment-to-portray-gop-rival-as-dangerous-and-unstable/
1204116117	20241015	202410	2024	2024.7808	MMR	MYANMAR	MMR																		0	141	141	14	3	-6.5	5	1	5	-4.51388888888889	1	Australia	AS	AS		-25	135	AS	0								1	Australia	AS	AS		-25	135	AS	20241015021500	https://reliefweb.int/report/myanmar/humanitarian-assistance-myanmar-14-october-2024
1204116118	20241015	202410	2024	2024.7808	MMR	MYANMAR	MMR								BGD	BANGLADESH	BGD								1	040	040	04	1	1.0	2	1	2	-4.51388888888889	1	Australia	AS	AS		-25	135	AS	1	Bangladesh	BG	BG		24	90	BG	1	Australia	AS	AS		-25	135	AS	20241015021500	https://reliefweb.int/report/myanmar/humanitarian-assistance-myanmar-14-october-2024
1204116119	20241015	202410	2024	2024.7808	MMR	MYANMAR	MMR								BGD	BANGLADESH	BGD								1	040	040	04	1	1.0	8	1	8	-4.51388888888889	1	Bangladesh	BG	BG		24	90	BG	1	Bangladesh	BG	BG		24	90	BG	1	Australia	AS	AS		-25	135	AS	20241015021500	https://reliefweb.int/report/myanmar/humanitarian-assistance-myanmar-14-october-2024
1204116120	20241015	202410	2024	2024.7808	MNCUSA	NETFLIX	USA					MNC													1	040	040	04	1	1.0	5	1	5	0.5249343832021	3	Hollywood, California, United States	US	USCA	CA037	34.0983	-118.327	1660757	0								3	Hollywood, California, United States	US	USCA	CA037	34.0983	-118.327	1660757	20241015021500	https://cartermatt.com/669503/nobody-wants-this-season-2-premiere-date-creator-talks-estimate/
1204116121	20241015	202410	2024	2024.7808	MNCUSA	NETFLIX	USA					MNC													0	043	043	04	1	2.8	10	1	10	0.5249343832021	3	Hollywood, California, United States	US	USCA	CA037	34.0983	-118.327	1660757	0								3	Hollywood, California, United States	US	USCA	CA037	34.0983	-118.327	1660757	20241015021500	https://cartermatt.com/669503/nobody-wants-this-season-2-premiere-date-creator-talks-estimate/
1204116122	20241015	202410	2024	2024.7808	MNCUSA	NETFLIX	USA					MNC			MED	WRITER						MED			0	010	010	01	1	0.0	8	1	8	-0.92989985693848	1	Morocco	MO	MO		32	-5	MO	1	Morocco	MO	MO		32	-5	MO	1	Morocco	MO	MO		32	-5	MO	20241015021500	https://www.jpost.com/j-spot/article-824583
1204116123	20241015	202410	2024	2024.7808	MNCUSA	NETFLIX	USA					MNC			MED	WRITER						MED			0	010	010	01	1	0.0	2	1	2	-0.92989985693848	1	United Kingdom	UK	UK		54	-4	UK	1	United Kingdom	UK	UK		54	-4	UK	1	United Kingdom	UK	UK		54	-4	UK	20241015021500	https://www.jpost.com/j-spot/article-824583
1204116124	20241015	202410	2024	2024.7808	MNCUSA	NVIDIA	USA					MNC			USAMED	REUTERS	USA					MED			1	040	040	04	1	1.0	10	1	10	0.81632653061225	1	United States	US	US		39.828175	-98.5795	US	1	United States	US	US		39.828175	-98.5795	US	1	United States	US	US		39.828175	-98.5795	US	20241015021500	https://www.marketscreener.com/quote/stock/NVIDIA-CORPORATION-57355629/news/US-mulls-capping-Nvidia-AI-chips-exports-to-some-countries-Bloomberg-News-reports-48072581/
1204116125	20241015	202410	2024	2024.7808	MNCUSAMED	GOOGLE	USA					MNC	MED												1	090	090	09	2	-2.0	10	1	10	0.61576354679803	0								0								0								20241015021500	https://fortune.com/2024/10/14/personal-brand-mpw-how-to-sally-krawcheck-stacey-kennedy-joyce-russell/
1204116126	20241015	202410	2024	2024.7808	MOS	ISLAMIC				MOS					ISR	ISRAEL	ISR								0	125	125	12	3	-5.0	2	1	2	-2.991452991453	4	Gaza, Israel (general), Israel	IS	IS00	18315	31.4167	34.3333	-797156	4	Gaza, Israel (general), Israel	IS	IS00	18315	31.4167	34.3333	-797156	4	Gaza, Israel (general), Israel	IS	IS00	18315	31.4167	34.3333	-797156	20241015021500	http://www.israelnationalnews.com/news/397645
1204116127	20241015	202410	2024	2024.7808	MOS	ISLAMIC				MOS					PSE	PALESTINIAN	PSE								0	125	125	12	3	-5.0	3	1	3	-2.991452991453	4	Gaza, Israel (general), Israel	IS	IS00	18315	31.4167	34.3333	-797156	4	Gaza, Israel (general), Israel	IS	IS00	18315	31.4167	34.3333	-797156	4	Gaza, Israel (general), Israel	IS	IS00	18315	31.4167	34.3333	-797156	20241015021500	http://www.israelnationalnews.com/news/397645
1204116128	20241015	202410	2024	2024.7808	NAM	NAMIBIA	NAM																		1	030	030	03	1	4.0	10	1	10	3.57142857142857	1	Namibia	WA	WA		-22	17	WA	0								1	Namibia	WA	WA		-22	17	WA	20241015021500	https://www.republikein.com.na/mw-main/oshili-power%E2%80%99s-600-mw-solar-vision2024-10-15136967
1204116129	20241015	202410	2024	2024.7808	NERCVL	NIGER	NER					CVL			CVL	COMMUNITY						CVL			0	042	042	04	1	1.9	1	1	1	-2.29153405474221	5	Niger State, Niger, Nigeria	NI	NI31	22950	10	6	-2020892	5	Niger State, Niger, Nigeria	NI	NI31	22950	10	6	-2020892	5	Niger State, Niger, Nigeria	NI	NI31	22950	10	6	-2020892	20241015021500	https://punchng.com/boat-accident-abdulrazaq-supports-victims-families-with-n100m/
1204116130	20241015	202410	2024	2024.7808	NERCVL	NIGER	NER					CVL			CVL	COMMUNITY						CVL			0	051	051	05	1	3.4	1	1	1	-2.29153405474221	5	Niger State, Niger, Nigeria	NI	NI31	22950	10	6	-2020892	5	Niger State, Niger, Nigeria	NI	NI31	22950	10	6	-2020892	5	Niger State, Niger, Nigeria	NI	NI31	22950	10	6	-2020892	20241015021500	https://punchng.com/boat-accident-abdulrazaq-supports-victims-families-with-n100m/
1204116131	20241015	202410	2024	2024.7808	NERCVL	NIGER	NER					CVL			NGA	NIGERIA	NGA								0	042	042	04	1	1.9	2	1	2	-2.29153405474221	5	Niger State, Niger, Nigeria	NI	NI31	22950	10	6	-2020892	5	Niger State, Niger, Nigeria	NI	NI31	22950	10	6	-2020892	5	Niger State, Niger, Nigeria	NI	NI31	22950	10	6	-2020892	20241015021500	https://punchng.com/boat-accident-abdulrazaq-supports-victims-families-with-n100m/
1204116132	20241015	202410	2024	2024.7808	NERCVL	NIGER	NER					CVL			NGA	NIGERIA	NGA								0	051	051	05	1	3.4	2	1	2	-2.29153405474221	5	Niger State, Niger, Nigeria	NI	NI31	22950	10	6	-2020892	5	Niger State, Niger, Nigeria	NI	NI31	22950	10	6	-2020892	5	Niger State, Niger, Nigeria	NI	NI31	22950	10	6	-2020892	20241015021500	https://punchng.com/boat-accident-abdulrazaq-supports-victims-families-with-n100m/
1204116133	20241015	202410	2024	2024.7808	NGA	NIGERIA	NGA																		1	010	010	01	1	0.0	2	1	2	3.8152610441767	4	Bauchi, Bauchi, Nigeria	NI	NI46	22661	10.3134	9.84327	-2002330	0								4	Bauchi, Bauchi, Nigeria	NI	NI46	22661	10.3134	9.84327	-2002330	20241015021500	https://punchng.com/bauchi-rice-farmers-urged-to-adopt-dry-season-techniques/
1204116134	20241015	202410	2024	2024.7808	NGA	NIGERIA	NGA																		0	010	010	01	1	0.0	8	1	8	-1.71037628278221	4	Fashola, Nigeria (general), Nigeria	NI	NI00	191185	7.9	3.78333	-2007122	0								4	Fashola, Nigeria (general), Nigeria	NI	NI00	191185	7.9	3.78333	-2007122	20241015021500	https://punchng.com/nnpc-sells-pms-to-ipman-at-n995-litre/
1204116135	20241015	202410	2024	2024.7808	NGA	NIGERIA	NGA																		1	010	010	01	1	0.0	3	1	3	-0.91074681238616	5	Osun State, Osun, Nigeria	NI	NI42	23001	7.5	4.5	9153501	0								5	Osun State, Osun, Nigeria	NI	NI42	23001	7.5	4.5	9153501	20241015021500	https://punchng.com/fg-plans-435-clinical-trial-centres-projects-3-8bn-revenue/
1204116136	20241015	202410	2024	2024.7808	NGA	NIGERIA	NGA																		0	012	012	01	1	-0.4	4	1	4	-3.13272877164056	5	Zamfara State, Zamfara, Nigeria	NI	NI57	191424	12.1667	6.25	9098622	0								5	Zamfara State, Zamfara, Nigeria	NI	NI57	191424	12.1667	6.25	9098622	20241015021500	https://punchng.com/pdp-factional-chairmen-clash-as-govs-fail-to-resolve-crisis/
1204116137	20241015	202410	2024	2024.7808	NGA	NIGERIA	NGA																		0	110	110	11	3	-2.0	8	1	8	-1.71037628278221	4	Fashola, Nigeria (general), Nigeria	NI	NI00	191185	7.9	3.78333	-2007122	0								4	Fashola, Nigeria (general), Nigeria	NI	NI00	191185	7.9	3.78333	-2007122	20241015021500	https://punchng.com/nnpc-sells-pms-to-ipman-at-n995-litre/
1204116138	20241015	202410	2024	2024.7808	NGA	NIGERIA	NGA																		1	163	163	16	4	-8.0	4	1	4	-3.87931034482759	4	Onitsha, Anambra, Nigeria	NI	NI25	191304	6.14543	6.78845	-2023802	0								4	Onitsha, Anambra, Nigeria	NI	NI25	191304	6.14543	6.78845	-2023802	20241015021500	https://punchng.com/anambra-traders-maintain-sit-at-home-despite-soludos-order/
1204116139	20241015	202410	2024	2024.7808	NGA	NIGERIA	NGA																		1	171	171	17	4	-9.2	4	1	4	-3.13272877164056	5	Zamfara State, Zamfara, Nigeria	NI	NI57	191424	12.1667	6.25	9098622	0								5	Zamfara State, Zamfara, Nigeria	NI	NI57	191424	12.1667	6.25	9098622	20241015021500	https://punchng.com/pdp-factional-chairmen-clash-as-govs-fail-to-resolve-crisis/
1204116140	20241015	202410	2024	2024.7808	NGA	NIGERIA	NGA								AGR	FARMER						AGR			1	010	010	01	1	0.0	2	1	2	3.8152610441767	4	Bauchi, Bauchi, Nigeria	NI	NI46	22661	10.3134	9.84327	-2002330	4	Bauchi, Bauchi, Nigeria	NI	NI46	22661	10.3134	9.84327	-2002330	4	Bauchi, Bauchi, Nigeria	NI	NI46	22661	10.3134	9.84327	-2002330	20241015021500	https://punchng.com/bauchi-rice-farmers-urged-to-adopt-dry-season-techniques/
1204116141	20241015	202410	2024	2024.7808	NGA	NIGERIA	NGA								AGR	FARMER						AGR			1	020	020	02	1	3.0	6	1	6	3.8152610441767	4	Bauchi, Bauchi, Nigeria	NI	NI46	22661	10.3134	9.84327	-2002330	4	Bauchi, Bauchi, Nigeria	NI	NI46	22661	10.3134	9.84327	-2002330	4	Bauchi, Bauchi, Nigeria	NI	NI46	22661	10.3134	9.84327	-2002330	20241015021500	https://punchng.com/bauchi-rice-farmers-urged-to-adopt-dry-season-techniques/
1204116142	20241015	202410	2024	2024.7808	NGA	NIGERIA	NGA								CVL	RESIDENTS						CVL			0	020	020	02	1	3.0	2	1	2	0	4	Maiduguri, Borno, Nigeria	NI	NI27	191040	11.8464	13.1603	-2018369	4	Maiduguri, Borno, Nigeria	NI	NI27	191040	11.8464	13.1603	-2018369	4	Maiduguri, Borno, Nigeria	NI	NI27	191040	11.8464	13.1603	-2018369	20241015021500	https://punchng.com/borno-receives-600000-cholera-vaccines-from-unicef-others/
1204116143	20241015	202410	2024	2024.7808	NGA	NIGERIA	NGA								CVL	COMMUNITY						CVL			0	042	042	04	1	1.9	2	1	2	-2.29153405474221	5	Niger State, Niger, Nigeria	NI	NI31	22950	10	6	-2020892	5	Niger State, Niger, Nigeria	NI	NI31	22950	10	6	-2020892	5	Niger State, Niger, Nigeria	NI	NI31	22950	10	6	-2020892	20241015021500	https://punchng.com/boat-accident-abdulrazaq-supports-victims-families-with-n100m/
1204116144	20241015	202410	2024	2024.7808	NGA	NIGERIA	NGA								CVL	COMMUNITY						CVL			0	051	051	05	1	3.4	2	1	2	-2.29153405474221	5	Niger State, Niger, Nigeria	NI	NI31	22950	10	6	-2020892	5	Niger State, Niger, Nigeria	NI	NI31	22950	10	6	-2020892	5	Niger State, Niger, Nigeria	NI	NI31	22950	10	6	-2020892	20241015021500	https://punchng.com/boat-accident-abdulrazaq-supports-victims-families-with-n100m/
1204116145	20241015	202410	2024	2024.7808	NGA	ABUJA	NGA								EDU	PUPIL						EDU			1	046	046	04	1	7.0	10	1	10	2.14285714285714	4	Abuja, Abuja Federal Capital Territory, Nigeria	NI	NI11	191147	9.08333	7.53333	-1997013	4	Abuja, Abuja Federal Capital Territory, Nigeria	NI	NI11	191147	9.08333	7.53333	-1997013	4	Abuja, Abuja Federal Capital Territory, Nigeria	NI	NI11	191147	9.08333	7.53333	-1997013	20241015021500	https://punchng.com/fg-okays-plumbing-hairstyling-others-in-basic-school-curriculum/
1204116146	20241015	202410	2024	2024.7808	NGA	NIGERIA	NGA								EDU	STUDENT						EDU			0	051	051	05	1	3.4	2	1	2	4.72727272727273	4	Keffi, Jigawa, Nigeria	NI	NI39	191018	12.2744	8.96828	-2015594	4	Keffi, Jigawa, Nigeria	NI	NI39	191018	12.2744	8.96828	-2015594	4	Keffi, Jigawa, Nigeria	NI	NI39	191018	12.2744	8.96828	-2015594	20241015021500	https://punchng.com/vc-tasks-nasarawa-youths-on-skills-acquisition/
1204116147	20241015	202410	2024	2024.7808	NGA	NIGERIA	NGA								GOV	GOVERNMENT						GOV			1	080	080	08	2	5.0	2	1	2	-0.71428571428571	4	Abuja, Abuja Federal Capital Territory, Nigeria	NI	NI11	191147	9.08333	7.53333	-1997013	4	Abuja, Abuja Federal Capital Territory, Nigeria	NI	NI11	191147	9.08333	7.53333	-1997013	4	Abuja, Abuja Federal Capital Territory, Nigeria	NI	NI11	191147	9.08333	7.53333	-1997013	20241015021500	https://punchng.com/asuu-ultimatum-expires-as-fg-inaugurates-4th-negotiation-committee/
1204116148	20241015	202410	2024	2024.7808	NGA	LAGOS	NGA								IGOUNOKID	UNICEF		UNO				IGO			1	110	110	11	3	-2.0	10	1	10	0	5	Borno State, Borno, Nigeria	NI	NI27	191073	11.5	13	-2003010	5	Borno State, Borno, Nigeria	NI	NI27	191073	11.5	13	-2003010	5	Borno State, Borno, Nigeria	NI	NI27	191073	11.5	13	-2003010	20241015021500	https://punchng.com/borno-receives-600000-cholera-vaccines-from-unicef-others/
1204116149	20241015	202410	2024	2024.7808	NGA	NIGERIA	NGA								MED	CORRESPONDENT						MED			1	013	013	01	1	0.4	6	1	6	-1.71037628278221	4	Port Harcourt, Rivers, Nigeria	NI	NI50	191389	4.78917	6.99861	-2025046	4	Port Harcourt, Rivers, Nigeria	NI	NI50	191389	4.78917	6.99861	-2025046	4	Port Harcourt, Rivers, Nigeria	NI	NI50	191389	4.78917	6.99861	-2025046	20241015021500	https://punchng.com/nnpc-sells-pms-to-ipman-at-n995-litre/
1204116150	20241015	202410	2024	2024.7808	NGA	NIGERIA	NGA								NERCVL	NIGER	NER					CVL			0	043	043	04	1	2.8	2	1	2	-2.29153405474221	5	Niger State, Niger, Nigeria	NI	NI31	22950	10	6	-2020892	5	Niger State, Niger, Nigeria	NI	NI31	22950	10	6	-2020892	5	Niger State, Niger, Nigeria	NI	NI31	22950	10	6	-2020892	20241015021500	https://punchng.com/boat-accident-abdulrazaq-supports-victims-families-with-n100m/
1204116151	20241015	202410	2024	2024.7808	NGA	NIGERIA	NGA								NGACVL	NIGERIA	NGA					CVL			0	010	010	01	1	0.0	1	1	1	-2.29153405474221	4	Gbajigbo, Nigeria (general), Nigeria	NI	NI00	191185	8.01667	3.83333	-2008303	4	Gbajigbo, Nigeria (general), Nigeria	NI	NI00	191185	8.01667	3.83333	-2008303	5	Kwara State, Kwara, Nigeria	NI	NI30	191411	8.5	5	-2017029	20241015021500	https://punchng.com/boat-accident-abdulrazaq-supports-victims-families-with-n100m/
1204116152	20241015	202410	2024	2024.7808	NGA	NIGERIA	NGA								NGACVL	NIGERIA	NGA					CVL			0	010	010	01	1	0.0	1	1	1	-2.29153405474221	4	Gbajigbo, Nigeria (general), Nigeria	NI	NI00	191185	8.01667	3.83333	-2008303	5	Kwara State, Kwara, Nigeria	NI	NI30	191411	8.5	5	-2017029	5	Kwara State, Kwara, Nigeria	NI	NI30	191411	8.5	5	-2017029	20241015021500	https://punchng.com/boat-accident-abdulrazaq-supports-victims-families-with-n100m/
1204116153	20241015	202410	2024	2024.7808	NGA	NIGERIA	NGA								NGACVL	NIGERIA	NGA					CVL			0	042	042	04	1	1.9	1	1	1	-2.29153405474221	4	Gbajigbo, Nigeria (general), Nigeria	NI	NI00	191185	8.01667	3.83333	-2008303	4	Gbajigbo, Nigeria (general), Nigeria	NI	NI00	191185	8.01667	3.83333	-2008303	4	Gbajigbo, Nigeria (general), Nigeria	NI	NI00	191185	8.01667	3.83333	-2008303	20241015021500	https://punchng.com/boat-accident-abdulrazaq-supports-victims-families-with-n100m/
1204116154	20241015	202410	2024	2024.7808	NGA	NIGERIA	NGA								NGACVL	NIGERIA	NGA					CVL			0	042	042	04	1	1.9	2	1	2	-2.29153405474221	4	Gbajigbo, Nigeria (general), Nigeria	NI	NI00	191185	8.01667	3.83333	-2008303	5	Kwara State, Kwara, Nigeria	NI	NI30	191411	8.5	5	-2017029	4	Gbajigbo, Nigeria (general), Nigeria	NI	NI00	191185	8.01667	3.83333	-2008303	20241015021500	https://punchng.com/boat-accident-abdulrazaq-supports-victims-families-with-n100m/
1204116155	20241015	202410	2024	2024.7808	NGA	NIGERIA	NGA								NGACVL	NIGERIA	NGA					CVL			1	051	051	05	1	3.4	1	1	1	-2.29153405474221	5	Kwara State, Kwara, Nigeria	NI	NI30	191411	8.5	5	-2017029	4	Gbajigbo, Nigeria (general), Nigeria	NI	NI00	191185	8.01667	3.83333	-2008303	5	Kwara State, Kwara, Nigeria	NI	NI30	191411	8.5	5	-2017029	20241015021500	https://punchng.com/boat-accident-abdulrazaq-supports-victims-families-with-n100m/
1204116156	20241015	202410	2024	2024.7808	NGA	NIGERIA	NGA								NGACVL	NIGERIA	NGA					CVL			1	051	051	05	1	3.4	2	1	2	-2.29153405474221	4	Arewa, Oyo, Nigeria	NI	NI32	191213	7.53333	3.80472	387630	4	Gbajigbo, Nigeria (general), Nigeria	NI	NI00	191185	8.01667	3.83333	-2008303	4	Arewa, Oyo, Nigeria	NI	NI32	191213	7.53333	3.80472	387630	20241015021500	https://punchng.com/boat-accident-abdulrazaq-supports-victims-families-with-n100m/
1204116157	20241015	202410	2024	2024.7808	NGA	NIGERIA	NGA								NGALEG	NIGERIA	NGA					LEG			0	010	010	01	1	0.0	2	1	2	-2.29153405474221	4	Kwara, Zamfara, Nigeria	NI	NI57	191424	12.3337	6.28493	-2017020	4	Kwara, Zamfara, Nigeria	NI	NI57	191424	12.3337	6.28493	-2017020	4	Kwara, Zamfara, Nigeria	NI	NI57	191424	12.3337	6.28493	-2017020	20241015021500	https://punchng.com/boat-accident-abdulrazaq-supports-victims-families-with-n100m/
1204116158	20241015	202410	2024	2024.7808	NGA	NIGERIA	NGA								NGALEG	NIGERIA	NGA					LEG			0	010	010	01	1	0.0	2	1	2	-2.29153405474221	4	Kwara, Zamfara, Nigeria	NI	NI57	191424	12.3337	6.28493	-2017020	5	Kwara State, Kwara, Nigeria	NI	NI30	191411	8.5	5	-2017029	5	Kwara State, Kwara, Nigeria	NI	NI30	191411	8.5	5	-2017029	20241015021500	https://punchng.com/boat-accident-abdulrazaq-supports-victims-families-with-n100m/
1204116159	20241015	202410	2024	2024.7808	NGACVL	NIGERIA	NGA					CVL			CVL	COMMUNITY						CVL			0	042	042	04	1	1.9	2	1	2	-2.29153405474221	5	Niger State, Niger, Nigeria	NI	NI31	22950	10	6	-2020892	5	Niger State, Niger, Nigeria	NI	NI31	22950	10	6	-2020892	5	Niger State, Niger, Nigeria	NI	NI31	22950	10	6	-2020892	20241015021500	https://punchng.com/boat-accident-abdulrazaq-supports-victims-families-with-n100m/
1204116160	20241015	202410	2024	2024.7808	NGACVL	NIGERIA	NGA					CVL			CVL	COMMUNITY						CVL			0	051	051	05	1	3.4	2	1	2	-2.29153405474221	5	Niger State, Niger, Nigeria	NI	NI31	22950	10	6	-2020892	5	Niger State, Niger, Nigeria	NI	NI31	22950	10	6	-2020892	5	Niger State, Niger, Nigeria	NI	NI31	22950	10	6	-2020892	20241015021500	https://punchng.com/boat-accident-abdulrazaq-supports-victims-families-with-n100m/
1204116161	20241015	202410	2024	2024.7808	NGAGOV	NIGERIA	NGA					GOV			IGOUNOKID	UNICEF		UNO				IGO			1	051	051	05	1	3.4	4	1	4	0	5	Borno State, Borno, Nigeria	NI	NI27	191073	11.5	13	-2003010	5	Borno State, Borno, Nigeria	NI	NI27	191073	11.5	13	-2003010	5	Borno State, Borno, Nigeria	NI	NI27	191073	11.5	13	-2003010	20241015021500	https://punchng.com/borno-receives-600000-cholera-vaccines-from-unicef-others/
1204116162	20241015	202410	2024	2024.7808	NGAGOV	NIGERIA	NGA					GOV			NGACVL	NIGERIA	NGA					CVL			1	051	051	05	1	3.4	4	1	4	-2.29153405474221	4	Gbajigbo, Nigeria (general), Nigeria	NI	NI00	191185	8.01667	3.83333	-2008303	4	Gbajigbo, Nigeria (general), Nigeria	NI	NI00	191185	8.01667	3.83333	-2008303	4	Arewa, Oyo, Nigeria	NI	NI32	191213	7.53333	3.80472	387630	20241015021500	https://punchng.com/boat-accident-abdulrazaq-supports-victims-families-with-n100m/
1204116163	20241015	202410	2024	2024.7808	NGAGOV	NIGERIA	NGA					GOV			NGACVL	NIGERIA	NGA					CVL			1	051	051	05	1	3.4	1	1	1	-2.29153405474221	5	Kwara State, Kwara, Nigeria	NI	NI30	191411	8.5	5	-2017029	4	Gbajigbo, Nigeria (general), Nigeria	NI	NI00	191185	8.01667	3.83333	-2008303	4	Gbajigbo, Nigeria (general), Nigeria	NI	NI00	191185	8.01667	3.83333	-2008303	20241015021500	https://punchng.com/boat-accident-abdulrazaq-supports-victims-families-with-n100m/
1204116164	20241015	202410	2024	2024.7808	NGAJUD	LAGOS	NGA					JUD			NGA	NIGERIA	NGA								1	173	173	17	4	-5.0	4	1	4	-2.79823269513991	4	Lagos, Lagos, Nigeria	NI	NI05	191416	6.45306	3.39583	-2017355	4	Lagos, Lagos, Nigeria	NI	NI05	191416	6.45306	3.39583	-2017355	4	Lagos, Lagos, Nigeria	NI	NI05	191416	6.45306	3.39583	-2017355	20241015021500	https://punchng.com/bobrisky-reps-to-visit-efcc-prison-oct-21/
1204116165	20241015	202410	2024	2024.7808	NGALEG	NIGERIA	NGA					LEG													0	010	010	01	1	0.0	4	1	4	-2.29153405474221	4	Kwara, Zamfara, Nigeria	NI	NI57	191424	12.3337	6.28493	-2017020	0								4	Kwara, Zamfara, Nigeria	NI	NI57	191424	12.3337	6.28493	-2017020	20241015021500	https://punchng.com/boat-accident-abdulrazaq-supports-victims-families-with-n100m/
1204116166	20241015	202410	2024	2024.7808	NGALEG	NIGERIA	NGA					LEG			NGA	NIGERIA	NGA								0	010	010	01	1	0.0	1	1	1	-2.29153405474221	5	Kwara State, Kwara, Nigeria	NI	NI30	191411	8.5	5	-2017029	5	Kwara State, Kwara, Nigeria	NI	NI30	191411	8.5	5	-2017029	5	Kwara State, Kwara, Nigeria	NI	NI30	191411	8.5	5	-2017029	20241015021500	https://punchng.com/boat-accident-abdulrazaq-supports-victims-families-with-n100m/
1204116167	20241015	202410	2024	2024.7808	NGALEG	NIGERIA	NGA					LEG			NGACVL	NIGERIA	NGA					CVL			0	010	010	01	1	0.0	2	1	2	-2.29153405474221	5	Kwara State, Kwara, Nigeria	NI	NI30	191411	8.5	5	-2017029	4	Gbajigbo, Nigeria (general), Nigeria	NI	NI00	191185	8.01667	3.83333	-2008303	4	Gbajigbo, Nigeria (general), Nigeria	NI	NI00	191185	8.01667	3.83333	-2008303	20241015021500	https://punchng.com/boat-accident-abdulrazaq-supports-victims-families-with-n100m/
1204116168	20241015	202410	2024	2024.7808	NGALEG	NIGERIA	NGA					LEG			NGACVL	NIGERIA	NGA					CVL			0	042	042	04	1	1.9	1	1	1	-2.29153405474221	5	Kwara State, Kwara, Nigeria	NI	NI30	191411	8.5	5	-2017029	4	Gbajigbo, Nigeria (general), Nigeria	NI	NI00	191185	8.01667	3.83333	-2008303	4	Gbajigbo, Nigeria (general), Nigeria	NI	NI00	191185	8.01667	3.83333	-2008303	20241015021500	https://punchng.com/boat-accident-abdulrazaq-supports-victims-families-with-n100m/
1204116169	20241015	202410	2024	2024.7808	NGALEG	NIGERIA	NGA					LEG			NGACVL	NIGERIA	NGA					CVL			0	042	042	04	1	1.9	2	1	2	-2.29153405474221	5	Kwara State, Kwara, Nigeria	NI	NI30	191411	8.5	5	-2017029	4	Gbajigbo, Nigeria (general), Nigeria	NI	NI00	191185	8.01667	3.83333	-2008303	5	Kwara State, Kwara, Nigeria	NI	NI30	191411	8.5	5	-2017029	20241015021500	https://punchng.com/boat-accident-abdulrazaq-supports-victims-families-with-n100m/
1204116170	20241015	202410	2024	2024.7808	NGOHLHIRC	RED CROSS		IRC				NGO	HLH		USA	AMERICAN	USA								1	036	036	03	1	4.0	10	1	10	3.07017543859649	0								0								0								20241015021500	https://www.wthitv.com/news/american-red-cross-to-host-disaster-response-boot-camp-to-attract-much-needed-volunteers/article_225eb0b0-8a66-11ef-8465-4f58b9ff4037.html
1204116171	20241015	202410	2024	2024.7808	NGOHLHIRC	RED CROSS		IRC				NGO	HLH		USA	AMERICAN	USA								1	042	042	04	1	1.9	10	1	10	3.07017543859649	0								0								0								20241015021500	https://www.wthitv.com/news/american-red-cross-to-host-disaster-response-boot-camp-to-attract-much-needed-volunteers/article_225eb0b0-8a66-11ef-8465-4f58b9ff4037.html
1204116172	20241015	202410	2024	2024.7808	NLD	NETHERLANDS	NLD																		1	051	051	05	1	3.4	1	1	1	2.25563909774436	4	Groningen, Groningen, Netherlands	NL	NL04	22370	53.2167	6.55	-2145032	0								4	Groningen, Groningen, Netherlands	NL	NL04	22370	53.2167	6.55	-2145032	20241015021500	https://people.com/bruce-springsteen-was-called-springstein-as-recently-as-month-ago-8727825
1204116173	20241015	202410	2024	2024.7808	NLD	NETHERLANDS	NLD																		1	051	051	05	1	3.4	1	1	1	2.25563909774436	2	New Jersey, United States	US	USNJ		40.314	-74.5089	NJ	0								2	New Jersey, United States	US	USNJ		40.314	-74.5089	NJ	20241015021500	https://people.com/bruce-springsteen-was-called-springstein-as-recently-as-month-ago-8727825
1204116174	20241015	202410	2024	2024.7808	NLD	NETHERLANDS	NLD								USA	NEW YORK	USA								1	042	042	04	1	1.9	1	1	1	2.25563909774436	4	Groningen, Groningen, Netherlands	NL	NL04	22370	53.2167	6.55	-2145032	2	New Jersey, United States	US	USNJ		40.314	-74.5089	NJ	4	Groningen, Groningen, Netherlands	NL	NL04	22370	53.2167	6.55	-2145032	20241015021500	https://people.com/bruce-springsteen-was-called-springstein-as-recently-as-month-ago-8727825
1204116175	20241015	202410	2024	2024.7808	NLD	NETHERLANDS	NLD								USA	NEW YORK	USA								1	042	042	04	1	1.9	1	1	1	2.25563909774436	4	Groningen, Groningen, Netherlands	NL	NL04	22370	53.2167	6.55	-2145032	2	New Jersey, United States	US	USNJ		40.314	-74.5089	NJ	2	New Jersey, United States	US	USNJ		40.314	-74.5089	NJ	20241015021500	https://people.com/bruce-springsteen-was-called-springstein-as-recently-as-month-ago-8727825
1204116176	20241015	202410	2024	2024.7808	NPL	GORKHA	NPL								GOV	SECRETARIAT						GOV			1	020	020	02	1	3.0	10	1	10	-1.34099616858237	1	United Kingdom	UK	UK		54	-4	UK	1	United Kingdom	UK	UK		54	-4	UK	1	United Kingdom	UK	UK		54	-4	UK	20241015021500	https://morungexpress.com/nagaland-gorkha-association-seeks-recognition-in-riin
1204116177	20241015	202410	2024	2024.7808	NPL	GORKHA	NPL								nag	NAGA			nag						1	062	062	06	2	7.4	10	1	10	-1.34099616858237	1	United Kingdom	UK	UK		54	-4	UK	1	United Kingdom	UK	UK		54	-4	UK	1	United Kingdom	UK	UK		54	-4	UK	20241015021500	https://morungexpress.com/nagaland-gorkha-association-seeks-recognition-in-riin
1204116178	20241015	202410	2024	2024.7808	NPLCVL	GORKHA	NPL					CVL													0	070	070	07	2	7.0	10	1	10	-1.34099616858237	1	United Kingdom	UK	UK		54	-4	UK	0								1	United Kingdom	UK	UK		54	-4	UK	20241015021500	https://morungexpress.com/nagaland-gorkha-association-seeks-recognition-in-riin
1204116179	20241015	202410	2024	2024.7808	NRMWLN060	NARCOTICS ANONYMOUS				NRM															1	046	046	04	1	7.0	4	1	4	2.97029702970297	3	Elk City, Oklahoma, United States	US	USOK	OK009	35.412	-99.4043	1092527	0								3	Elk City, Oklahoma, United States	US	USOK		35.412	-99.4043	1092527	20241015021500	https://www.kecofm.com/event/narcotics-anonymous-meetings/2024-10-16/
1204116180	20241015	202410	2024	2024.7808	NRMWLN060	NARCOTICS ANONYMOUS				NRM					USA	UNITED STATES	USA								1	046	046	04	1	7.0	6	1	6	2.97029702970297	3	Elk City, Oklahoma, United States	US	USOK	OK009	35.412	-99.4043	1092527	3	Elk City, Oklahoma, United States	US	USOK		35.412	-99.4043	1092527	3	Elk City, Oklahoma, United States	US	USOK		35.412	-99.4043	1092527	20241015021500	https://www.kecofm.com/event/narcotics-anonymous-meetings/2024-10-16/
1204116181	20241015	202410	2024	2024.7808	NZL	TARANAKI	NZL																		0	012	012	01	1	-0.4	5	1	5	3.03030303030303	0								0								0								20241015021500	https://www.odt.co.nz/news/national/climber-survives-250m-fall-five-rescued-mountain
1204116182	20241015	202410	2024	2024.7808	NZL	TARANAKI	NZL																		0	020	020	02	1	3.0	10	1	10	3.03030303030303	0								0								0								20241015021500	https://www.odt.co.nz/news/national/climber-survives-250m-fall-five-rescued-mountain
1204116183	20241015	202410	2024	2024.7808	NZL	NEW ZEALAND	NZL																		1	020	020	02	1	3.0	1	1	1	-2.49003984063745	4	South Island, New Zealand (general), New Zealand	NZ	NZ00	22392	-43	171	-1518317	0								4	South Island, New Zealand (general), New Zealand	NZ	NZ00	22392	-43	171	-1518317	20241015021500	https://www.odt.co.nz/opinion/letters-editor-project-kea-and-patronising-mps
1204116184	20241015	202410	2024	2024.7808	NZL	NEW ZEALAND	NZL																		1	020	020	02	1	3.0	4	1	4	-4.10628019323672	5	Auckland, Auckland, New Zealand	NZ	NZE7	22379	-36.75	174.583	11483124	0								5	Auckland, Auckland, New Zealand	NZ	NZE7	22379	-36.75	174.583	11483124	20241015021500	https://www.rnz.co.nz/news/national/530823/burglar-breaks-into-refugee-neighbour-s-unit-sells-almost-everything-in-it
1204116185	20241015	202410	2024	2024.7808	NZL	NEW ZEALAND	NZL																		1	020	020	02	1	3.0	5	1	5	-2.49003984063745	1	Israel	IS	IS		31.5	34.75	IS	0								1	Israel	IS	IS		31.5	34.75	IS	20241015021500	https://www.odt.co.nz/opinion/letters-editor-project-kea-and-patronising-mps
1204116186	20241015	202410	2024	2024.7808	NZL	NEWZEALAND	NZL																		0	043	043	04	1	2.8	5	1	5	1.96078431372549	4	Bangkok, Krung Thep Mahanakhon, Thailand	TH	TH40	26423	13.75	100.517	-3250083	0								4	Bangkok, Krung Thep Mahanakhon, Thailand	TH	TH40	26423	13.75	100.517	-3250083	20241015021500	https://www.philippinetimes.com/news/274708648/foreign-minister-to-visit-thailand-attend-indonesian-presidential-inauguration
1204116187	20241015	202410	2024	2024.7808	NZL	TARANAKI	NZL																		1	060	060	06	2	6.0	10	1	10	3.03030303030303	0								0								0								20241015021500	https://www.odt.co.nz/news/national/climber-survives-250m-fall-five-rescued-mountain
1204116188	20241015	202410	2024	2024.7808	NZL	NEW ZEALAND	NZL																		1	084	084	08	2	7.0	4	1	4	-4.10628019323672	5	Auckland, Auckland, New Zealand	NZ	NZE7	22379	-36.75	174.583	11483124	0								5	Auckland, Auckland, New Zealand	NZ	NZE7	22379	-36.75	174.583	11483124	20241015021500	https://www.rnz.co.nz/news/national/530823/burglar-breaks-into-refugee-neighbour-s-unit-sells-almost-everything-in-it
1204116189	20241015	202410	2024	2024.7808	NZL	NEW ZEALAND	NZL																		1	120	120	12	3	-4.0	4	1	4	-4.10628019323672	5	Auckland, Auckland, New Zealand	NZ	NZE7	22379	-36.75	174.583	11483124	0								5	Auckland, Auckland, New Zealand	NZ	NZE7	22379	-36.75	174.583	11483124	20241015021500	https://www.rnz.co.nz/news/national/530823/burglar-breaks-into-refugee-neighbour-s-unit-sells-almost-everything-in-it
1204116190	20241015	202410	2024	2024.7808	NZL	NEW ZEALAND	NZL																		1	173	173	17	4	-5.0	2	1	2	-4.10628019323672	5	Auckland, Auckland, New Zealand	NZ	NZE7	22379	-36.75	174.583	11483124	0								5	Auckland, Auckland, New Zealand	NZ	NZE7	22379	-36.75	174.583	11483124	20241015021500	https://www.rnz.co.nz/news/national/530823/burglar-breaks-into-refugee-neighbour-s-unit-sells-almost-everything-in-it
1204116191	20241015	202410	2024	2024.7808	NZL	NEW ZEALAND	NZL								GOV	GOVERNMENT						GOV			0	012	012	01	1	-0.4	2	1	2	-2.49003984063745	4	South Island, New Zealand (general), New Zealand	NZ	NZ00	22392	-43	171	-1518317	4	South Island, New Zealand (general), New Zealand	NZ	NZ00	22392	-43	171	-1518317	4	South Island, New Zealand (general), New Zealand	NZ	NZ00	22392	-43	171	-1518317	20241015021500	https://www.odt.co.nz/opinion/letters-editor-project-kea-and-patronising-mps
1204116192	20241015	202410	2024	2024.7808	NZL	NEW ZEALAND	NZL								GOV	CHIEF EXECUTIVE						GOV			1	012	012	01	1	-0.4	2	1	2	-2.71493212669683	4	Waipounamu, New Zealand (general), New Zealand	NZ	NZ00	22391	-45.85	168.767	-1520890	4	Waipounamu, New Zealand (general), New Zealand	NZ	NZ00	22391	-45.85	168.767	-1520890	4	Waipounamu, New Zealand (general), New Zealand	NZ	NZ00	22391	-45.85	168.767	-1520890	20241015021500	https://www.odt.co.nz/news/national/hospital-workers-exposed-toxic-fumes
1204116193	20241015	202410	2024	2024.7808	NZL	NEW ZEALAND	NZL								JUD	HIGH COURT						JUD			1	025	025	02	1	-0.3	4	1	4	-4.10628019323672	5	Auckland, Auckland, New Zealand	NZ	NZE7	22379	-36.75	174.583	11483124	5	Auckland, Auckland, New Zealand	NZ	NZE7	22379	-36.75	174.583	11483124	5	Auckland, Auckland, New Zealand	NZ	NZE7	22379	-36.75	174.583	11483124	20241015021500	https://www.rnz.co.nz/news/national/530823/burglar-breaks-into-refugee-neighbour-s-unit-sells-almost-everything-in-it
1204116194	20241015	202410	2024	2024.7808	NZLBUS	NEWZEALAND	NZL					BUS			THA	THAILAND	THA								0	036	036	03	1	4.0	10	1	10	1.96078431372549	4	Bangkok, Krung Thep Mahanakhon, Thailand	TH	TH40	26423	13.75	100.517	-3250083	4	Bangkok, Krung Thep Mahanakhon, Thailand	TH	TH40	26423	13.75	100.517	-3250083	4	Bangkok, Krung Thep Mahanakhon, Thailand	TH	TH40	26423	13.75	100.517	-3250083	20241015021500	https://www.philippinetimes.com/news/274708648/foreign-minister-to-visit-thailand-attend-indonesian-presidential-inauguration
1204116195	20241015	202410	2024	2024.7808	NZLGOV	NEW ZEALAND	NZL					GOV			UKR	UKRAINE	UKR								0	072	072	07	2	8.3	2	1	2	-2.49003984063745	4	Waimate, New Zealand (general), New Zealand	NZ	NZ00	22390	-40.5333	176.483	-1520692	1	Russia	RS	RS		60	100	RS	4	Waimate, New Zealand (general), New Zealand	NZ	NZ00	22390	-40.5333	176.483	-1520692	20241015021500	https://www.odt.co.nz/opinion/letters-editor-project-kea-and-patronising-mps
1204116196	20241015	202410	2024	2024.7808	NZLGOV	NEW ZEALAND	NZL					GOV			UKR	UKRAINE	UKR								0	072	072	07	2	8.3	2	1	2	-2.49003984063745	4	Waimate, New Zealand (general), New Zealand	NZ	NZ00	22390	-40.5333	176.483	-1520692	1	Ukraine	UP	UP		49	32	UP	4	Waimate, New Zealand (general), New Zealand	NZ	NZ00	22390	-40.5333	176.483	-1520692	20241015021500	https://www.odt.co.nz/opinion/letters-editor-project-kea-and-patronising-mps
1204116197	20241015	202410	2024	2024.7808	OMN	OMAN	OMN																		0	017	017	01	1	0.0	8	2	8	7.92930895246885	1	Oman	MU	MU		21	57	MU	0								1	Oman	MU	MU		21	57	MU	20241015021500	https://www.hotelnewsresource.com/article133628.html
1204116198	20241015	202410	2024	2024.7808	OMN	MUSCAT	OMN																		1	030	030	03	1	4.0	6	1	6	8.75634517766497	4	Bangkok, Krung Thep Mahanakhon, Thailand	TH	TH40	26423	13.75	100.517	-3250083	0								4	Bangkok, Krung Thep Mahanakhon, Thailand	TH	TH40	26423	13.75	100.517	-3250083	20241015021500	https://menafn.com/1108777474/Mercure-Debuts-In-The-Heart-Of-Muscat-Offering-A-Gateway-To-Omani-Hospitality
1204116199	20241015	202410	2024	2024.7808	OMN	OMAN	OMN																		1	030	030	03	1	4.0	6	1	4	8.75634517766497	1	Oman	MU	MU		21	57	MU	0								1	Oman	MU	MU		21	57	MU	20241015021500	https://menafn.com/1108777474/Mercure-Debuts-In-The-Heart-Of-Muscat-Offering-A-Gateway-To-Omani-Hospitality
1204116200	20241015	202410	2024	2024.7808	OMN	OMAN	OMN																		0	042	042	04	1	1.9	2	1	2	8.75634517766497	1	Oman	MU	MU		21	57	MU	0								1	Oman	MU	MU		21	57	MU	20241015021500	https://menafn.com/1108777474/Mercure-Debuts-In-The-Heart-Of-Muscat-Offering-A-Gateway-To-Omani-Hospitality
1204116201	20241015	202410	2024	2024.7808	OMN	MUSCAT	OMN																		1	111	111	11	3	-2.0	24	2	14	7.51579083987079	1	Oman	MU	MU		21	57	MU	0								1	Oman	MU	MU		21	57	MU	20241015021500	https://www.hotelnewsresource.com/article133628.html
1204116202	20241015	202410	2024	2024.7808	OMN	OMAN	OMN								AFR	AFRICA	AFR								1	010	010	01	1	0.0	4	1	4	7.10227272727273	1	Oman	MU	MU		21	57	MU	1	Oman	MU	MU		21	57	MU	1	Oman	MU	MU		21	57	MU	20241015021500	https://www.hotelnewsresource.com/article133628.html
1204116203	20241015	202410	2024	2024.7808	OMN	MUSCAT	OMN								AFR	AFRICA	AFR								1	042	042	04	1	1.9	14	2	14	8.04745698463972	1	Oman	MU	MU		21	57	MU	1	Oman	MU	MU		21	57	MU	1	Oman	MU	MU		21	57	MU	20241015021500	https://www.hotelnewsresource.com/article133628.html
1204116204	20241015	202410	2024	2024.7808	OMN	OMAN	OMN								FRA	PARIS	FRA								0	051	051	05	1	3.4	2	1	2	8.75634517766497	1	Oman	MU	MU		21	57	MU	4	Paris, France (general), France	FR	FR00	16282	48.8667	2.33333	-1456928	1	Oman	MU	MU		21	57	MU	20241015021500	https://menafn.com/1108777474/Mercure-Debuts-In-The-Heart-Of-Muscat-Offering-A-Gateway-To-Omani-Hospitality
1204116205	20241015	202410	2024	2024.7808	OMN	OMAN	OMN								FRA	PARIS	FRA								0	051	051	05	1	3.4	1	1	1	8.75634517766497	1	Oman	MU	MU		21	57	MU	1	Oman	MU	MU		21	57	MU	1	Oman	MU	MU		21	57	MU	20241015021500	https://menafn.com/1108777474/Mercure-Debuts-In-The-Heart-Of-Muscat-Offering-A-Gateway-To-Omani-Hospitality
1204116206	20241015	202410	2024	2024.7808	OPP	POLITICAL PRISONER						OPP													0	040	040	04	1	1.0	2	1	2	-6.02526724975705	4	Minsk, Belarus (general), Belarus	BO	BO00	5840	53.9	27.5667	-1946324	0								4	Moscow, Moskva, Russia	RS	RS48	25106	55.7522	37.6156	-2960561	20241015021500	https://www.voanews.com/a/ailing-and-silenced-in-prison-belarus-activist-symbolizes-the-nation-s-repression/7822524.html
1204116207	20241015	202410	2024	2024.7808	OPP	POLITICAL PRISONER						OPP													0	040	040	04	1	1.0	3	1	3	-6.02526724975705	4	Moscow, Moskva, Russia	RS	RS48	25106	55.7522	37.6156	-2960561	0								4	Moscow, Moskva, Russia	RS	RS48	25106	55.7522	37.6156	-2960561	20241015021500	https://www.voanews.com/a/ailing-and-silenced-in-prison-belarus-activist-symbolizes-the-nation-s-repression/7822524.html
1204116208	20241015	202410	2024	2024.7808	OPP	PRISONER						OPP			IND	ASSAM	IND								1	190	190	19	4	-10.0	3	1	3	-7.57097791798108	4	Mumbai, Maharashtra, India	IN	IN16	70184	18.975	72.8258	-2092174	4	Mumbai, Maharashtra, India	IN	IN16	70184	18.975	72.8258	-2092174	4	Mumbai, Maharashtra, India	IN	IN16	70184	18.975	72.8258	-2092174	20241015021500	https://timesofindia.indiatimes.com/city/guwahati/dead-body-of-jailbreak-prisoner-discovered-in-assam-water-body/articleshow/114230622.cms
1204116209	20241015	202410	2024	2024.7808	OPP	PRISONER						OPP			IND	ASSAM	IND								1	190	190	19	4	-10.0	2	1	2	-7.57097791798108	4	Guwahati, Assam, India	IN	IN03	17583	26.1833	91.7333	-2096059	4	Guwahati, Assam, India	IN	IN03	17583	26.1833	91.7333	-2096059	4	Guwahati, Assam, India	IN	IN03	17583	26.1833	91.7333	-2096059	20241015021500	https://timesofindia.indiatimes.com/city/guwahati/dead-body-of-jailbreak-prisoner-discovered-in-assam-water-body/articleshow/114230622.cms
1204116210	20241015	202410	2024	2024.7808	OPPDEV	PRO DEMOCRACY GROUP						OPP	DEV												0	020	020	02	1	3.0	6	1	6	-2.83822138126774	4	Abuja, Abuja Federal Capital Territory, Nigeria	NI	NI11	191147	9.08333	7.53333	-1997013	0								4	Abuja, Abuja Federal Capital Territory, Nigeria	NI	NI11	191147	9.08333	7.53333	-1997013	20241015021500	https://punchng.com/apc-mocks-pdp-as-ighodalo-files-petition-at-edo-tribunal/
1204116211	20241015	202410	2024	2024.7808	OPPDEV	PRO DEMOCRACY GROUP						OPP	DEV												0	020	020	02	1	3.0	2	1	2	-2.83822138126774	1	Benin	BN	BN		9.5	2.25	BN	0								5	Edo State, Edo, Nigeria	NI	NI37	191281	6.5	6	29623	20241015021500	https://punchng.com/apc-mocks-pdp-as-ighodalo-files-petition-at-edo-tribunal/
1204116212	20241015	202410	2024	2024.7808	OPPDEV	PRO DEMOCRACY GROUP						OPP	DEV												0	020	020	02	1	3.0	2	1	2	-2.83822138126774	2	Ohio, United States	US	USOH		40.3736	-82.7755	OH	0								2	Ohio, United States	US	USOH		40.3736	-82.7755	OH	20241015021500	https://punchng.com/apc-mocks-pdp-as-ighodalo-files-petition-at-edo-tribunal/
1204116213	20241015	202410	2024	2024.7808	PHL	MANILA	PHL								GOV	SOLICITOR GENERAL						GOV			1	020	020	02	1	3.0	8	1	8	-2.28658536585365	4	Davao, Davao City, Philippines	RP	RPC3	24267	7.07306	125.613	-2424066	4	Davao, Davao City, Philippines	RP	RPC3	24267	7.07306	125.613	-2424066	4	Davao, Davao City, Philippines	RP	RPC3	24267	7.07306	125.613	-2424066	20241015021500	https://www.philstar.com/headlines/2024/10/15/2392689/solgen-drug-war-findings-should-go-doj-ombudsman-not-icc
1204116214	20241015	202410	2024	2024.7808	PHL	MANILA	PHL								PHLGOV	PHILIPPINE	PHL					GOV			1	020	020	02	1	3.0	2	1	2	-2.28658536585365	4	Leyte, Leyte, Philippines	RP	RP37	24258	11.3697	124.487	-2432700	4	Davao, Davao City, Philippines	RP	RPC3	24267	7.07306	125.613	-2424066	4	Davao, Davao City, Philippines	RP	RPC3	24267	7.07306	125.613	-2424066	20241015021500	https://www.philstar.com/headlines/2024/10/15/2392689/solgen-drug-war-findings-should-go-doj-ombudsman-not-icc
1204116215	20241015	202410	2024	2024.7808	PHL	PHILIPPINE	PHL								VNM	VIETNAM	VNM								1	012	012	01	1	-0.4	1	1	1	-6.08695652173913	1	Vietnam, Republic Of	VM	VM		16.166667	107.833333	VM	1	Vietnam, Republic Of	VM	VM		16.166667	107.833333	VM	1	Vietnam, Republic Of	VM	VM		16.166667	107.833333	VM	20241015021500	https://www.scmp.com/news/asia/southeast-asia/article/3282368/wetter-weather-expected-singapore-philippines-thailand-vietnam-la-nina-emerges
1204116216	20241015	202410	2024	2024.7808	PHLGOV	PHILIPPINE	PHL					GOV													0	020	020	02	1	3.0	2	1	2	-2.28658536585365	4	Leyte, Leyte, Philippines	RP	RP37	24258	11.3697	124.487	-2432700	0								4	Leyte, Leyte, Philippines	RP	RP37	24258	11.3697	124.487	-2432700	20241015021500	https://www.philstar.com/headlines/2024/10/15/2392689/solgen-drug-war-findings-should-go-doj-ombudsman-not-icc
1204116217	20241015	202410	2024	2024.7808	POL	POLAND	POL								CHN	CHINESE	CHN								1	043	043	04	1	2.8	4	1	4	0.91743119266055	1	Poland	PL	PL		52	20	PL	1	China	CH	CH		35	105	CH	1	Poland	PL	PL		52	20	PL	20241015021500	http://www.digitaljournal.com/business/evs-seek-to-regain-sales-momentum-at-paris-motor-show/article
1204116218	20241015	202410	2024	2024.7808	POL	POLAND	POL								CHNBUS	CHINESE	CHN					BUS			1	043	043	04	1	2.8	3	1	3	0.91743119266055	1	Poland	PL	PL		52	20	PL	1	China	CH	CH		35	105	CH	1	Poland	PL	PL		52	20	PL	20241015021500	http://www.digitaljournal.com/business/evs-seek-to-regain-sales-momentum-at-paris-motor-show/article
1204116219	20241015	202410	2024	2024.7808	PRK	NORTH KOREA	PRK								CVL	CITIZEN						CVL			1	072	072	07	2	8.3	11	1	10	-1.32325141776938	4	Pyongyang, P'yongyang-si, North Korea	KN	KN12	39681	39.0194	125.755	-183459	4	Pyongyang, P'yongyang-si, North Korea	KN	KN12	39681	39.0194	125.755	-183459	4	Pyongyang, P'yongyang-si, North Korea	KN	KN12	39681	39.0194	125.755	-183459	20241015021500	https://www.wthitv.com/north-korea-sending-citizens-to-help-russian-military-fight-ukraine-zelensky-says/article_9b68aa74-caea-5353-bb59-befed022f378.html
1204116220	20241015	202410	2024	2024.7808	PRK	NORTH KOREA	PRK								CVL	CITIZEN						CVL			1	072	072	07	2	8.3	1	1	1	-1.32325141776938	4	Pyongyang, P'yongyang-si, North Korea	KN	KN12	39681	39.0194	125.755	-183459	4	Moscow, Moskva, Russia	RS	RS48	25106	55.7522	37.6156	-2960561	4	Pyongyang, P'yongyang-si, North Korea	KN	KN12	39681	39.0194	125.755	-183459	20241015021500	https://www.wthitv.com/north-korea-sending-citizens-to-help-russian-military-fight-ukraine-zelensky-says/article_9b68aa74-caea-5353-bb59-befed022f378.html
1204116221	20241015	202410	2024	2024.7808	PRK	NORTH KOREA	PRK								MIL	MILITARY						MIL			1	130	130	13	3	-4.4	10	1	10	-1.64203612479475	4	Kaesong, Kaesong-si, North Korea	KN	KN08	24980	37.9708	126.554	-176879	4	Kaesong, Kaesong-si, North Korea	KN	KN08	24980	37.9708	126.554	-176879	4	Kaesong, Kaesong-si, North Korea	KN	KN08	24980	37.9708	126.554	-176879	20241015021500	https://www.catholicworldreport.com/2024/10/14/archbishop-warns-of-diminishing-hope-for-peace-as-north-korea-escalates-military-threats/
1204116222	20241015	202410	2024	2024.7808	PRK	NORTH KOREA	PRK								RUS	RUSSIA	RUS								1	012	012	01	1	-0.4	2	1	2	-1.32325141776938	4	Pyongyang, P'yongyang-si, North Korea	KN	KN12	39681	39.0194	125.755	-183459	4	Moscow, Moskva, Russia	RS	RS48	25106	55.7522	37.6156	-2960561	4	Kyiv, Kyyiv, Misto, Ukraine	UP	UP12	28554	50.4333	30.5167	-1044367	20241015021500	https://www.wthitv.com/north-korea-sending-citizens-to-help-russian-military-fight-ukraine-zelensky-says/article_9b68aa74-caea-5353-bb59-befed022f378.html
1204116223	20241015	202410	2024	2024.7808	PRK	PYONGYANG	PRK								RUS	MOSCOW	RUS								1	032	032	03	1	4.5	8	1	8	3.77358490566037	4	Pyongyang, P'yongyang-si, North Korea	KN	KN12	39681	39.0194	125.755	-183459	4	Moscow, Moskva, Russia	RS	RS48	25106	55.7522	37.6156	-2960561	4	Moscow, Moskva, Russia	RS	RS48	25106	55.7522	37.6156	-2960561	20241015021500	https://www.scmp.com/opinion/china-opinion/article/3281731/why-china-north-koreas-closest-comrade-not-russia
1204116224	20241015	202410	2024	2024.7808	PRK	NORTH KOREA	PRK								RUSMIL	RUSSIA	RUS					MIL			1	072	072	07	2	8.3	1	1	1	-1.32325141776938	4	Pyongyang, P'yongyang-si, North Korea	KN	KN12	39681	39.0194	125.755	-183459	4	Moscow, Moskva, Russia	RS	RS48	25106	55.7522	37.6156	-2960561	4	Pyongyang, P'yongyang-si, North Korea	KN	KN12	39681	39.0194	125.755	-183459	20241015021500	https://www.wthitv.com/north-korea-sending-citizens-to-help-russian-military-fight-ukraine-zelensky-says/article_9b68aa74-caea-5353-bb59-befed022f378.html
1204116225	20241015	202410	2024	2024.7808	PRK	NORTH KOREA	PRK								RUSMIL	RUSSIAN	RUS					MIL			1	072	072	07	2	8.3	7	1	7	-1.32325141776938	4	Pyongyang, P'yongyang-si, North Korea	KN	KN12	39681	39.0194	125.755	-183459	4	Moscow, Moskva, Russia	RS	RS48	25106	55.7522	37.6156	-2960561	4	Moscow, Moskva, Russia	RS	RS48	25106	55.7522	37.6156	-2960561	20241015021500	https://www.wthitv.com/north-korea-sending-citizens-to-help-russian-military-fight-ukraine-zelensky-says/article_9b68aa74-caea-5353-bb59-befed022f378.html
1204116226	20241015	202410	2024	2024.7808	PSE	WEST BANK	PSE																		1	120	120	12	3	-4.0	8	1	8	-3.49243306169965	4	Unrwa, West Bank (general), West Bank	WE	WE00	68767	31.8984	35.1773	11289236	0								4	Unrwa, West Bank (general), West Bank	WE	WE00	68767	31.8984	35.1773	11289236	20241015021500	https://www.jpost.com/opinion/article-824570
1204116227	20241015	202410	2024	2024.7808	PSE	PALESTINE	PSE								GOV	PRIME MINISTER						GOV			1	030	030	03	1	4.0	4	1	4	4.63709677419355	1	Israel	IS	IS		31.5	34.75	IS	1	Ukraine	UP	UP		49	32	UP	1	Israel	IS	IS		31.5	34.75	IS	20241015021500	https://www.pressenza.com/2024/10/third-world-march-for-peace-and-nonviolence-meeting-with-ambassador-of-india-to-the-un-in-new-york/
1204116228	20241015	202410	2024	2024.7808	PSE	PALESTINE	PSE								GOV	PRIME MINISTER						GOV			1	030	030	03	1	4.0	1	1	1	4.63709677419355	1	Ukraine	UP	UP		49	32	UP	1	Ukraine	UP	UP		49	32	UP	1	Ukraine	UP	UP		49	32	UP	20241015021500	https://www.pressenza.com/2024/10/third-world-march-for-peace-and-nonviolence-meeting-with-ambassador-of-india-to-the-un-in-new-york/
1204116229	20241015	202410	2024	2024.7808	PSE	PALESTINE	PSE								ISR	ISRAEL	ISR								1	030	030	03	1	4.0	4	1	4	4.63709677419355	1	Israel	IS	IS		31.5	34.75	IS	1	Israel	IS	IS		31.5	34.75	IS	1	Israel	IS	IS		31.5	34.75	IS	20241015021500	https://www.pressenza.com/2024/10/third-world-march-for-peace-and-nonviolence-meeting-with-ambassador-of-india-to-the-un-in-new-york/
1204116230	20241015	202410	2024	2024.7808	PSE	PALESTINE	PSE								ISR	ISRAEL	ISR								1	030	030	03	1	4.0	1	1	1	4.63709677419355	1	Ukraine	UP	UP		49	32	UP	1	Ukraine	UP	UP		49	32	UP	1	Ukraine	UP	UP		49	32	UP	20241015021500	https://www.pressenza.com/2024/10/third-world-march-for-peace-and-nonviolence-meeting-with-ambassador-of-india-to-the-un-in-new-york/
1204116231	20241015	202410	2024	2024.7808	PSE	PALESTINIAN	PSE								ISR	ISRAEL	ISR								1	070	070	07	2	7.0	2	1	2	-3.49243306169965	4	Jerusalem, Israel (general), Israel	IS	IS00	18315	31.7667	35.2333	-797092	4	Jerusalem, Israel (general), Israel	IS	IS00	18315	31.7667	35.2333	-797092	4	Jerusalem, Israel (general), Israel	IS	IS00	18315	31.7667	35.2333	-797092	20241015021500	https://www.jpost.com/opinion/article-824570
1204116232	20241015	202410	2024	2024.7808	PSE	PALESTINIAN	PSE								ISR	ISRAEL	ISR								0	110	110	11	3	-2.0	2	1	2	-3.49243306169965	4	Gaza, Israel (general), Israel	IS	IS00	18315	31.4167	34.3333	-797156	4	Gaza, Israel (general), Israel	IS	IS00	18315	31.4167	34.3333	-797156	4	Gaza, Israel (general), Israel	IS	IS00	18315	31.4167	34.3333	-797156	20241015021500	https://www.jpost.com/opinion/article-824570
1204116233	20241015	202410	2024	2024.7808	PSE	GAZA	PSE								ISR	ISRAEL	ISR								1	174	174	17	4	-5.0	6	1	6	-7.35294117647056	4	Gaza, Israel (general), Israel	IS	IS00	18315	31.4167	34.3333	-797156	4	Gaza, Israel (general), Israel	IS	IS00	18315	31.4167	34.3333	-797156	4	Gaza, Israel (general), Israel	IS	IS00	18315	31.4167	34.3333	-797156	20241015021500	https://www.torontotelegraph.com/news/274709273/israel-will-never-be-the-same-after-7-october
1204116234	20241015	202410	2024	2024.7808	PSE	PALESTINIAN	PSE								ISR	ISRAELI	ISR								1	192	192	19	4	-9.5	9	1	9	-2.81293952180028	4	Jerusalem, Israel (general), Israel	IS	IS00	18315	31.7667	35.2333	-797092	4	Jerusalem, Israel (general), Israel	IS	IS00	18315	31.7667	35.2333	-797092	4	Jerusalem, Israel (general), Israel	IS	IS00	18315	31.7667	35.2333	-797092	20241015021500	https://www.jpost.com/israel-news/2024-10-15/live-updates-824615
1204116235	20241015	202410	2024	2024.7808	PSE	PALESTINIAN	PSE								ISR	ISRAELI	ISR								1	192	192	19	4	-9.5	1	1	1	-2.81293952180028	4	Hezbollah, Kerman, Iran	IR	IR29	40994	29.8628	56.8848	10496676	5	Beqaa, Béa, Lebanon	LE	LE08	18792	33.6667	35.8333	-798017	5	Beqaa, Béa, Lebanon	LE	LE08	18792	33.6667	35.8333	-798017	20241015021500	https://www.jpost.com/israel-news/2024-10-15/live-updates-824615
1204116236	20241015	202410	2024	2024.7808	PSE	PALESTINIAN	PSE								ISRREF	ISRAEL	ISR					REF			1	070	070	07	2	7.0	2	1	2	-3.49243306169965	4	Jerusalem, Israel (general), Israel	IS	IS00	18315	31.7667	35.2333	-797092	4	Jerusalem, Israel (general), Israel	IS	IS00	18315	31.7667	35.2333	-797092	4	Jerusalem, Israel (general), Israel	IS	IS00	18315	31.7667	35.2333	-797092	20241015021500	https://www.jpost.com/opinion/article-824570
1204116237	20241015	202410	2024	2024.7808	PSE	PALESTINIAN	PSE								JOR	JORDAN	JOR								0	043	043	04	1	2.8	2	1	2	-3.49243306169965	4	Jerusalem, Israel (general), Israel	IS	IS00	18315	31.7667	35.2333	-797092	1	Jordan	JO	JO		31	36	JO	1	Jordan	JO	JO		31	36	JO	20241015021500	https://www.jpost.com/opinion/article-824570
1204116238	20241015	202410	2024	2024.7808	PSE	PALESTINIAN	PSE								JOR	JORDAN	JOR								0	043	043	04	1	2.8	2	1	2	-3.49243306169965	4	Unrwa, West Bank (general), West Bank	WE	WE00	68767	31.8984	35.1773	11289236	1	Syria	SY	SY		35	38	SY	1	Jordan	JO	JO		31	36	JO	20241015021500	https://www.jpost.com/opinion/article-824570
1204116239	20241015	202410	2024	2024.7808	PSE	PALESTINIAN	PSE								LBN	LEBANON	LBN								0	043	043	04	1	2.8	2	1	2	-3.49243306169965	4	Jerusalem, Israel (general), Israel	IS	IS00	18315	31.7667	35.2333	-797092	1	Lebanon	LE	LE		33.833333	35.833333	LE	1	Jordan	JO	JO		31	36	JO	20241015021500	https://www.jpost.com/opinion/article-824570
1204116240	20241015	202410	2024	2024.7808	PSE	PALESTINIAN	PSE								LBN	LEBANON	LBN								0	043	043	04	1	2.8	2	1	2	-3.49243306169965	4	Unrwa, West Bank (general), West Bank	WE	WE00	68767	31.8984	35.1773	11289236	4	Jerusalem, Israel (general), Israel	IS	IS00	18315	31.7667	35.2333	-797092	1	Jordan	JO	JO		31	36	JO	20241015021500	https://www.jpost.com/opinion/article-824570
1204116241	20241015	202410	2024	2024.7808	PSE	PALESTINIAN	PSE								SYRREF	SYRIA	SYR					REF			0	043	043	04	1	2.8	2	1	2	-3.49243306169965	4	Jerusalem, Israel (general), Israel	IS	IS00	18315	31.7667	35.2333	-797092	1	Syria	SY	SY		35	38	SY	1	Jordan	JO	JO		31	36	JO	20241015021500	https://www.jpost.com/opinion/article-824570
1204116242	20241015	202410	2024	2024.7808	PSE	PALESTINIAN	PSE								SYRREF	SYRIA	SYR					REF			0	043	043	04	1	2.8	2	1	2	-3.49243306169965	4	Unrwa, West Bank (general), West Bank	WE	WE00	68767	31.8984	35.1773	11289236	4	Jerusalem, Israel (general), Israel	IS	IS00	18315	31.7667	35.2333	-797092	1	Jordan	JO	JO		31	36	JO	20241015021500	https://www.jpost.com/opinion/article-824570
1204116243	20241015	202410	2024	2024.7808	PSELAB	WEST BANK	PSE					LAB													1	060	060	06	2	6.0	2	1	2	-3.49243306169965	4	Unrwa, West Bank (general), West Bank	WE	WE00	68767	31.8984	35.1773	11289236	0								4	Unrwa, West Bank (general), West Bank	WE	WE00	68767	31.8984	35.1773	11289236	20241015021500	https://www.jpost.com/opinion/article-824570
1204116244	20241015	202410	2024	2024.7808	PSELAB	WEST BANK	PSE					LAB			PSE	WEST BANK	PSE								1	051	051	05	1	3.4	4	1	4	-3.49243306169965	4	Unrwa, West Bank (general), West Bank	WE	WE00	68767	31.8984	35.1773	11289236	4	Unrwa, West Bank (general), West Bank	WE	WE00	68767	31.8984	35.1773	11289236	4	Unrwa, West Bank (general), West Bank	WE	WE00	68767	31.8984	35.1773	11289236	20241015021500	https://www.jpost.com/opinion/article-824570
1204116245	20241015	202410	2024	2024.7808	PSELAB	WEST BANK	PSE					LAB			PSE	WEST BANK	PSE								1	060	060	06	2	6.0	4	1	4	-3.49243306169965	4	Unrwa, West Bank (general), West Bank	WE	WE00	68767	31.8984	35.1773	11289236	4	Unrwa, West Bank (general), West Bank	WE	WE00	68767	31.8984	35.1773	11289236	4	Unrwa, West Bank (general), West Bank	WE	WE00	68767	31.8984	35.1773	11289236	20241015021500	https://www.jpost.com/opinion/article-824570
1204116246	20241015	202410	2024	2024.7808	PSELAB	WEST BANK	PSE					LAB			PSE	WEST BANK	PSE								1	162	162	16	4	-5.6	4	1	4	-3.49243306169965	4	Unrwa, West Bank (general), West Bank	WE	WE00	68767	31.8984	35.1773	11289236	4	Unrwa, West Bank (general), West Bank	WE	WE00	68767	31.8984	35.1773	11289236	4	Unrwa, West Bank (general), West Bank	WE	WE00	68767	31.8984	35.1773	11289236	20241015021500	https://www.jpost.com/opinion/article-824570
1204116247	20241015	202410	2024	2024.7808	PSEREB	HAMAS	PSE					REB			CVL	CIVILIAN						CVL			0	112	112	11	3	-2.0	10	1	10	-7.18171926006529	4	Gaza, Israel (general), Israel	IS	IS00	18315	31.4167	34.3333	-797156	4	Gaza, Israel (general), Israel	IS	IS00	18315	31.4167	34.3333	-797156	4	Gaza, Israel (general), Israel	IS	IS00	18315	31.4167	34.3333	-797156	20241015021500	https://pidgin.informationng.com/?p=28810
1204116248	20241015	202410	2024	2024.7808	PSEREB	HAMAS	PSE					REB			ISR	ISRAEL	ISR								0	043	043	04	1	2.8	5	1	5	-7.18171926006529	4	Jerusalem, Israel (general), Israel	IS	IS00	18315	31.7667	35.2333	-797092	4	Jerusalem, Israel (general), Israel	IS	IS00	18315	31.7667	35.2333	-797092	4	Jerusalem, Israel (general), Israel	IS	IS00	18315	31.7667	35.2333	-797092	20241015021500	https://pidgin.informationng.com/?p=28810
1204116249	20241015	202410	2024	2024.7808	PSEREB	HAMAS	PSE					REB			ISR	ISRAEL	ISR								0	125	125	12	3	-5.0	2	1	2	-2.991452991453	4	Gaza, Israel (general), Israel	IS	IS00	18315	31.4167	34.3333	-797156	4	Gaza, Israel (general), Israel	IS	IS00	18315	31.4167	34.3333	-797156	4	Gaza, Israel (general), Israel	IS	IS00	18315	31.4167	34.3333	-797156	20241015021500	http://www.israelnationalnews.com/news/397645
1204116250	20241015	202410	2024	2024.7808	PSEREB	HAMAS	PSE					REB			PSE	PALESTINIAN	PSE								0	125	125	12	3	-5.0	3	1	3	-2.991452991453	4	Gaza, Israel (general), Israel	IS	IS00	18315	31.4167	34.3333	-797156	4	Gaza, Israel (general), Israel	IS	IS00	18315	31.4167	34.3333	-797156	4	Gaza, Israel (general), Israel	IS	IS00	18315	31.4167	34.3333	-797156	20241015021500	http://www.israelnationalnews.com/news/397645
1204116251	20241015	202410	2024	2024.7808	PSEREF	GAZA	PSE					REF			EDU	SCHOOL						EDU			0	075	075	07	2	7.0	1	1	1	-7.35294117647056	4	Gaza City, Israel (general), Israel	IS	IS00	18315	31.4167	34.3333	-797156	4	Gaza City, Israel (general), Israel	IS	IS00	18315	31.4167	34.3333	-797156	4	Gaza City, Israel (general), Israel	IS	IS00	18315	31.4167	34.3333	-797156	20241015021500	https://www.torontotelegraph.com/news/274709273/israel-will-never-be-the-same-after-7-october
1204116252	20241015	202410	2024	2024.7808	PSEREF	PALESTINIAN	PSE					REF			ISR	ISRAEL	ISR								1	070	070	07	2	7.0	2	1	2	-3.49243306169965	4	Jerusalem, Israel (general), Israel	IS	IS00	18315	31.7667	35.2333	-797092	4	Jerusalem, Israel (general), Israel	IS	IS00	18315	31.7667	35.2333	-797092	4	Jerusalem, Israel (general), Israel	IS	IS00	18315	31.7667	35.2333	-797092	20241015021500	https://www.jpost.com/opinion/article-824570
1204116253	20241015	202410	2024	2024.7808	PSEREF	PALESTINIAN	PSE					REF			JOR	JORDAN	JOR								0	043	043	04	1	2.8	2	1	2	-3.49243306169965	4	Jerusalem, Israel (general), Israel	IS	IS00	18315	31.7667	35.2333	-797092	1	Jordan	JO	JO		31	36	JO	1	Jordan	JO	JO		31	36	JO	20241015021500	https://www.jpost.com/opinion/article-824570
1204116254	20241015	202410	2024	2024.7808	PSEREF	PALESTINIAN	PSE					REF			LBN	LEBANON	LBN								0	043	043	04	1	2.8	2	1	2	-3.49243306169965	4	Jerusalem, Israel (general), Israel	IS	IS00	18315	31.7667	35.2333	-797092	1	Lebanon	LE	LE		33.833333	35.833333	LE	1	Jordan	JO	JO		31	36	JO	20241015021500	https://www.jpost.com/opinion/article-824570
1204116255	20241015	202410	2024	2024.7808	PSEREF	PALESTINIAN	PSE					REF			SYRREF	SYRIA	SYR					REF			0	043	043	04	1	2.8	2	1	2	-3.49243306169965	4	Jerusalem, Israel (general), Israel	IS	IS00	18315	31.7667	35.2333	-797092	1	Syria	SY	SY		35	38	SY	1	Jordan	JO	JO		31	36	JO	20241015021500	https://www.jpost.com/opinion/article-824570
1204116256	20241015	202410	2024	2024.7808	PTY	DEMOCRATIC PARTY																			1	010	010	01	1	0.0	10	1	10	-1.33587786259542	0								0								0								20241015021500	https://www.kold.com/2024/10/15/pima-county-recorder-reports-slight-delay-delivery-some-mail-in-ballots/
1204116257	20241015	202410	2024	2024.7808	PTY	POLITICIAN																			1	043	043	04	1	2.8	5	1	5	1.37614678899083	3	Washington, District of Columbia, United States	US	USDC	DC001	38.8951	-77.0364	531871	0								3	Washington, District of Columbia, United States	US	USDC	DC001	38.8951	-77.0364	531871	20241015021500	https://www.dailymail.co.uk/news/article-13959977/kamala-harris-aide-criticize-polls-narrow-lead.html
1204116258	20241015	202410	2024	2024.7808	PTY	PRESIDENTIAL CANDIDATE									CHRCTH	CATHOLIC				CHR	CTH				1	0231	023	02	1	3.4	6	1	6	-2.5735294117647	3	Columbus, Ohio, United States	US	USOH	OH049	39.9612	-82.9988	1080996	3	Columbus, Ohio, United States	US	USOH	OH049	39.9612	-82.9988	1080996	3	Columbus, Ohio, United States	US	USOH	OH049	39.9612	-82.9988	1080996	20241015021500	https://www.nysun.com/article/the-democrats-religion-problem
1204116259	20241015	202410	2024	2024.7808	PTY	PRESIDENTIAL CANDIDATE									CHRCTH	CATHOLIC				CHR	CTH				1	120	120	12	3	-4.0	6	1	6	-2.5735294117647	3	Columbus, Ohio, United States	US	USOH	OH049	39.9612	-82.9988	1080996	3	Columbus, Ohio, United States	US	USOH	OH049	39.9612	-82.9988	1080996	3	Columbus, Ohio, United States	US	USOH	OH049	39.9612	-82.9988	1080996	20241015021500	https://www.nysun.com/article/the-democrats-religion-problem
1204116260	20241015	202410	2024	2024.7808	PTY	DEMOCRATIC PARTY									USA	AMERICAN	USA								1	020	020	02	1	3.0	10	1	10	-2.5735294117647	2	Ohio, United States	US	USOH		40.3736	-82.7755	OH	2	Ohio, United States	US	USOH		40.3736	-82.7755	OH	2	Ohio, United States	US	USOH		40.3736	-82.7755	OH	20241015021500	https://www.nysun.com/article/the-democrats-religion-problem
1204116261	20241015	202410	2024	2024.7808	REF	DISPLACED FAMILY						REF			LBN	LEBANON	LBN								1	080	080	08	2	5.0	6	2	6	-8.47723704866562	4	Gaza, Israel (general), Israel	IS	IS00	18315	31.4167	34.3333	-797156	4	Beirut, Beyrouth, Lebanon	LE	LE04	18808	33.8719	35.5097	-801546	4	Gaza, Israel (general), Israel	IS	IS00	18315	31.4167	34.3333	-797156	20241015021500	https://www.kens5.com/article/news/nation-world/israel-hamas-conflict/un-400000-children-lebanon-displaced-in-weeks-war/287-71032320-6633-4020-b48e-8a7f2ca4f0e7
1204116262	20241015	202410	2024	2024.7808	REL	CLERGY																			0	060	060	06	2	6.0	10	1	10	-4.55153949129853	1	United States	US	US		39.828175	-98.5795	US	0								1	United States	US	US		39.828175	-98.5795	US	20241015021500	https://www.chattanoogan.com/2024/10/14/493902/Bury-The-Hatchet---And-Response-2.aspx
1204116263	20241015	202410	2024	2024.7808	REL	BISHOP																			0	120	120	12	3	-4.0	10	1	10	1.29081245254366	0								0								0								20241015021500	https://www.thebatavian.com/jfbeck99272012/ascension-parish-trustee-dismissed-creating-more-questions-doubts-and-zeal-not-to
1204116264	20241015	202410	2024	2024.7808	REL	CLERGY									COP	POLICE CHIEF						COP			1	173	173	17	4	-5.0	10	1	10	-4.55153949129853	1	United States	US	US		39.828175	-98.5795	US	1	United States	US	US		39.828175	-98.5795	US	1	United States	US	US		39.828175	-98.5795	US	20241015021500	https://www.chattanoogan.com/2024/10/14/493902/Bury-The-Hatchet---And-Response-2.aspx
1204116265	20241015	202410	2024	2024.7808	REL	CLERGY									MED	PUBLICATION						MED			0	020	020	02	1	3.0	10	1	10	-4.55153949129853	1	United States	US	US		39.828175	-98.5795	US	1	United States	US	US		39.828175	-98.5795	US	1	United States	US	US		39.828175	-98.5795	US	20241015021500	https://www.chattanoogan.com/2024/10/14/493902/Bury-The-Hatchet---And-Response-2.aspx
1204116266	20241015	202410	2024	2024.7808	RUS	RUSSIA	RUS																		1	012	012	01	1	-0.4	1	1	1	-0.52770448548813	1	Russia	RS	RS		60	100	RS	0								4	Bakhmut, Donets'ka Oblast', Ukraine	UP	UP05	28556	48.5956	37.9999	-1034612	20241015021500	https://www.rnz.co.nz/news/world/530824/ukraine-holds-new-online-conference-on-peace-calls-for-revised-security-system
1204116267	20241015	202410	2024	2024.7808	RUS	RUSSIA	RUS																		0	050	050	05	1	3.5	2	1	2	-1.32325141776938	4	Moscow, Moskva, Russia	RS	RS48	25106	55.7522	37.6156	-2960561	0								4	Kyiv, Kyyiv, Misto, Ukraine	UP	UP12	28554	50.4333	30.5167	-1044367	20241015021500	https://www.wthitv.com/north-korea-sending-citizens-to-help-russian-military-fight-ukraine-zelensky-says/article_9b68aa74-caea-5353-bb59-befed022f378.html
1204116268	20241015	202410	2024	2024.7808	RUS	RUSSIA	RUS																		0	050	050	05	1	3.5	8	1	8	-1.32325141776938	4	Moscow, Moskva, Russia	RS	RS48	25106	55.7522	37.6156	-2960561	0								4	Moscow, Moskva, Russia	RS	RS48	25106	55.7522	37.6156	-2960561	20241015021500	https://www.wthitv.com/north-korea-sending-citizens-to-help-russian-military-fight-ukraine-zelensky-says/article_9b68aa74-caea-5353-bb59-befed022f378.html
1204116269	20241015	202410	2024	2024.7808	RUS	STALINGRAD	RUS																		0	190	190	19	4	-10.0	3	1	3	-4.63576158940397	4	Stalingrad, Volgogradskaya Oblast', Russia	RS	RS84	25113	48.8047	44.5858	-3034353	0								4	Stalingrad, Volgogradskaya Oblast', Russia	RS	RS84	25113	48.8047	44.5858	-3034353	20241015021500	https://www.ganderbeacon.ca/putin-invokes-stalingrad-to-predict-victory-of-new-nazism-in-ukraine/
1204116270	20241015	202410	2024	2024.7808	RUS	RUSSIA	RUS								EDU	UNIVERSITY						EDU			1	190	190	19	4	-10.0	2	1	2	-10.5263157894737	4	Petersburg, Sankt-Peterburg, Russia	RS	RS66	25095	59.8944	30.2642	-2996338	4	Petersburg, Sankt-Peterburg, Russia	RS	RS66	25095	59.8944	30.2642	-2996338	4	Petersburg, Sankt-Peterburg, Russia	RS	RS66	25095	59.8944	30.2642	-2996338	20241015021500	https://cedarnews.net/newstasks/772771/virginia-state-university-was-placed-on-lockdown-night-after-shots-were-fired-near-moore-hall/
1204116271	20241015	202410	2024	2024.7808	RUS	RUSSIA	RUS								EDU	UNIVERSITY						EDU			1	193	193	19	4	-10.0	4	1	4	-10.5263157894737	4	Petersburg, Sankt-Peterburg, Russia	RS	RS66	25095	59.8944	30.2642	-2996338	4	Petersburg, Sankt-Peterburg, Russia	RS	RS66	25095	59.8944	30.2642	-2996338	4	Petersburg, Sankt-Peterburg, Russia	RS	RS66	25095	59.8944	30.2642	-2996338	20241015021500	https://cedarnews.net/newstasks/772771/virginia-state-university-was-placed-on-lockdown-night-after-shots-were-fired-near-moore-hall/
1204116272	20241015	202410	2024	2024.7808	RUS	RUSSIA	RUS								GOV	PRIME MINISTER						GOV			1	030	030	03	1	4.0	3	1	3	4.63709677419355	1	Russia	RS	RS		60	100	RS	1	Ukraine	UP	UP		49	32	UP	1	Israel	IS	IS		31.5	34.75	IS	20241015021500	https://www.pressenza.com/2024/10/third-world-march-for-peace-and-nonviolence-meeting-with-ambassador-of-india-to-the-un-in-new-york/
1204116273	20241015	202410	2024	2024.7808	RUS	RUSSIA	RUS								GOV	PRIME MINISTER						GOV			1	030	030	03	1	4.0	1	1	1	4.63709677419355	1	Ukraine	UP	UP		49	32	UP	1	Ukraine	UP	UP		49	32	UP	1	Israel	IS	IS		31.5	34.75	IS	20241015021500	https://www.pressenza.com/2024/10/third-world-march-for-peace-and-nonviolence-meeting-with-ambassador-of-india-to-the-un-in-new-york/
1204116274	20241015	202410	2024	2024.7808	RUS	RUSSIA	RUS								GOV	PRIME MINISTER						GOV			1	030	030	03	1	4.0	1	1	1	4.63709677419355	1	Ukraine	UP	UP		49	32	UP	1	Ukraine	UP	UP		49	32	UP	1	Ukraine	UP	UP		49	32	UP	20241015021500	https://www.pressenza.com/2024/10/third-world-march-for-peace-and-nonviolence-meeting-with-ambassador-of-india-to-the-un-in-new-york/
1204116275	20241015	202410	2024	2024.7808	RUS	RUSSIA	RUS								UKR	UKRAINE	UKR								1	030	030	03	1	4.0	3	1	3	4.63709677419355	1	Russia	RS	RS		60	100	RS	1	Ukraine	UP	UP		49	32	UP	1	Israel	IS	IS		31.5	34.75	IS	20241015021500	https://www.pressenza.com/2024/10/third-world-march-for-peace-and-nonviolence-meeting-with-ambassador-of-india-to-the-un-in-new-york/
1204116276	20241015	202410	2024	2024.7808	RUS	RUSSIA	RUS								UKR	UKRAINE	UKR								1	030	030	03	1	4.0	1	1	1	4.63709677419355	1	Ukraine	UP	UP		49	32	UP	1	Ukraine	UP	UP		49	32	UP	1	Israel	IS	IS		31.5	34.75	IS	20241015021500	https://www.pressenza.com/2024/10/third-world-march-for-peace-and-nonviolence-meeting-with-ambassador-of-india-to-the-un-in-new-york/
1204116277	20241015	202410	2024	2024.7808	RUS	RUSSIA	RUS								UKR	UKRAINE	UKR								1	030	030	03	1	4.0	1	1	1	4.63709677419355	1	Ukraine	UP	UP		49	32	UP	1	Ukraine	UP	UP		49	32	UP	1	Ukraine	UP	UP		49	32	UP	20241015021500	https://www.pressenza.com/2024/10/third-world-march-for-peace-and-nonviolence-meeting-with-ambassador-of-india-to-the-un-in-new-york/
1204116278	20241015	202410	2024	2024.7808	RUS	STALINGRAD	RUS								UKR	UKRAINE	UKR								0	190	190	19	4	-10.0	7	1	7	-4.63576158940397	4	Stalingrad, Volgogradskaya Oblast', Russia	RS	RS84	25113	48.8047	44.5858	-3034353	1	Ukraine	UP	UP		49	32	UP	4	Stalingrad, Volgogradskaya Oblast', Russia	RS	RS84	25113	48.8047	44.5858	-3034353	20241015021500	https://www.ganderbeacon.ca/putin-invokes-stalingrad-to-predict-victory-of-new-nazism-in-ukraine/
1204116279	20241015	202410	2024	2024.7808	RUS	RUSSIA	RUS								UKRMED	UKRAINE	UKR					MED			1	012	012	01	1	-0.4	1	1	1	-0.52770448548813	1	Russia	RS	RS		60	100	RS	4	Bakhmut, Donets'ka Oblast', Ukraine	UP	UP05	28556	48.5956	37.9999	-1034612	4	Bakhmut, Donets'ka Oblast', Ukraine	UP	UP05	28556	48.5956	37.9999	-1034612	20241015021500	https://www.rnz.co.nz/news/world/530824/ukraine-holds-new-online-conference-on-peace-calls-for-revised-security-system
1204116280	20241015	202410	2024	2024.7808	RUS	RUSSIA	RUS								UKRMED	UKRAINE	UKR					MED			1	012	012	01	1	-0.4	1	1	1	-0.52770448548813	1	Russia	RS	RS		60	100	RS	4	Bakhmut, Donets'ka Oblast', Ukraine	UP	UP05	28556	48.5956	37.9999	-1034612	1	Switzerland	SZ	SZ		47	8	SZ	20241015021500	https://www.rnz.co.nz/news/world/530824/ukraine-holds-new-online-conference-on-peace-calls-for-revised-security-system
1204116281	20241015	202410	2024	2024.7808	RUS	RUSSIA	RUS								UKRMED	UKRAINE	UKR					MED			1	020	020	02	1	3.0	1	1	1	-0.52770448548813	1	Russia	RS	RS		60	100	RS	4	Bakhmut, Donets'ka Oblast', Ukraine	UP	UP05	28556	48.5956	37.9999	-1034612	1	Russia	RS	RS		60	100	RS	20241015021500	https://www.rnz.co.nz/news/world/530824/ukraine-holds-new-online-conference-on-peace-calls-for-revised-security-system
1204116282	20241015	202410	2024	2024.7808	RUS	RUSSIA	RUS								UKRMED	UKRAINE	UKR					MED			1	020	020	02	1	3.0	1	1	1	-0.52770448548813	1	Russia	RS	RS		60	100	RS	4	Bakhmut, Donets'ka Oblast', Ukraine	UP	UP05	28556	48.5956	37.9999	-1034612	1	Switzerland	SZ	SZ		47	8	SZ	20241015021500	https://www.rnz.co.nz/news/world/530824/ukraine-holds-new-online-conference-on-peace-calls-for-revised-security-system
1204116283	20241015	202410	2024	2024.7808	RUS	KURSK	RUS								USA	UNITED STATES	USA								1	190	190	19	4	-10.0	6	1	6	-4	4	Kursk, Kurskaya Oblast', Russia	RS	RS41	25068	51.7373	36.1873	-2941648	2	Georgia, United States	US	USGA		32.9866	-83.6487	GA	4	Kursk, Kurskaya Oblast', Russia	RS	RS41	25068	51.7373	36.1873	-2941648	20241015021500	https://menafn.com/1108778304/Georgian-PM-Believes-That-Ending-War-In-Ukraine-WillReset-Relations-With-EU-US
1204116284	20241015	202410	2024	2024.7808	RUS	RUSSIA	RUS								USA	UNITED STATES	USA								1	190	190	19	4	-10.0	2	1	2	-4	2	Georgia, United States	US	USGA		32.9866	-83.6487	GA	2	Georgia, United States	US	USGA		32.9866	-83.6487	GA	2	Georgia, United States	US	USGA		32.9866	-83.6487	GA	20241015021500	https://menafn.com/1108778304/Georgian-PM-Believes-That-Ending-War-In-Ukraine-WillReset-Relations-With-EU-US
1204116285	20241015	202410	2024	2024.7808	RUSMED	RUSSIA	RUS					MED			PRK	NORTH KOREAN	PRK								0	016	016	01	1	-2.0	2	1	2	-1.32325141776938	4	Kyiv, Kyyiv, Misto, Ukraine	UP	UP12	28554	50.4333	30.5167	-1044367	4	Kremlin, Moskva, Russia	RS	RS48	25106	55.7522	37.6156	-2960561	4	Kyiv, Kyyiv, Misto, Ukraine	UP	UP12	28554	50.4333	30.5167	-1044367	20241015021500	https://www.wthitv.com/north-korea-sending-citizens-to-help-russian-military-fight-ukraine-zelensky-says/article_9b68aa74-caea-5353-bb59-befed022f378.html
1204116286	20241015	202410	2024	2024.7808	RUSMED	RUSSIA	RUS					MED			PRK	NORTH KOREA	PRK								0	016	016	01	1	-2.0	4	1	4	-1.32325141776938	4	Kremlin, Moskva, Russia	RS	RS48	25106	55.7522	37.6156	-2960561	4	Pyongyang, P'yongyang-si, North Korea	KN	KN12	39681	39.0194	125.755	-183459	4	Pyongyang, P'yongyang-si, North Korea	KN	KN12	39681	39.0194	125.755	-183459	20241015021500	https://www.wthitv.com/north-korea-sending-citizens-to-help-russian-military-fight-ukraine-zelensky-says/article_9b68aa74-caea-5353-bb59-befed022f378.html
1204116287	20241015	202410	2024	2024.7808	RUSMED	RUSSIA	RUS					MED			PRK	NORTH KOREA	PRK								0	016	016	01	1	-2.0	2	1	2	-1.32325141776938	4	Kremlin, Moskva, Russia	RS	RS48	25106	55.7522	37.6156	-2960561	4	Pyongyang, P'yongyang-si, North Korea	KN	KN12	39681	39.0194	125.755	-183459	4	Kremlin, Moskva, Russia	RS	RS48	25106	55.7522	37.6156	-2960561	20241015021500	https://www.wthitv.com/north-korea-sending-citizens-to-help-russian-military-fight-ukraine-zelensky-says/article_9b68aa74-caea-5353-bb59-befed022f378.html
1204116288	20241015	202410	2024	2024.7808	SAU	SAUDI	SAU								SAUGOV	SAUDI ARABIA	SAU					GOV			1	043	043	04	1	2.8	4	1	4	0.22675736961451	1	Saudi Arabia	SA	SA		25	45	SA	1	Saudi Arabia	SA	SA		25	45	SA	1	Saudi Arabia	SA	SA		25	45	SA	20241015021500	https://punchng.com/nahcon-warns-against-unauthorised-contracts-for-2025-hajj/
1204116289	20241015	202410	2024	2024.7808	SAUGOV	SAUDI	SAU					GOV													1	043	043	04	1	2.8	6	1	6	0.22675736961451	1	Saudi Arabia	SA	SA		25	45	SA	0								1	Saudi Arabia	SA	SA		25	45	SA	20241015021500	https://punchng.com/nahcon-warns-against-unauthorised-contracts-for-2025-hajj/
1204116290	20241015	202410	2024	2024.7808	SAUGOV	SAUDI ARABIA	SAU					GOV			SAU	SAUDI	SAU								1	042	042	04	1	1.9	2	1	2	0.22675736961451	1	Nigeria	NI	NI		10	8	NI	1	Nigeria	NI	NI		10	8	NI	1	Saudi Arabia	SA	SA		25	45	SA	20241015021500	https://punchng.com/nahcon-warns-against-unauthorised-contracts-for-2025-hajj/
1204116291	20241015	202410	2024	2024.7808	SAUGOV	SAUDI ARABIA	SAU					GOV			SAU	SAUDI	SAU								1	042	042	04	1	1.9	2	1	2	0.22675736961451	1	Saudi Arabia	SA	SA		25	45	SA	1	Saudi Arabia	SA	SA		25	45	SA	1	Saudi Arabia	SA	SA		25	45	SA	20241015021500	https://punchng.com/nahcon-warns-against-unauthorised-contracts-for-2025-hajj/
1204116292	20241015	202410	2024	2024.7808	SAUGOV	SAUDI ARABIA	SAU					GOV			SAU	SAUDI	SAU								1	046	046	04	1	7.0	4	1	4	0.22675736961451	1	Saudi Arabia	SA	SA		25	45	SA	1	Saudi Arabia	SA	SA		25	45	SA	1	Saudi Arabia	SA	SA		25	45	SA	20241015021500	https://punchng.com/nahcon-warns-against-unauthorised-contracts-for-2025-hajj/
1204116293	20241015	202410	2024	2024.7808	SEA	SOUTHEAST ASIA	SEA																		0	020	020	02	1	3.0	10	1	10	-3.44142951687624	4	Wuppertal, Nordrhein-Westfalen, Germany	GM	GM07	16551	51.2667	7.18333	-1891347	0								4	Wuppertal, Nordrhein-Westfalen, Germany	GM	GM07	16551	51.2667	7.18333	-1891347	20241015021500	https://financialpost.com/pmn/business-pmn/brutal-acid-attack-prompts-executive-to-hunt-down-his-assailants
1204116294	20241015	202410	2024	2024.7808	SGP	SINGAPORE	SGP																		1	036	036	03	1	4.0	5	1	5	0.625	4	Changi, Singapore (general), Singapore	SN	SN00	18585	1.34167	103.964	-73644	0								4	Changi, Singapore (general), Singapore	SN	SN00	18585	1.34167	103.964	-73644	20241015021500	https://e.vnexpress.net/news/travel/china-beats-indonesia-as-singapore-s-largest-source-of-tourists-in-q3-4803986.html
1204116295	20241015	202410	2024	2024.7808	SGPGOV	SINGAPORE	SGP					GOV													1	120	120	12	3	-4.0	10	1	10	2.86885245901639	1	Singapore	SN	SN		1.366667	103.8	SN	0								1	Singapore	SN	SN		1.366667	103.8	SN	20241015021500	https://www.businesstimes.com.sg/singapore/allianz-consider-revisions-proposed-income-deal-says-it-respects-singapore-governments-position
1204116296	20241015	202410	2024	2024.7808	SGPGOV	SINGAPORE	SGP					GOV			SGP	SINGAPORE	SGP								1	010	010	01	1	0.0	10	1	10	2.86885245901639	1	Singapore	SN	SN		1.366667	103.8	SN	1	Singapore	SN	SN		1.366667	103.8	SN	1	Singapore	SN	SN		1.366667	103.8	SN	20241015021500	https://www.businesstimes.com.sg/singapore/allianz-consider-revisions-proposed-income-deal-says-it-respects-singapore-governments-position
1204116297	20241015	202410	2024	2024.7808	SIK	SIKH				SIK															0	051	051	05	1	3.4	4	1	4	-4.57380457380458	1	India	IN	IN		20	77	IN	0								1	Canada	CA	CA		60	-96	CA	20241015021500	https://www.theglobeandmail.com/canada/article-sikh-leaders-welcome-canadas-expulsion-of-indian-diplomats-say-indias/
1204116298	20241015	202410	2024	2024.7808	SIK	SIKH				SIK															0	051	051	05	1	3.4	6	1	6	-4.57380457380458	1	India	IN	IN		20	77	IN	0								1	India	IN	IN		20	77	IN	20241015021500	https://www.theglobeandmail.com/canada/article-sikh-leaders-welcome-canadas-expulsion-of-indian-diplomats-say-indias/
1204116299	20241015	202410	2024	2024.7808	SIK	SIKH				SIK					CAN	CANADA	CAN								1	051	051	05	1	3.4	5	1	5	-4.57380457380458	1	India	IN	IN		20	77	IN	1	India	IN	IN		20	77	IN	1	India	IN	IN		20	77	IN	20241015021500	https://www.theglobeandmail.com/canada/article-sikh-leaders-welcome-canadas-expulsion-of-indian-diplomats-say-indias/
1204116300	20241015	202410	2024	2024.7808	SIKCVL	SIKH				SIK		CVL													0	090	090	09	2	-2.0	4	1	4	-4.57380457380458	1	Canada	CA	CA		60	-96	CA	0								1	India	IN	IN		20	77	IN	20241015021500	https://www.theglobeandmail.com/canada/article-sikh-leaders-welcome-canadas-expulsion-of-indian-diplomats-say-indias/
1204116301	20241015	202410	2024	2024.7808	SIKCVL	SIKH				SIK		CVL													0	090	090	09	2	-2.0	1	1	1	-4.57380457380458	1	India	IN	IN		20	77	IN	0								1	India	IN	IN		20	77	IN	20241015021500	https://www.theglobeandmail.com/canada/article-sikh-leaders-welcome-canadas-expulsion-of-indian-diplomats-say-indias/
1204116302	20241015	202410	2024	2024.7808	SYRREF	SYRIA	SYR					REF			ISRREF	ISRAEL	ISR					REF			0	042	042	04	1	1.9	2	1	2	-3.49243306169965	1	Syria	SY	SY		35	38	SY	4	Jerusalem, Israel (general), Israel	IS	IS00	18315	31.7667	35.2333	-797092	1	Jordan	JO	JO		31	36	JO	20241015021500	https://www.jpost.com/opinion/article-824570
1204116303	20241015	202410	2024	2024.7808	SYRREF	SYRIA	SYR					REF			ISRREF	ISRAEL	ISR					REF			0	042	042	04	1	1.9	2	1	2	-3.49243306169965	1	Syria	SY	SY		35	38	SY	4	Unrwa, West Bank (general), West Bank	WE	WE00	68767	31.8984	35.1773	11289236	1	Jordan	JO	JO		31	36	JO	20241015021500	https://www.jpost.com/opinion/article-824570
1204116304	20241015	202410	2024	2024.7808	SYRREF	SYRIA	SYR					REF			PSE	PALESTINIAN	PSE								0	042	042	04	1	1.9	2	1	2	-3.49243306169965	4	Jerusalem, Israel (general), Israel	IS	IS00	18315	31.7667	35.2333	-797092	4	Unrwa, West Bank (general), West Bank	WE	WE00	68767	31.8984	35.1773	11289236	1	Jordan	JO	JO		31	36	JO	20241015021500	https://www.jpost.com/opinion/article-824570
1204116305	20241015	202410	2024	2024.7808	SYRREF	SYRIA	SYR					REF			PSE	PALESTINIAN	PSE								0	042	042	04	1	1.9	2	1	2	-3.49243306169965	1	Syria	SY	SY		35	38	SY	4	Jerusalem, Israel (general), Israel	IS	IS00	18315	31.7667	35.2333	-797092	1	Jordan	JO	JO		31	36	JO	20241015021500	https://www.jpost.com/opinion/article-824570
1204116306	20241015	202410	2024	2024.7808	SYRREF	SYRIA	SYR					REF			PSEREF	PALESTINIAN	PSE					REF			0	042	042	04	1	1.9	2	1	2	-3.49243306169965	1	Syria	SY	SY		35	38	SY	4	Jerusalem, Israel (general), Israel	IS	IS00	18315	31.7667	35.2333	-797092	1	Jordan	JO	JO		31	36	JO	20241015021500	https://www.jpost.com/opinion/article-824570
1204116307	20241015	202410	2024	2024.7808	TCD	CHAD	TCD								USA	ARIZONA	USA								1	057	057	05	1	8.0	5	1	5	-0.93167701863354	2	Arizona, United States	US	USAZ		33.7712	-111.388	AZ	2	Arizona, United States	US	USAZ		33.7712	-111.388	AZ	2	Arizona, United States	US	USAZ		33.7712	-111.388	AZ	20241015021500	https://www.yardbarker.com/nfl/articles/kicker_decision_might_be_packers_biggest_offseason_mistake/s1_13132_41054681
1204116308	20241015	202410	2024	2024.7808	THA	THAILAND	THA								CVL	TOURIST						CVL			1	051	051	05	1	3.4	2	1	2	0.625	4	Changi, Singapore (general), Singapore	SN	SN00	18585	1.34167	103.964	-73644	4	Changi, Singapore (general), Singapore	SN	SN00	18585	1.34167	103.964	-73644	4	Changi, Singapore (general), Singapore	SN	SN00	18585	1.34167	103.964	-73644	20241015021500	https://e.vnexpress.net/news/travel/china-beats-indonesia-as-singapore-s-largest-source-of-tourists-in-q3-4803986.html
1204116309	20241015	202410	2024	2024.7808	THA	THAILAND	THA								NZLBUS	NEWZEALAND	NZL					BUS			0	036	036	03	1	4.0	10	1	10	1.96078431372549	4	Bangkok, Krung Thep Mahanakhon, Thailand	TH	TH40	26423	13.75	100.517	-3250083	4	Bangkok, Krung Thep Mahanakhon, Thailand	TH	TH40	26423	13.75	100.517	-3250083	4	Bangkok, Krung Thep Mahanakhon, Thailand	TH	TH40	26423	13.75	100.517	-3250083	20241015021500	https://www.philippinetimes.com/news/274708648/foreign-minister-to-visit-thailand-attend-indonesian-presidential-inauguration
1204116310	20241015	202410	2024	2024.7808	TUR	TURK	TUR																		0	010	010	01	1	0.0	5	1	5	-7.56501182033097	2	North Carolina, United States	US	USNC		35.6411	-79.8431	NC	0								2	North Carolina, United States	US	USNC		35.6411	-79.8431	NC	20241015021500	https://cafemom.com/news/north-carolina-dad-shot-in-front-of-3-kids-road-rage-incident
1204116311	20241015	202410	2024	2024.7808	TWN	FORMOSA	TWN																		0	011	011	01	1	-0.1	2	1	2	-5.37634408602151	3	New Orleans, Louisiana, United States	US	USLA	LA071	29.9546	-90.0751	1629985	0								1	Taiwan	TW	TW		24	121	TW	20241015021500	https://www.yahoo.com/news/genealogical-report-slaves-buried-cancer-004305641.html
1204116312	20241015	202410	2024	2024.7808	TWN	FORMOSA	TWN																		0	011	011	01	1	-0.1	8	1	8	-5.37634408602151	1	Taiwan	TW	TW		24	121	TW	0								1	Taiwan	TW	TW		24	121	TW	20241015021500	https://www.yahoo.com/news/genealogical-report-slaves-buried-cancer-004305641.html
1204116313	20241015	202410	2024	2024.7808	TWN	FORMOSA	TWN																		0	124	124	12	3	-4.0	2	1	2	-5.37634408602151	3	New Orleans, Louisiana, United States	US	USLA	LA071	29.9546	-90.0751	1629985	0								3	Baton Rouge, Louisiana, United States	US	USLA		30.4507	-91.1545	1629914	20241015021500	https://www.yahoo.com/news/genealogical-report-slaves-buried-cancer-004305641.html
1204116314	20241015	202410	2024	2024.7808	TWN	FORMOSA	TWN																		0	124	124	12	3	-4.0	8	1	8	-5.37634408602151	1	Taiwan	TW	TW		24	121	TW	0								1	Taiwan	TW	TW		24	121	TW	20241015021500	https://www.yahoo.com/news/genealogical-report-slaves-buried-cancer-004305641.html
1204116315	20241015	202410	2024	2024.7808	TWN	TAIWANESE	TWN								CHNMIL	CHINA	CHN					MIL			1	195	195	19	4	-10.0	4	1	4	-2.54872563718141	4	Taipei, T'ai-pei, Taiwan	TW	TW03	13277	25.0478	121.532	-2637882	4	Beijing, Beijing, China	CH	CH22	13001	39.9289	116.388	-1898541	4	Taipei, T'ai-pei, Taiwan	TW	TW03	13277	25.0478	121.532	-2637882	20241015021500	https://www.ganderbeacon.ca/china-has-started-military-exercises-around-taiwan/
1204116316	20241015	202410	2024	2024.7808	TWN	TAIWAN	TWN								GOV	GOVERNMENT						GOV			0	051	051	05	1	3.4	10	1	10	-2.54872563718141	4	Taipei, T'ai-pei, Taiwan	TW	TW03	13277	25.0478	121.532	-2637882	4	Beijing, Beijing, China	CH	CH22	13001	39.9289	116.388	-1898541	4	Beijing, Beijing, China	CH	CH22	13001	39.9289	116.388	-1898541	20241015021500	https://www.ganderbeacon.ca/china-has-started-military-exercises-around-taiwan/
1204116317	20241015	202410	2024	2024.7808	TWN	TAIPEI	TWN								USA	THE US	USA								0	043	043	04	1	2.8	10	1	10	-2.54872563718141	4	Taipei, T'ai-pei, Taiwan	TW	TW03	13277	25.0478	121.532	-2637882	4	Taipei, T'ai-pei, Taiwan	TW	TW03	13277	25.0478	121.532	-2637882	4	Taipei, T'ai-pei, Taiwan	TW	TW03	13277	25.0478	121.532	-2637882	20241015021500	https://www.ganderbeacon.ca/china-has-started-military-exercises-around-taiwan/
1204116318	20241015	202410	2024	2024.7808	TWNMIL	TAIWANESE	TWN					MIL			CHNMIL	CHINA	CHN					MIL			1	195	195	19	4	-10.0	6	1	6	-2.54872563718141	4	Taipei, T'ai-pei, Taiwan	TW	TW03	13277	25.0478	121.532	-2637882	4	Beijing, Beijing, China	CH	CH22	13001	39.9289	116.388	-1898541	4	Taipei, T'ai-pei, Taiwan	TW	TW03	13277	25.0478	121.532	-2637882	20241015021500	https://www.ganderbeacon.ca/china-has-started-military-exercises-around-taiwan/
1204116319	20241015	202410	2024	2024.7808	UKR	UKRAINE	UKR																		1	020	020	02	1	3.0	5	1	5	-0.52770448548813	4	Bakhmut, Donets'ka Oblast', Ukraine	UP	UP05	28556	48.5956	37.9999	-1034612	0								4	Bakhmut, Donets'ka Oblast', Ukraine	UP	UP05	28556	48.5956	37.9999	-1034612	20241015021500	https://www.rnz.co.nz/news/world/530824/ukraine-holds-new-online-conference-on-peace-calls-for-revised-security-system
1204116320	20241015	202410	2024	2024.7808	UKR	UKRAINE	UKR																		0	039	039	03	1	5.0	4	1	4	-0.52770448548813	4	Bakhmut, Donets'ka Oblast', Ukraine	UP	UP05	28556	48.5956	37.9999	-1034612	0								4	Bakhmut, Donets'ka Oblast', Ukraine	UP	UP05	28556	48.5956	37.9999	-1034612	20241015021500	https://www.rnz.co.nz/news/world/530824/ukraine-holds-new-online-conference-on-peace-calls-for-revised-security-system
1204116321	20241015	202410	2024	2024.7808	UKR	UKRAINE	UKR																		1	040	040	04	1	1.0	14	1	10	-0.52770448548813	4	Bakhmut, Donets'ka Oblast', Ukraine	UP	UP05	28556	48.5956	37.9999	-1034612	0								4	Bakhmut, Donets'ka Oblast', Ukraine	UP	UP05	28556	48.5956	37.9999	-1034612	20241015021500	https://www.rnz.co.nz/news/world/530824/ukraine-holds-new-online-conference-on-peace-calls-for-revised-security-system
1204116322	20241015	202410	2024	2024.7808	UKR	UKRAINE	UKR																		1	110	110	11	3	-2.0	4	1	4	-4.63576158940397	4	Volgograd, Volgogradskaya Oblast', Russia	RS	RS84	25113	48.8047	44.5858	-3034353	0								4	Volgograd, Volgogradskaya Oblast', Russia	RS	RS84	25113	48.8047	44.5858	-3034353	20241015021500	https://www.ganderbeacon.ca/putin-invokes-stalingrad-to-predict-victory-of-new-nazism-in-ukraine/
1204116323	20241015	202410	2024	2024.7808	UKR	UKRAINE	UKR								RUS	RUSSIA	RUS								1	030	030	03	1	4.0	3	1	3	4.63709677419355	1	Ukraine	UP	UP		49	32	UP	1	Russia	RS	RS		60	100	RS	1	Israel	IS	IS		31.5	34.75	IS	20241015021500	https://www.pressenza.com/2024/10/third-world-march-for-peace-and-nonviolence-meeting-with-ambassador-of-india-to-the-un-in-new-york/
1204116324	20241015	202410	2024	2024.7808	UKR	UKRAINE	UKR								RUS	RUSSIA	RUS								1	030	030	03	1	4.0	1	1	1	4.63709677419355	1	Ukraine	UP	UP		49	32	UP	1	Ukraine	UP	UP		49	32	UP	1	Israel	IS	IS		31.5	34.75	IS	20241015021500	https://www.pressenza.com/2024/10/third-world-march-for-peace-and-nonviolence-meeting-with-ambassador-of-india-to-the-un-in-new-york/
1204116325	20241015	202410	2024	2024.7808	UKR	UKRAINE	UKR								RUS	RUSSIA	RUS								1	030	030	03	1	4.0	1	1	1	4.63709677419355	1	Ukraine	UP	UP		49	32	UP	1	Ukraine	UP	UP		49	32	UP	1	Ukraine	UP	UP		49	32	UP	20241015021500	https://www.pressenza.com/2024/10/third-world-march-for-peace-and-nonviolence-meeting-with-ambassador-of-india-to-the-un-in-new-york/
1204116326	20241015	202410	2024	2024.7808	UKR	UKRAINE	UKR								RUS	RUSSIA	RUS								1	110	110	11	3	-2.0	6	1	6	-4.63576158940397	4	Volgograd, Volgogradskaya Oblast', Russia	RS	RS84	25113	48.8047	44.5858	-3034353	4	Volgograd, Volgogradskaya Oblast', Russia	RS	RS84	25113	48.8047	44.5858	-3034353	4	Volgograd, Volgogradskaya Oblast', Russia	RS	RS84	25113	48.8047	44.5858	-3034353	20241015021500	https://www.ganderbeacon.ca/putin-invokes-stalingrad-to-predict-victory-of-new-nazism-in-ukraine/
1204116327	20241015	202410	2024	2024.7808	UKR	UKRAINE	UKR								RUS	STALINGRAD	RUS								0	190	190	19	4	-10.0	7	1	7	-4.63576158940397	1	Ukraine	UP	UP		49	32	UP	4	Stalingrad, Volgogradskaya Oblast', Russia	RS	RS84	25113	48.8047	44.5858	-3034353	4	Stalingrad, Volgogradskaya Oblast', Russia	RS	RS84	25113	48.8047	44.5858	-3034353	20241015021500	https://www.ganderbeacon.ca/putin-invokes-stalingrad-to-predict-victory-of-new-nazism-in-ukraine/
1204116328	20241015	202410	2024	2024.7808	USA	UNITED STATES	USA																		0	010	010	01	1	0.0	4	1	4	-4.08445069139339	3	Bexar County, Texas, United States	US	USTX	TX029	29.4502	-98.517	1383800	0								3	Bexar County, Texas, United States	US	USTX		29.4502	-98.517	1383800	20241015021500	http://www.expressnews.com/news/article/suzanne-simpson-brad-search-landfill-san-antonio-19837050.php
1204116329	20241015	202410	2024	2024.7808	USA	UNITED STATES	USA																		0	010	010	01	1	0.0	1	1	1	-2.39294710327456	3	Richmond, Virginia, United States	US	USVA	VA760	37.5538	-77.4603	1499957	0								3	Richmond, Virginia, United States	US	USVA	VA760	37.5538	-77.4603	1499957	20241015021500	https://www.nysun.com/article/trump-scores-rare-win-from-judge-chutkan-on-secrecy-but-he-is-struggling-to-stop-jack-smiths-january-6-avalanche
1204116330	20241015	202410	2024	2024.7808	USA	UNITED STATES	USA																		0	010	010	01	1	0.0	1	1	1	-2.39294710327456	3	Richmond, Virginia, United States	US	USVA	VA760	37.5538	-77.4603	1499957	0								3	White House, District of Columbia, United States	US	USDC		38.8951	-77.0364	531871	20241015021500	https://www.nysun.com/article/trump-scores-rare-win-from-judge-chutkan-on-secrecy-but-he-is-struggling-to-stop-jack-smiths-january-6-avalanche
1204116331	20241015	202410	2024	2024.7808	USA	UNITED STATES	USA																		1	010	010	01	1	0.0	2	1	2	5.15759312320916	3	University Book Store, Iowa, United States	US	USIA	IA153	41.6044	-93.6588	2048581	0								3	University Book Store, Iowa, United States	US	USIA		41.6044	-93.6588	2048581	20241015021500	https://iowastatedaily.com/301912/news/shark-tank-personality-daymond-john-to-visit-iowa-state-next-week/
1204116332	20241015	202410	2024	2024.7808	USA	UNITED STATES	USA																		1	010	010	01	1	0.0	1	1	1	2.99823633156967	3	Lake Winona, Arkansas, United States	US	USAR	AR125	34.8066	-92.8696	75896	0								3	Lake Winona, Arkansas, United States	US	USAR		34.8066	-92.8696	75896	20241015021500	https://www.arkansasonline.com/news/2024/oct/14/little-rock-water-bonds-linda-chesterfield-blake-tierney-ryan-callison/
1204116333	20241015	202410	2024	2024.7808	USA	UNITED STATES	USA																		1	010	010	01	1	0.0	1	1	1	2.99823633156967	3	Lake Winona, Arkansas, United States	US	USAR	AR125	34.8066	-92.8696	75896	0								2	Arkansas, United States	US	USAR		34.9513	-92.3809	AR	20241015021500	https://www.arkansasonline.com/news/2024/oct/14/little-rock-water-bonds-linda-chesterfield-blake-tierney-ryan-callison/
1204116334	20241015	202410	2024	2024.7808	USA	UNITED STATES	USA																		0	010	010	01	1	0.0	8	1	8	-3.52303523035231	3	Sullivan County, New Hampshire, United States	US	USNH	NH019	43.3667	-72.2329	873183	0								3	Sullivan County, New Hampshire, United States	US	USNH		43.3667	-72.2329	873183	20241015021500	https://www.unionleader.com/news/health/new-hampshire-gets-nearly-20-million-in-lead-remediation-grants/article_1610b2c4-89a1-11ef-9fec-e30395e06059.html
1204116335	20241015	202410	2024	2024.7808	USA	JERSEY	USA																		0	010	010	01	1	0.0	4	1	4	0.65359477124183	1	Jersey	JE	JE		49.216667	-2.116667	JE	0								1	Jersey	JE	JE		49.216667	-2.116667	JE	20241015021500	https://www.mirror.co.uk/lifestyle/check-rare-uk-2-error-33885486
1204116336	20241015	202410	2024	2024.7808	USA	MICHIGAN	USA																		1	010	010	01	1	0.0	1	1	1	1.01925254813137	2	Wisconsin, United States	US	USWI		44.2563	-89.6385	WI	0								2	Michigan, United States	US	USMI		43.3504	-84.5603	MI	20241015021500	https://kvia.com/your-voice-your-vote/politics/cnn-us-politics/2024/10/14/harris-advisers-zero-in-on-michigan-strategy-to-overcome-anticipated-losses-among-some-parts-of-democratic-coalition/
1204116337	20241015	202410	2024	2024.7808	USA	UNITED STATES	USA																		0	012	012	01	1	-0.4	8	1	4	-2.3696682464455	3	Uniontown, Washington, United States	US	USWA	WA075	46.5393	-117.088	1509182	0								3	Uniontown, Washington, United States	US	USWA	WA075	46.5393	-117.088	1509182	20241015021500	https://www.heraldstandard.com/editors_pick/2024/oct/15/county-commissioners-to-hold-public-hearing-on-potential-solar-farm-ordinance/
1204116338	20241015	202410	2024	2024.7808	USA	UNITED STATES	USA																		0	013	013	01	1	0.4	8	1	4	-1.68404170008019	3	Milwaukee, Wisconsin, United States	US	USWI	WI079	43.0389	-87.9065	1577901	0								3	Milwaukee, Wisconsin, United States	US	USWI	WI079	43.0389	-87.9065	1577901	20241015021500	https://www.wisn.com/article/team-of-milwaukee-county-district-attorneys-working-protect-vote-nov-5/62598188
1204116339	20241015	202410	2024	2024.7808	USA	UNITED STATES	USA																		1	014	014	01	1	0.0	4	1	4	-4.66830466830466	3	White House, District of Columbia, United States	US	USDC		38.8951	-77.0364	531871	0								2	Pennsylvania, United States	US	USPA		40.5773	-77.264	PA	20241015021500	https://www.theyeshivaworld.com/news/general/2324476/bitter-biden-white-house-denies-accusations-that-joe-biden-is-sabotaging-kamala-harris-campaign.html
1204116340	20241015	202410	2024	2024.7808	USA	COLUMBUS	USA																		1	015	015	01	1	0.0	10	1	10	2.0979020979021	3	Pima County, Arizona, United States	US	USAZ	AZ019	32.0004	-112.003	25446	0								3	Pima County, Arizona, United States	US	USAZ		32.0004	-112.003	25446	20241015021500	https://www.kold.com/2024/10/15/fact-finders-does-arizona-observe-indigenous-peoples-day-or-columbus-day/
1204116341	20241015	202410	2024	2024.7808	USA	UNITED STATES	USA																		1	015	015	01	1	0.0	2	1	2	2.72108843537415	3	Agawam Park, New York, United States	US	USNY	NY103	40.8823	-72.3923	942202	0								3	Agawam Park, New York, United States	US	USNY		40.8823	-72.3923	942202	20241015021500	https://www.newsday.com/long-island/suffolk/indigenous-peoples-day-shinnecock-southampton-tnv0tdaf
1204116342	20241015	202410	2024	2024.7808	USA	UNITED STATES	USA																		1	015	015	01	1	0.0	4	1	4	-14.1078838174274	2	Florida, United States	US	USFL		27.8333	-81.717	FL	0								2	Florida, United States	US	USFL		27.8333	-81.717	FL	20241015021500	https://www.kgw.com/article/news/crime/florida-woman-computer-hack-portland-million-theft-sentenced/283-cfad25a0-7dd2-4fb2-8734-39777016c01a
1204116343	20241015	202410	2024	2024.7808	USA	UNITED STATES	USA																		1	016	016	01	1	-2.0	8	1	8	-4.66830466830466	2	Pennsylvania, United States	US	USPA		40.5773	-77.264	PA	0								2	Pennsylvania, United States	US	USPA		40.5773	-77.264	PA	20241015021500	https://www.theyeshivaworld.com/news/general/2324476/bitter-biden-white-house-denies-accusations-that-joe-biden-is-sabotaging-kamala-harris-campaign.html
1204116344	20241015	202410	2024	2024.7808	USA	FLORIDA	USA																		0	018	018	01	1	3.4	10	1	10	-2.06489675516224	2	Florida, United States	US	USFL		27.8333	-81.717	FL	0								2	Florida, United States	US	USFL		27.8333	-81.717	FL	20241015021500	https://www.yahoo.com/news/election-day-looms-hurricane-impacts-232652636.html
1204116345	20241015	202410	2024	2024.7808	USA	UNITED STATES	USA																		0	020	020	02	1	3.0	2	1	2	-2.35690235690236	3	City Of Fargo, North Dakota, United States	US	USND	ND017	46.8766	-96.8176	1036030	0								3	City Of Fargo, North Dakota, United States	US	USND		46.8766	-96.8176	1036030	20241015021500	https://www.inforum.com/news/fargo/citywide-restrictions-on-homeless-camps-going-swimmingly-city-staff-tell-commission
1204116346	20241015	202410	2024	2024.7808	USA	UNITED STATES	USA																		1	020	020	02	1	3.0	2	1	2	-17.5324675324675	2	Alaska, United States	US	USAK		61.385	-152.268	AK	0								2	Alaska, United States	US	USAK		61.385	-152.268	AK	20241015021500	https://www.theartistree.fm/journal/405479/anchorage-struggles-with-prosecutor-shortage-leading-to-dismissal-of-serious-criminal-cases/
1204116347	20241015	202410	2024	2024.7808	USA	UNITED STATES	USA																		1	020	020	02	1	3.0	2	1	2	4.34782608695652	2	Arkansas, United States	US	USAR		34.9513	-92.3809	AR	0								2	Arkansas, United States	US	USAR		34.9513	-92.3809	AR	20241015021500	https://katv.com/community/little-rock-arc/wonderstick-makes-a-comeback-at-the-arkansas-state-fair
1204116348	20241015	202410	2024	2024.7808	USA	UNITED STATES	USA																		0	020	020	02	1	3.0	4	1	3	-1.21212121212121	2	Iowa, United States	US	USIA		42.0046	-93.214	IA	0								2	Iowa, United States	US	USIA		42.0046	-93.214	IA	20241015021500	https://www.yahoo.com/news/dmacc-dean-asks-board-trustees-013916427.html
1204116349	20241015	202410	2024	2024.7808	USA	TENNESSEE	USA																		1	0214	021	02	1	3.4	10	1	10	-3.92156862745098	0								0								0								20241015021500	https://1025wowcountry.com/2024/10/14/27105/
1204116350	20241015	202410	2024	2024.7808	USA	UNITED STATES	USA																		0	028	028	02	1	4.0	1	1	1	-1.21212121212121	2	Iowa, United States	US	USIA		42.0046	-93.214	IA	0								2	Iowa, United States	US	USIA		42.0046	-93.214	IA	20241015021500	https://www.yahoo.com/news/dmacc-dean-asks-board-trustees-013916427.html
1204116351	20241015	202410	2024	2024.7808	USA	UNITED STATES	USA																		0	030	030	03	1	4.0	8	1	8	-0.72332730560578	3	Oakland, California, United States	US	USCA	CA001	37.8044	-122.271	277566	0								3	Oakland, California, United States	US	USCA	CA001	37.8044	-122.271	277566	20241015021500	https://www.foxnews.com/media/residents-explain-why-fled-bay-area-homelessness-just-getting-out-hand
1204116352	20241015	202410	2024	2024.7808	USA	UNITED STATES	USA																		1	030	030	03	1	4.0	1	1	1	3.63636363636364	2	Nebraska, United States	US	USNE		41.1289	-98.2883	NE	0								2	Nebraska, United States	US	USNE		41.1289	-98.2883	NE	20241015021500	https://www.wowt.com/2024/10/14/heartland-family-service-holding-open-house-new-peer-center-mental-health-looking-feedback/
1204116353	20241015	202410	2024	2024.7808	USA	UNITED STATES	USA																		1	036	036	03	1	4.0	4	1	4	5.15759312320916	3	University Book Store, Iowa, United States	US	USIA	IA153	41.6044	-93.6588	2048581	0								3	University Book Store, Iowa, United States	US	USIA		41.6044	-93.6588	2048581	20241015021500	https://iowastatedaily.com/301912/news/shark-tank-personality-daymond-john-to-visit-iowa-state-next-week/
1204116354	20241015	202410	2024	2024.7808	USA	CALIFORNIA	USA																		1	036	036	03	1	4.0	8	1	8	0.478468899521531	3	Tuolumne County, California, United States	US	USCA	CA109	38.0666	-119.901	277319	0								3	Tuolumne County, California, United States	US	USCA		38.0666	-119.901	277319	20241015021500	https://www.uniondemocrat.com/news/article_b3d7e542-8a76-11ef-8d69-e783799393b6.html
1204116355	20241015	202410	2024	2024.7808	USA	CALIFORNIA	USA																		1	036	036	03	1	4.0	1	1	1	0.478468899521531	3	Tuolumne County, California, United States	US	USCA	CA109	38.0666	-119.901	277319	0								2	California, United States	US	USCA		36.17	-119.746	CA	20241015021500	https://www.uniondemocrat.com/news/article_b3d7e542-8a76-11ef-8d69-e783799393b6.html
1204116356	20241015	202410	2024	2024.7808	USA	UNITED STATES	USA																		1	036	036	03	1	4.0	5	1	5	0.478468899521531	2	California, United States	US	USCA		36.17	-119.746	CA	0								3	Tuolumne County, California, United States	US	USCA		38.0666	-119.901	277319	20241015021500	https://www.uniondemocrat.com/news/article_b3d7e542-8a76-11ef-8d69-e783799393b6.html
1204116357	20241015	202410	2024	2024.7808	USA	UNITED STATES	USA																		0	040	040	04	1	1.0	2	1	2	-2.35690235690236	3	City Of Fargo, North Dakota, United States	US	USND	ND017	46.8766	-96.8176	1036030	0								3	City Of Fargo, North Dakota, United States	US	USND		46.8766	-96.8176	1036030	20241015021500	https://www.inforum.com/news/fargo/citywide-restrictions-on-homeless-camps-going-swimmingly-city-staff-tell-commission
1204116358	20241015	202410	2024	2024.7808	USA	UNITED STATES	USA																		0	042	042	04	1	1.9	4	1	4	-2.3696682464455	3	Uniontown, Washington, United States	US	USWA	WA075	46.5393	-117.088	1509182	0								3	Uniontown, Washington, United States	US	USWA	WA075	46.5393	-117.088	1509182	20241015021500	https://www.heraldstandard.com/editors_pick/2024/oct/15/county-commissioners-to-hold-public-hearing-on-potential-solar-farm-ordinance/
1204116359	20241015	202410	2024	2024.7808	USA	FRESNO	USA																		1	042	042	04	1	1.9	5	1	5	1.40449438202247	3	Twain Harte, California, United States	US	USCA	CA109	38.0396	-120.233	1660049	0								3	Twain Harte, California, United States	US	USCA		38.0396	-120.233	1660049	20241015021500	https://www.uniondemocrat.com/news/article_0090d7f0-8a76-11ef-a060-cfc25b89c253.html
1204116360	20241015	202410	2024	2024.7808	USA	UNITED STATES	USA																		0	042	042	04	1	1.9	4	1	4	2.72108843537415	3	Agawam Park, New York, United States	US	USNY	NY103	40.8823	-72.3923	942202	0								3	Agawam Park, New York, United States	US	USNY		40.8823	-72.3923	942202	20241015021500	https://www.newsday.com/long-island/suffolk/indigenous-peoples-day-shinnecock-southampton-tnv0tdaf
1204116361	20241015	202410	2024	2024.7808	USA	UNITED STATES	USA																		1	042	042	04	1	1.9	2	1	2	2.18978102189781	2	North Dakota, United States	US	USND		47.5362	-99.793	ND	0								2	North Dakota, United States	US	USND		47.5362	-99.793	ND	20241015021500	https://www.inforum.com/news/north-dakota/ndsu-program-offers-students-a-direct-path-into-north-dakotas-energy-sector
1204116362	20241015	202410	2024	2024.7808	USA	UNITED STATES	USA																		0	043	043	04	1	2.8	1	1	1	-4.15360501567398	3	Bexar County, Texas, United States	US	USTX	TX029	29.4502	-98.517	1383800	0								3	San Antonio, Texas, United States	US	USTX		29.4241	-98.4936	1380951	20241015021500	http://www.expressnews.com/news/article/suzanne-simpson-missing-san-antonio-mother-19836401.php
1204116363	20241015	202410	2024	2024.7808	USA	UNITED STATES	USA																		0	043	043	04	1	2.8	1	1	1	-4.15360501567398	3	Bexar County, Texas, United States	US	USTX	TX029	29.4502	-98.517	1383800	0								3	Bexar County, Texas, United States	US	USTX		29.4502	-98.517	1383800	20241015021500	http://www.expressnews.com/news/article/suzanne-simpson-missing-san-antonio-mother-19836401.php
1204116364	20241015	202410	2024	2024.7808	USA	UNITED STATES	USA																		1	043	043	04	1	2.8	8	1	8	-0.72332730560578	3	Placerville, California, United States	US	USCA	CA017	38.7296	-120.799	277577	0								3	Placerville, California, United States	US	USCA	CA017	38.7296	-120.799	277577	20241015021500	https://www.foxnews.com/media/residents-explain-why-fled-bay-area-homelessness-just-getting-out-hand
1204116365	20241015	202410	2024	2024.7808	USA	UNITED STATES	USA																		0	043	043	04	1	2.8	2	1	2	2.72108843537415	3	Long Island, New York, United States	US	USNY	NY067	43.152	-76.061	955858	0								3	Long Island, New York, United States	US	USNY		43.152	-76.061	955858	20241015021500	https://www.newsday.com/long-island/suffolk/indigenous-peoples-day-shinnecock-southampton-tnv0tdaf
1204116366	20241015	202410	2024	2024.7808	USA	CALIFORNIA	USA																		1	043	043	04	1	2.8	2	1	2	-0.72332730560578	2	California, United States	US	USCA		36.17	-119.746	CA	0								3	Placerville, California, United States	US	USCA	CA017	38.7296	-120.799	277577	20241015021500	https://www.foxnews.com/media/residents-explain-why-fled-bay-area-homelessness-just-getting-out-hand
1204116367	20241015	202410	2024	2024.7808	USA	IOWA	USA																		1	043	043	04	1	2.8	10	1	10	0.35335689045937	2	Iowa, United States	US	USIA		42.0046	-93.214	IA	0								2	Iowa, United States	US	USIA		42.0046	-93.214	IA	20241015021500	https://iowastatedaily.com/301916/news/iowa-state-lecture-series-to-host-educational-panel-focusing-on-marginalized-communities/
1204116368	20241015	202410	2024	2024.7808	USA	UNITED STATES	USA																		0	046	046	04	1	7.0	4	1	4	-4.15360501567398	3	Bexar County, Texas, United States	US	USTX	TX029	29.4502	-98.517	1383800	0								3	Bexar County, Texas, United States	US	USTX		29.4502	-98.517	1383800	20241015021500	http://www.expressnews.com/news/article/suzanne-simpson-missing-san-antonio-mother-19836401.php
1204116369	20241015	202410	2024	2024.7808	USA	ARKANSAS	USA																		0	046	046	04	1	7.0	3	1	3	2.99823633156967	2	Arkansas, United States	US	USAR		34.9513	-92.3809	AR	0								2	Arkansas, United States	US	USAR		34.9513	-92.3809	AR	20241015021500	https://www.arkansasonline.com/news/2024/oct/14/little-rock-water-bonds-linda-chesterfield-blake-tierney-ryan-callison/
1204116370	20241015	202410	2024	2024.7808	USA	UNITED STATES	USA																		1	051	051	05	1	3.4	4	1	4	6.01503759398496	3	Berkeley, California, United States	US	USCA	CA001	37.8716	-122.273	1658037	0								2	California, United States	US	USCA		36.17	-119.746	CA	20241015021500	https://www.inforum.com/news/moorhead/moorhead-celebrates-indigenous-peoples-day-with-cultural-event
1204116371	20241015	202410	2024	2024.7808	USA	UNITED STATES	USA																		1	051	051	05	1	3.4	4	1	4	2.58620689655173	3	Chicago, Illinois, United States	US	USIL	IL031	41.85	-87.6501	423587	0								3	Chicago, Illinois, United States	US	USIL	IL031	41.85	-87.6501	423587	20241015021500	https://wdrv.com/r-e-m-s-music-to-soundtrack-classic-buster-keaton-silent-film/
1204116372	20241015	202410	2024	2024.7808	USA	UNITED STATES	USA																		1	051	051	05	1	3.4	2	1	2	-4.66830466830466	3	White House, District of Columbia, United States	US	USDC		38.8951	-77.0364	531871	0								2	Pennsylvania, United States	US	USPA		40.5773	-77.264	PA	20241015021500	https://www.theyeshivaworld.com/news/general/2324476/bitter-biden-white-house-denies-accusations-that-joe-biden-is-sabotaging-kamala-harris-campaign.html
1204116373	20241015	202410	2024	2024.7808	USA	UNITED STATES	USA																		0	051	051	05	1	3.4	4	1	4	2.99823633156967	3	Little Rock, Arkansas, United States	US	USAR	AR119	34.7465	-92.2896	83350	0								3	Little Rock, Arkansas, United States	US	USAR		34.7465	-92.2896	83350	20241015021500	https://www.arkansasonline.com/news/2024/oct/14/little-rock-water-bonds-linda-chesterfield-blake-tierney-ryan-callison/
1204116374	20241015	202410	2024	2024.7808	USA	UNITED STATES	USA																		0	051	051	05	1	3.4	4	1	4	2.72108843537415	3	Agawam Park, New York, United States	US	USNY	NY103	40.8823	-72.3923	942202	0								3	Agawam Park, New York, United States	US	USNY		40.8823	-72.3923	942202	20241015021500	https://www.newsday.com/long-island/suffolk/indigenous-peoples-day-shinnecock-southampton-tnv0tdaf
1204116375	20241015	202410	2024	2024.7808	USA	UNITED STATES	USA																		1	051	051	05	1	3.4	2	1	2	2.72108843537415	3	Agawam Park, New York, United States	US	USNY	NY103	40.8823	-72.3923	942202	0								3	Long Island, New York, United States	US	USNY		43.152	-76.061	955858	20241015021500	https://www.newsday.com/long-island/suffolk/indigenous-peoples-day-shinnecock-southampton-tnv0tdaf
1204116376	20241015	202410	2024	2024.7808	USA	MISSOURI	USA																		1	051	051	05	1	3.4	7	1	7	0	2	Missouri, United States	US	USMO		38.4623	-92.302	MO	0								2	Missouri, United States	US	USMO		38.4623	-92.302	MO	20241015021500	https://www.kcur.org/podcast/up-to-date/2024-10-14/lucas-kunce-missouri-us-senate-kamala-harris-josh-hawley
1204116377	20241015	202410	2024	2024.7808	USA	UNITED STATES	USA																		1	051	051	05	1	3.4	2	1	2	3.74149659863945	2	Montana, United States	US	USMT		46.9048	-110.326	MT	0								2	Montana, United States	US	USMT		46.9048	-110.326	MT	20241015021500	https://www.ktvh.com/news/second-monday-in-october-marks-indigenous-peoples-day
1204116378	20241015	202410	2024	2024.7808	USA	UNITED STATES	USA																		1	051	051	05	1	3.4	2	1	2	-0.91533180778032	2	Oregon, United States	US	USOR		44.5672	-122.127	OR	0								2	Alaska, United States	US	USAK		61.385	-152.268	AK	20241015021500	https://www.yahoo.com/news/user-manual-house-races-watch-234859231.html
1204116379	20241015	202410	2024	2024.7808	USA	OKLAHOMA	USA																		1	060	060	06	2	6.0	10	1	10	-1.99335548172758	3	Bryan County, Oklahoma, United States	US	USOK	OK013	33.9668	-96.2669	1101794	0								3	Bryan County, Oklahoma, United States	US	USOK		33.9668	-96.2669	1101794	20241015021500	https://www.kxii.com/2024/10/14/osbi-investigating-after-body-found-durant/
1204116380	20241015	202410	2024	2024.7808	USA	UNITED STATES	USA																		1	060	060	06	2	6.0	5	1	5	-11.9565217391304	3	Fremont County, Iowa, United States	US	USIA	IA071	40.7506	-95.6003	465224	0								3	Fremont County, Iowa, United States	US	USIA		40.7506	-95.6003	465224	20241015021500	https://www.wowt.com/2024/10/14/council-bluffs-man-arrested-connection-murder-fremont-county/
1204116381	20241015	202410	2024	2024.7808	USA	UNITED STATES	USA																		1	060	060	06	2	6.0	1	1	1	-11.9565217391304	2	Iowa, United States	US	USIA		42.0046	-93.214	IA	0								3	Fremont County, Iowa, United States	US	USIA		40.7506	-95.6003	465224	20241015021500	https://www.wowt.com/2024/10/14/council-bluffs-man-arrested-connection-murder-fremont-county/
1204116382	20241015	202410	2024	2024.7808	USA	UNITED STATES	USA																		1	070	070	07	2	7.0	1	1	1	-0.44543429844098	3	El Paso, Texas, United States	US	USTX	TX141	31.7587	-106.487	1380946	0								3	El Paso, Texas, United States	US	USTX		31.7587	-106.487	1380946	20241015021500	https://kvia.com/your-voice-your-vote/2024/10/14/105000-being-used-to-campaign-in-support-of-the-umc-bond-which-prominent-el-pasoans-are-contributing/
1204116383	20241015	202410	2024	2024.7808	USA	UNITED STATES	USA																		1	070	070	07	2	7.0	1	1	1	-0.44543429844098	3	El Paso, Texas, United States	US	USTX	TX141	31.7587	-106.487	1380946	0								3	El Paso County, Texas, United States	US	USTX		31.8001	-106.201	1383855	20241015021500	https://kvia.com/your-voice-your-vote/2024/10/14/105000-being-used-to-campaign-in-support-of-the-umc-bond-which-prominent-el-pasoans-are-contributing/
1204116384	20241015	202410	2024	2024.7808	USA	UNITED STATES	USA																		0	070	070	07	2	7.0	4	1	4	2.99823633156967	3	Little Rock, Arkansas, United States	US	USAR	AR119	34.7465	-92.2896	83350	0								3	Little Rock, Arkansas, United States	US	USAR		34.7465	-92.2896	83350	20241015021500	https://www.arkansasonline.com/news/2024/oct/14/little-rock-water-bonds-linda-chesterfield-blake-tierney-ryan-callison/
1204116385	20241015	202410	2024	2024.7808	USA	A US	USA																		0	070	070	07	2	7.0	10	1	10	3.15789473684211	1	India	IN	IN		20	77	IN	0								1	India	IN	IN		20	77	IN	20241015021500	https://www.digitalspy.com/tv/reality-tv/a62600400/rylan-responds-voice-changes/
1204116386	20241015	202410	2024	2024.7808	USA	PORTLAND	USA																		1	071	071	07	2	7.4	8	1	8	-14.1078838174274	3	Portland, Oregon, United States	US	USOR	OR051	45.5235	-122.676	1136645	0								3	Portland, Oregon, United States	US	USOR	OR051	45.5235	-122.676	1136645	20241015021500	https://www.kgw.com/article/news/crime/florida-woman-computer-hack-portland-million-theft-sentenced/283-cfad25a0-7dd2-4fb2-8734-39777016c01a
1204116387	20241015	202410	2024	2024.7808	USA	UNITED STATES	USA																		1	071	071	07	2	7.4	2	1	2	-14.1078838174274	3	Portland, Oregon, United States	US	USOR	OR051	45.5235	-122.676	1136645	0								2	Florida, United States	US	USFL		27.8333	-81.717	FL	20241015021500	https://www.kgw.com/article/news/crime/florida-woman-computer-hack-portland-million-theft-sentenced/283-cfad25a0-7dd2-4fb2-8734-39777016c01a
1204116388	20241015	202410	2024	2024.7808	USA	IOWA	USA																		0	071	071	07	2	7.4	7	1	7	2.5390625	2	Iowa, United States	US	USIA		42.0046	-93.214	IA	0								3	Sioux City, Iowa, United States	US	USIA		42.5	-96.4003	461653	20241015021500	https://siouxcityjournal.com/news/local/education/sioux-city-school-board-substitute-pay/article_4c08c328-8a80-11ef-97f5-3fc98b2e8f1a.html
1204116389	20241015	202410	2024	2024.7808	USA	INDIANA	USA																		1	071	071	07	2	7.4	10	1	10	1.69971671388102	2	Indiana, United States	US	USIN		39.8647	-86.2604	IN	0								2	Indiana, United States	US	USIN		39.8647	-86.2604	IN	20241015021500	https://www.wthitv.com/news/merom-camp-awarded-24-500-grant-to-strengthen-community-connections-and-combat-isolation/article_0f261002-8a6f-11ef-bc78-7fdcf2318d50.html
1204116390	20241015	202410	2024	2024.7808	USA	UNITED STATES	USA																		1	071	071	07	2	7.4	4	1	4	0	2	Missouri, United States	US	USMO		38.4623	-92.302	MO	0								2	Missouri, United States	US	USMO		38.4623	-92.302	MO	20241015021500	https://www.kcur.org/podcast/up-to-date/2024-10-14/lucas-kunce-missouri-us-senate-kamala-harris-josh-hawley
1204116391	20241015	202410	2024	2024.7808	USA	IOWA	USA																		0	072	072	07	2	8.3	10	1	10	2.5390625	2	Iowa, United States	US	USIA		42.0046	-93.214	IA	0								2	Iowa, United States	US	USIA		42.0046	-93.214	IA	20241015021500	https://siouxcityjournal.com/news/local/education/sioux-city-school-board-substitute-pay/article_4c08c328-8a80-11ef-97f5-3fc98b2e8f1a.html
1204116392	20241015	202410	2024	2024.7808	USA	UNITED STATES	USA																		0	073	073	07	2	7.4	2	1	2	-4.01529636711281	3	Olmos Park, Texas, United States	US	USTX	TX029	29.4788	-98.4875	1343270	0								3	Olmos Park, Texas, United States	US	USTX		29.4788	-98.4875	1343270	20241015021500	http://www.expressnews.com/news/article/suzanne-simpson-brad-search-landfill-san-antonio-19837050.php
1204116393	20241015	202410	2024	2024.7808	USA	UNITED STATES	USA																		0	073	073	07	2	7.4	1	1	1	-4.01529636711281	3	Olmos Park, Texas, United States	US	USTX	TX029	29.4788	-98.4875	1343270	0								3	Bexar County, Texas, United States	US	USTX		29.4502	-98.517	1383800	20241015021500	http://www.expressnews.com/news/article/suzanne-simpson-brad-search-landfill-san-antonio-19837050.php
1204116394	20241015	202410	2024	2024.7808	USA	UNITED STATES	USA																		0	073	073	07	2	7.4	1	1	1	-4.01529636711281	3	Olmos Park, Texas, United States	US	USTX	TX029	29.4788	-98.4875	1343270	0								3	Kendall County, Texas, United States	US	USTX		29.9335	-98.717	1383915	20241015021500	http://www.expressnews.com/news/article/suzanne-simpson-brad-search-landfill-san-antonio-19837050.php
1204116395	20241015	202410	2024	2024.7808	USA	TEXAS	USA																		1	073	073	07	2	7.4	10	1	10	-4.20168067226891	3	Hudspeth County, Texas, United States	US	USTX	TX229	31.4668	-105.301	1383900	0								2	Texas, United States	US	USTX		31.106	-97.6475	TX	20241015021500	https://kvia.com/news/abc-7-alert-center/2024/10/14/person-airlifted-after-serious-crash-in-culberson-county/
1204116396	20241015	202410	2024	2024.7808	USA	UNITED STATES	USA																		0	073	073	07	2	7.4	4	1	4	-3.80589914367269	3	Volusia County, Florida, United States	US	USFL	FL127	29.0836	-81.2081	306921	0								3	Volusia County, Florida, United States	US	USFL		29.0836	-81.2081	306921	20241015021500	https://www.wesh.com/article/granddaughter-remembers-orange-city-man-died-hurricane-milton/62601092
1204116397	20241015	202410	2024	2024.7808	USA	UNITED STATES	USA																		0	080	080	08	2	5.0	4	1	4	3.76237623762376	2	New York, United States	US	USNY		42.1497	-74.9384	NY	0								2	New York, United States	US	USNY		42.1497	-74.9384	NY	20241015021500	https://www.livesaildie.com/puig-womens-americas-cup-heralds-a-new-dawn-as-female-sailors-take-centre-stage/
1204116398	20241015	202410	2024	2024.7808	USA	UNITED STATES	USA																		0	080	080	08	2	5.0	1	1	1	3.76237623762376	2	New York, United States	US	USNY		42.1497	-74.9384	NY	0								1	United Kingdom	UK	UK		54	-4	UK	20241015021500	https://www.livesaildie.com/puig-womens-americas-cup-heralds-a-new-dawn-as-female-sailors-take-centre-stage/
1204116399	20241015	202410	2024	2024.7808	USA	UNITED STATES	USA																		0	080	080	08	2	5.0	1	1	1	3.76237623762376	1	Sweden	SW	SW		62	15	SW	0								1	Sweden	SW	SW		62	15	SW	20241015021500	https://www.livesaildie.com/puig-womens-americas-cup-heralds-a-new-dawn-as-female-sailors-take-centre-stage/
1204116400	20241015	202410	2024	2024.7808	USA	UNITED STATES	USA																		0	084	084	08	2	7.0	1	1	1	2.99823633156967	2	Arkansas, United States	US	USAR		34.9513	-92.3809	AR	0								2	Arkansas, United States	US	USAR		34.9513	-92.3809	AR	20241015021500	https://www.arkansasonline.com/news/2024/oct/14/little-rock-water-bonds-linda-chesterfield-blake-tierney-ryan-callison/
1204116401	20241015	202410	2024	2024.7808	USA	UNITED STATES	USA																		1	0874	087	08	2	10.0	2	1	2	0	2	Missouri, United States	US	USMO		38.4623	-92.302	MO	0								2	Missouri, United States	US	USMO		38.4623	-92.302	MO	20241015021500	https://www.kcur.org/podcast/up-to-date/2024-10-14/lucas-kunce-missouri-us-senate-kamala-harris-josh-hawley
1204116402	20241015	202410	2024	2024.7808	USA	TEXAS	USA																		0	090	090	09	2	-2.0	5	1	5	-4.15360501567398	3	Texas Department Of Public Safety, Texas, United States	US	USTX	TX453	30.3263	-97.7242	1348410	0								3	Texas Department Of Public Safety, Texas, United States	US	USTX		30.3263	-97.7242	1348410	20241015021500	http://www.expressnews.com/news/article/suzanne-simpson-missing-san-antonio-mother-19836401.php
1204116403	20241015	202410	2024	2024.7808	USA	UNITED STATES	USA																		0	090	090	09	2	-2.0	4	1	4	-4.15360501567398	3	Bexar County, Texas, United States	US	USTX	TX029	29.4502	-98.517	1383800	0								3	Bexar County, Texas, United States	US	USTX		29.4502	-98.517	1383800	20241015021500	http://www.expressnews.com/news/article/suzanne-simpson-missing-san-antonio-mother-19836401.php
1204116404	20241015	202410	2024	2024.7808	USA	TEXAS	USA																		0	090	090	09	2	-2.0	3	1	3	-4.01529636711281	2	Texas, United States	US	USTX		31.106	-97.6475	TX	0								2	Texas, United States	US	USTX		31.106	-97.6475	TX	20241015021500	http://www.expressnews.com/news/article/suzanne-simpson-brad-search-landfill-san-antonio-19837050.php
1204116405	20241015	202410	2024	2024.7808	USA	UNITED STATES	USA																		1	110	110	11	3	-2.0	1	1	1	0	2	Missouri, United States	US	USMO		38.4623	-92.302	MO	0								2	Missouri, United States	US	USMO		38.4623	-92.302	MO	20241015021500	https://www.kcur.org/podcast/up-to-date/2024-10-14/lucas-kunce-missouri-us-senate-kamala-harris-josh-hawley
1204116406	20241015	202410	2024	2024.7808	USA	GREENVILLE	USA																		1	111	111	11	3	-2.0	8	2	8	-2.79733959311424	3	Greenville, Pennsylvania, United States	US	USPA	PA033	41.0106	-78.6042	1176173	0								2	Pennsylvania, United States	US	USPA		40.5773	-77.264	PA	20241015021500	https://www.theyeshivaworld.com/news/general/2324735/kamala-harris-will-sit-down-with-bret-baier-for-her-first-fox-news-interview.html
1204116407	20241015	202410	2024	2024.7808	USA	UNITED STATES	USA																		1	111	111	11	3	-2.0	1	1	1	0	2	Missouri, United States	US	USMO		38.4623	-92.302	MO	0								2	Missouri, United States	US	USMO		38.4623	-92.302	MO	20241015021500	https://www.kcur.org/podcast/up-to-date/2024-10-14/lucas-kunce-missouri-us-senate-kamala-harris-josh-hawley
1204116408	20241015	202410	2024	2024.7808	USA	UNITED STATES	USA																		0	112	112	11	3	-2.0	3	1	3	-4.66830466830466	2	Florida, United States	US	USFL		27.8333	-81.717	FL	0								2	Pennsylvania, United States	US	USPA		40.5773	-77.264	PA	20241015021500	https://www.theyeshivaworld.com/news/general/2324476/bitter-biden-white-house-denies-accusations-that-joe-biden-is-sabotaging-kamala-harris-campaign.html
1204116409	20241015	202410	2024	2024.7808	USA	UNITED STATES	USA																		0	114	114	11	3	-2.0	4	1	4	-1.21212121212121	2	Iowa, United States	US	USIA		42.0046	-93.214	IA	0								2	Iowa, United States	US	USIA		42.0046	-93.214	IA	20241015021500	https://www.yahoo.com/news/dmacc-dean-asks-board-trustees-013916427.html
1204116410	20241015	202410	2024	2024.7808	USA	UNITED STATES	USA																		1	115	115	11	3	-2.0	2	1	2	-2.46679316888045	2	Massachusetts, United States	US	USMA		42.2373	-71.5314	MA	0								2	Massachusetts, United States	US	USMA		42.2373	-71.5314	MA	20241015021500	https://www.necn.com/news/local/segregation-massachusetts-schools/3357174/
1204116411	20241015	202410	2024	2024.7808	USA	UNITED STATES	USA																		1	120	120	12	3	-4.0	2	1	2	2.58620689655173	3	Chicago, Illinois, United States	US	USIL	IL031	41.85	-87.6501	423587	0								3	Chicago, Illinois, United States	US	USIL	IL031	41.85	-87.6501	423587	20241015021500	https://wdrv.com/r-e-m-s-music-to-soundtrack-classic-buster-keaton-silent-film/
1204116412	20241015	202410	2024	2024.7808	USA	UNITED STATES	USA																		0	120	120	12	3	-4.0	4	1	4	-1.21212121212121	2	Iowa, United States	US	USIA		42.0046	-93.214	IA	0								2	Iowa, United States	US	USIA		42.0046	-93.214	IA	20241015021500	https://www.yahoo.com/news/dmacc-dean-asks-board-trustees-013916427.html
1204116413	20241015	202410	2024	2024.7808	USA	AMERICAN	USA																		1	125	125	12	3	-5.0	7	1	7	-2.25352112676057	1	United States	US	US		39.828175	-98.5795	US	0								1	United States	US	US		39.828175	-98.5795	US	20241015021500	https://cartermatt.com/669517/american-horror-story-season-13-premiere-date-the-current-plan/
1204116414	20241015	202410	2024	2024.7808	USA	MINNESOTA	USA																		1	141	141	14	3	-6.5	2	1	2	-1.37299771167048	2	Minnesota, United States	US	USMN		45.7326	-93.9196	MN	0								3	Green Bay, Wisconsin, United States	US	USWI		44.5192	-88.0198	1565801	20241015021500	https://www.foxnews.com/politics/tim-walz-boasts-about-having-support-dick-cheney-bernie-sanders-taylor-swift-during-wisconsin-rally
1204116415	20241015	202410	2024	2024.7808	USA	MINNESOTA	USA																		1	141	141	14	3	-6.5	2	1	2	-1.37299771167048	2	Minnesota, United States	US	USMN		45.7326	-93.9196	MN	0								2	Minnesota, United States	US	USMN		45.7326	-93.9196	MN	20241015021500	https://www.foxnews.com/politics/tim-walz-boasts-about-having-support-dick-cheney-bernie-sanders-taylor-swift-during-wisconsin-rally
1204116416	20241015	202410	2024	2024.7808	USA	UNITED STATES	USA																		1	160	160	16	4	-4.0	8	1	8	2.38095238095238	3	Virginia Beach, Virginia, United States	US	USVA	VA810	36.8529	-75.978	1500261	0								3	Virginia Beach, Virginia, United States	US	USVA		36.8529	-75.978	1500261	20241015021500	https://www.yahoo.com/news/task-force-2-members-come-232854042.html
1204116417	20241015	202410	2024	2024.7808	USA	SAN ANTONIO	USA																		1	172	172	17	4	-5.0	10	1	10	-6.93877551020408	3	San Antonio, Texas, United States	US	USTX	TX029	29.4241	-98.4936	1380951	0								3	San Antonio, Texas, United States	US	USTX		29.4241	-98.4936	1380951	20241015021500	https://www.kens5.com/article/news/local/san-antonio-texas-man-nathaniel-armed-melendez-2022-house-party-shooting-murder-evelyn-gumbardo-sentenced-70-years/273-a3985c63-1f82-495d-8f28-b03135319762
1204116418	20241015	202410	2024	2024.7808	USA	UNITED STATES	USA																		1	172	172	17	4	-5.0	8	1	8	-4	2	Georgia, United States	US	USGA		32.9866	-83.6487	GA	0								2	Georgia, United States	US	USGA		32.9866	-83.6487	GA	20241015021500	https://menafn.com/1108778304/Georgian-PM-Believes-That-Ending-War-In-Ukraine-WillReset-Relations-With-EU-US
1204116419	20241015	202410	2024	2024.7808	USA	SAN ANTONIO	USA																		1	1722	172	17	4	-5.0	10	1	10	-6.93877551020408	3	San Antonio, Texas, United States	US	USTX	TX029	29.4241	-98.4936	1380951	0								3	San Antonio, Texas, United States	US	USTX		29.4241	-98.4936	1380951	20241015021500	https://www.kens5.com/article/news/local/san-antonio-texas-man-nathaniel-armed-melendez-2022-house-party-shooting-murder-evelyn-gumbardo-sentenced-70-years/273-a3985c63-1f82-495d-8f28-b03135319762
1204116420	20241015	202410	2024	2024.7808	USA	SAN ANTONIO	USA																		1	1722	172	17	4	-5.0	10	1	10	-6.93877551020408	3	Bexar County, Texas, United States	US	USTX	TX029	29.4502	-98.517	1383800	0								3	Bexar County, Texas, United States	US	USTX		29.4502	-98.517	1383800	20241015021500	https://www.kens5.com/article/news/local/san-antonio-texas-man-nathaniel-armed-melendez-2022-house-party-shooting-murder-evelyn-gumbardo-sentenced-70-years/273-a3985c63-1f82-495d-8f28-b03135319762
1204116421	20241015	202410	2024	2024.7808	USA	UNITED STATES	USA																		0	173	173	17	4	-5.0	1	1	1	-4.01529636711281	3	Olmos Park, Texas, United States	US	USTX	TX029	29.4788	-98.4875	1343270	0								3	Olmos Park, Texas, United States	US	USTX		29.4788	-98.4875	1343270	20241015021500	http://www.expressnews.com/news/article/suzanne-simpson-brad-search-landfill-san-antonio-19837050.php
1204116422	20241015	202410	2024	2024.7808	USA	UNITED STATES	USA																		0	173	173	17	4	-5.0	1	1	1	-4.01529636711281	3	Bexar County, Texas, United States	US	USTX	TX029	29.4502	-98.517	1383800	0								3	Olmos Park, Texas, United States	US	USTX		29.4788	-98.4875	1343270	20241015021500	http://www.expressnews.com/news/article/suzanne-simpson-brad-search-landfill-san-antonio-19837050.php
1204116423	20241015	202410	2024	2024.7808	USA	UNITED STATES	USA																		1	173	173	17	4	-5.0	8	1	8	-4.0844506913934	3	Bexar County, Texas, United States	US	USTX	TX029	29.4502	-98.517	1383800	0								3	Bexar County, Texas, United States	US	USTX		29.4502	-98.517	1383800	20241015021500	http://www.expressnews.com/news/article/suzanne-simpson-missing-san-antonio-mother-19836401.php
1204116424	20241015	202410	2024	2024.7808	USA	UNITED STATES	USA																		0	180	180	18	4	-9.0	1	1	1	-4.01529636711281	3	Olmos Park, Texas, United States	US	USTX	TX029	29.4788	-98.4875	1343270	0								3	Olmos Park, Texas, United States	US	USTX		29.4788	-98.4875	1343270	20241015021500	http://www.expressnews.com/news/article/suzanne-simpson-brad-search-landfill-san-antonio-19837050.php
1204116425	20241015	202410	2024	2024.7808	USA	UNITED STATES	USA																		1	180	180	18	4	-9.0	2	1	2	-4.01529636711281	3	San Antonio, Texas, United States	US	USTX	TX029	29.4241	-98.4936	1380951	0								3	Bexar County, Texas, United States	US	USTX		29.4502	-98.517	1383800	20241015021500	http://www.expressnews.com/news/article/suzanne-simpson-brad-search-landfill-san-antonio-19837050.php
1204116426	20241015	202410	2024	2024.7808	USA	UNITED STATES	USA																		0	180	180	18	4	-9.0	1	1	1	-4.01529636711281	3	Bexar County, Texas, United States	US	USTX	TX029	29.4502	-98.517	1383800	0								3	Olmos Park, Texas, United States	US	USTX		29.4788	-98.4875	1343270	20241015021500	http://www.expressnews.com/news/article/suzanne-simpson-brad-search-landfill-san-antonio-19837050.php
1204116427	20241015	202410	2024	2024.7808	USA	UNITED STATES	USA																		1	180	180	18	4	-9.0	10	1	8	-4.07061982653728	3	Bexar County, Texas, United States	US	USTX	TX029	29.4502	-98.517	1383800	0								3	Bexar County, Texas, United States	US	USTX		29.4502	-98.517	1383800	20241015021500	http://www.expressnews.com/news/article/suzanne-simpson-missing-san-antonio-mother-19836401.php
1204116428	20241015	202410	2024	2024.7808	USA	UNITED STATES	USA																		1	180	180	18	4	-9.0	4	1	4	-17.5324675324675	3	Anchorage, Alaska, United States	US	USAK	AK020	61.2181	-149.9	1398242	0								3	Anchorage, Alaska, United States	US	USAK	AK020	61.2181	-149.9	1398242	20241015021500	https://www.theartistree.fm/journal/405479/anchorage-struggles-with-prosecutor-shortage-leading-to-dismissal-of-serious-criminal-cases/
1204116429	20241015	202410	2024	2024.7808	USA	SAN ANTONIO	USA																		1	190	190	19	4	-10.0	18	1	10	-6.93877551020408	3	San Antonio, Texas, United States	US	USTX	TX029	29.4241	-98.4936	1380951	0								3	San Antonio, Texas, United States	US	USTX		29.4241	-98.4936	1380951	20241015021500	https://www.kens5.com/article/news/local/san-antonio-texas-man-nathaniel-armed-melendez-2022-house-party-shooting-murder-evelyn-gumbardo-sentenced-70-years/273-a3985c63-1f82-495d-8f28-b03135319762
1204116430	20241015	202410	2024	2024.7808	USA	VIRGINIA	USA																		1	190	190	19	4	-10.0	14	1	10	-3.80549682875264	2	Virginia, United States	US	USVA		37.768	-78.2057	VA	0								2	Virginia, United States	US	USVA		37.768	-78.2057	VA	20241015021500	https://www.journal-news.net/journal-news/park-to-celebrate-165th-anniversary-of-john-brown-raid/article_03523df2-da5f-5fbe-aa12-0b841a911701.html
1204116431	20241015	202410	2024	2024.7808	USA	NEBRASKA	USA																		0	192	192	19	4	-9.5	10	1	10	0.18832391713748	2	Nebraska, United States	US	USNE		41.1289	-98.2883	NE	0								2	Nebraska, United States	US	USNE		41.1289	-98.2883	NE	20241015021500	https://www.ksnblocal4.com/2024/10/14/keep-winter-coat-handy-youll-need-it-next-couple-mornings/
1204116432	20241015	202410	2024	2024.7808	USA	AMERICAN	USA																		1	192	192	19	4	-9.5	7	1	7	-2.25352112676057	1	United States	US	US		39.828175	-98.5795	US	0								1	United States	US	US		39.828175	-98.5795	US	20241015021500	https://cartermatt.com/669517/american-horror-story-season-13-premiere-date-the-current-plan/
1204116433	20241015	202410	2024	2024.7808	USA	UNITED STATES	USA								CHRCTH	CATHOLIC				CHR	CTH				1	0231	023	02	1	3.4	4	1	4	-2.5735294117647	3	Columbus, Ohio, United States	US	USOH	OH049	39.9612	-82.9988	1080996	3	Columbus, Ohio, United States	US	USOH	OH049	39.9612	-82.9988	1080996	3	Columbus, Ohio, United States	US	USOH	OH049	39.9612	-82.9988	1080996	20241015021500	https://www.nysun.com/article/the-democrats-religion-problem
1204116434	20241015	202410	2024	2024.7808	USA	UNITED STATES	USA								CHRCTH	CATHOLIC				CHR	CTH				1	120	120	12	3	-4.0	4	1	4	-2.5735294117647	3	Columbus, Ohio, United States	US	USOH	OH049	39.9612	-82.9988	1080996	3	Columbus, Ohio, United States	US	USOH	OH049	39.9612	-82.9988	1080996	3	Columbus, Ohio, United States	US	USOH	OH049	39.9612	-82.9988	1080996	20241015021500	https://www.nysun.com/article/the-democrats-religion-problem
1204116435	20241015	202410	2024	2024.7808	USA	UNITED STATES	USA								COP	POLICE						COP			0	013	013	01	1	0.4	4	1	4	-4.15360501567398	3	Bexar County, Texas, United States	US	USTX	TX029	29.4502	-98.517	1383800	3	Bexar County, Texas, United States	US	USTX		29.4502	-98.517	1383800	3	Bexar County, Texas, United States	US	USTX		29.4502	-98.517	1383800	20241015021500	http://www.expressnews.com/news/article/suzanne-simpson-missing-san-antonio-mother-19836401.php
1204116436	20241015	202410	2024	2024.7808	USA	UNITED STATES	USA								COP	POLICE						COP			0	043	043	04	1	2.8	1	1	1	-4.15360501567398	3	Bexar County, Texas, United States	US	USTX	TX029	29.4502	-98.517	1383800	3	San Antonio, Texas, United States	US	USTX		29.4241	-98.4936	1380951	3	San Antonio, Texas, United States	US	USTX		29.4241	-98.4936	1380951	20241015021500	http://www.expressnews.com/news/article/suzanne-simpson-missing-san-antonio-mother-19836401.php
1204116437	20241015	202410	2024	2024.7808	USA	UNITED STATES	USA								COP	POLICE						COP			1	043	043	04	1	2.8	5	1	5	-4.04295809682504	3	Bexar County, Texas, United States	US	USTX	TX029	29.4502	-98.517	1383800	3	Bexar County, Texas, United States	US	USTX		29.4502	-98.517	1383800	3	Bexar County, Texas, United States	US	USTX		29.4502	-98.517	1383800	20241015021500	http://www.expressnews.com/news/article/suzanne-simpson-brad-search-landfill-san-antonio-19837050.php
1204116438	20241015	202410	2024	2024.7808	USA	UNITED STATES	USA								COP	TROOPER						COP			1	060	060	06	2	6.0	7	1	7	-4.20168067226891	3	Hudspeth County, Texas, United States	US	USTX	TX229	31.4668	-105.301	1383900	2	Texas, United States	US	USTX		31.106	-97.6475	TX	2	Texas, United States	US	USTX		31.106	-97.6475	TX	20241015021500	https://kvia.com/news/abc-7-alert-center/2024/10/14/person-airlifted-after-serious-crash-in-culberson-county/
1204116439	20241015	202410	2024	2024.7808	USA	UNITED STATES	USA								COP	TROOPER						COP			1	060	060	06	2	6.0	1	1	1	-4.20168067226891	2	Texas, United States	US	USTX		31.106	-97.6475	TX	2	Texas, United States	US	USTX		31.106	-97.6475	TX	2	Texas, United States	US	USTX		31.106	-97.6475	TX	20241015021500	https://kvia.com/news/abc-7-alert-center/2024/10/14/person-airlifted-after-serious-crash-in-culberson-county/
1204116440	20241015	202410	2024	2024.7808	USA	VIRGINIA	USA								COP	POLICE CHIEF						COP			1	084	084	08	2	7.0	2	1	2	-5.26315789473684	2	Virginia, United States	US	USVA		37.768	-78.2057	VA	3	Fairfax County, Virginia, United States	US	USVA		38.8501	-77.3497	1480119	3	Fairfax County, Virginia, United States	US	USVA		38.8501	-77.3497	1480119	20241015021500	https://cedarnews.net/newstasks/772767/virginia-fairfax-county-police-chief-kevin-davis-released-body-worn-camera-footage-monday-from-the-officer-involved-shooting/
1204116441	20241015	202410	2024	2024.7808	USA	VIRGINIA	USA								COP	POLICE CHIEF						COP			1	0841	084	08	2	7.0	2	1	2	-5.26315789473684	3	Fairfax County, Virginia, United States	US	USVA	VA059	38.8501	-77.3497	1480119	3	Fairfax County, Virginia, United States	US	USVA		38.8501	-77.3497	1480119	3	Fairfax County, Virginia, United States	US	USVA		38.8501	-77.3497	1480119	20241015021500	https://cedarnews.net/newstasks/772767/virginia-fairfax-county-police-chief-kevin-davis-released-body-worn-camera-footage-monday-from-the-officer-involved-shooting/
1204116442	20241015	202410	2024	2024.7808	USA	UNITED STATES	USA								COP	POLICE						COP			1	193	193	19	4	-10.0	8	1	8	-7.12871287128713	3	Los Angeles, California, United States	US	USCA	CA037	34.0522	-118.244	1662328	3	Los Angeles, California, United States	US	USCA		34.0522	-118.244	1662328	3	Los Angeles, California, United States	US	USCA		34.0522	-118.244	1662328	20241015021500	https://kvia.com/news/us-world/cnn-national/cnn-regional/2024/10/14/5-shootings-happened-in-l-a-county-over-the-weekend/
1204116443	20241015	202410	2024	2024.7808	USA	VIRGINIA	USA								COP	POLICE CHIEF						COP			1	193	193	19	4	-10.0	2	1	2	-5.26315789473684	2	Virginia, United States	US	USVA		37.768	-78.2057	VA	3	Fairfax County, Virginia, United States	US	USVA		38.8501	-77.3497	1480119	3	Fairfax County, Virginia, United States	US	USVA		38.8501	-77.3497	1480119	20241015021500	https://cedarnews.net/newstasks/772767/virginia-fairfax-county-police-chief-kevin-davis-released-body-worn-camera-footage-monday-from-the-officer-involved-shooting/
1204116444	20241015	202410	2024	2024.7808	USA	UNITED STATES	USA								CVL	VOTER						CVL			0	010	010	01	1	0.0	1	1	1	-3.79008746355685	2	Pennsylvania, United States	US	USPA		40.5773	-77.264	PA	2	Pennsylvania, United States	US	USPA		40.5773	-77.264	PA	2	New Mexico, United States	US	USNM		34.8375	-106.237	NM	20241015021500	https://www.gloucestertimes.com/election/galvin-faces-new-lawsuit-over-voters-rolls/article_40c89d7f-92d8-53c4-9398-02f70db40025.html
1204116445	20241015	202410	2024	2024.7808	USA	UNITED STATES	USA								CVL	VOTER						CVL			0	010	010	01	1	0.0	1	1	1	-3.79008746355685	2	Pennsylvania, United States	US	USPA		40.5773	-77.264	PA	2	Pennsylvania, United States	US	USPA		40.5773	-77.264	PA	2	Pennsylvania, United States	US	USPA		40.5773	-77.264	PA	20241015021500	https://www.gloucestertimes.com/election/galvin-faces-new-lawsuit-over-voters-rolls/article_40c89d7f-92d8-53c4-9398-02f70db40025.html
1204116446	20241015	202410	2024	2024.7808	USA	MILWAUKEE	USA								CVL	INDIGENOUS PEOPLE						CVL			1	043	043	04	1	2.8	45	1	10	5.59139784946237	0								0								0								20241015021500	https://www.wisn.com/article/milwaukee-public-museum-hosts-indigenous-peoples-day/62600385
1204116447	20241015	202410	2024	2024.7808	USA	SOUTH DAKOTA	USA								CVL	INDIGENOUS PEOPLE						CVL			1	051	051	05	1	3.4	10	1	10	1.21457489878543	2	South Dakota, United States	US	USSD		44.2853	-99.4632	SD	2	South Dakota, United States	US	USSD		44.2853	-99.4632	SD	2	South Dakota, United States	US	USSD		44.2853	-99.4632	SD	20241015021500	https://www.kotatv.com/2024/10/15/ndn-collective-brings-people-together-celebrate-indigenous-peoples-day/
1204116448	20241015	202410	2024	2024.7808	USA	UNITED STATES	USA								CVLEDU	COMMUNITY						CVL	EDU		0	020	020	02	1	3.0	4	1	4	-1.21212121212121	2	Iowa, United States	US	USIA		42.0046	-93.214	IA	2	Iowa, United States	US	USIA		42.0046	-93.214	IA	2	Iowa, United States	US	USIA		42.0046	-93.214	IA	20241015021500	https://www.yahoo.com/news/dmacc-dean-asks-board-trustees-013916427.html
1204116449	20241015	202410	2024	2024.7808	USA	INDIANA	USA								EDU	UNIVERSITY						EDU			1	010	010	01	1	0.0	5	1	5	-5.26315789473684	0								0								0								20241015021500	https://www.wthitv.com/news/police-investigating-report-of-rape-at-indiana-state-university/article_84bb7568-8a7f-11ef-980a-9ff4d49df20b.html
1204116450	20241015	202410	2024	2024.7808	USA	UNITED STATES	USA								EDU	STUDENT						EDU			1	010	010	01	1	0.0	2	1	2	5.15759312320916	3	University Book Store, Iowa, United States	US	USIA	IA153	41.6044	-93.6588	2048581	2	Iowa, United States	US	USIA		42.0046	-93.214	IA	3	University Book Store, Iowa, United States	US	USIA		41.6044	-93.6588	2048581	20241015021500	https://iowastatedaily.com/301912/news/shark-tank-personality-daymond-john-to-visit-iowa-state-next-week/
1204116451	20241015	202410	2024	2024.7808	USA	UNITED STATES	USA								EDU	COLLEGE						EDU			0	020	020	02	1	3.0	2	1	2	-1.21212121212121	2	Iowa, United States	US	USIA		42.0046	-93.214	IA	2	Iowa, United States	US	USIA		42.0046	-93.214	IA	2	Iowa, United States	US	USIA		42.0046	-93.214	IA	20241015021500	https://www.yahoo.com/news/dmacc-dean-asks-board-trustees-013916427.html
1204116452	20241015	202410	2024	2024.7808	USA	UNITED STATES	USA								EDU	STUDENT						EDU			1	042	042	04	1	1.9	4	1	4	2.18978102189781	2	North Dakota, United States	US	USND		47.5362	-99.793	ND	2	North Dakota, United States	US	USND		47.5362	-99.793	ND	2	North Dakota, United States	US	USND		47.5362	-99.793	ND	20241015021500	https://www.inforum.com/news/north-dakota/ndsu-program-offers-students-a-direct-path-into-north-dakotas-energy-sector
1204116453	20241015	202410	2024	2024.7808	USA	UNITED STATES	USA								EDU	UNIVERSITY						EDU			0	090	090	09	2	-2.0	4	1	4	-1.45175064047822	1	Spain	SP	SP		40	-4	SP	1	Spain	SP	SP		40	-4	SP	1	Spain	SP	SP		40	-4	SP	20241015021500	https://www.yahoo.com/news/buresh-blog-mighty-milton-recap-011151480.html
1204116454	20241015	202410	2024	2024.7808	USA	VIRGINIA	USA								EDU	UNIVERSITY						EDU			1	190	190	19	4	-10.0	7	1	6	-10.5263157894737	4	Petersburg, Sankt-Peterburg, Russia	RS	RS66	25095	59.8944	30.2642	-2996338	4	Petersburg, Sankt-Peterburg, Russia	RS	RS66	25095	59.8944	30.2642	-2996338	4	Petersburg, Sankt-Peterburg, Russia	RS	RS66	25095	59.8944	30.2642	-2996338	20241015021500	https://cedarnews.net/newstasks/772771/virginia-state-university-was-placed-on-lockdown-night-after-shots-were-fired-near-moore-hall/
1204116455	20241015	202410	2024	2024.7808	USA	UNITED STATES	USA								GOV	ADVISORY BOARD						GOV			1	036	036	03	1	4.0	2	1	2	1.49253731343284	3	Calverton, New York, United States	US	USNY	NY103	40.9065	-72.7434	945505	3	Calverton, New York, United States	US	USNY	NY103	40.9065	-72.7434	945505	3	Calverton, New York, United States	US	USNY	NY103	40.9065	-72.7434	945505	20241015021500	https://riverheadlocal.com/2024/10/14/calverton-restoration-advisory-board-meeting-set-for-oct-29-at-the-residence-inn/
1204116456	20241015	202410	2024	2024.7808	USA	UNITED STATES	USA								GOV	ADVISORY BOARD						GOV			1	036	036	03	1	4.0	4	1	4	1.49253731343284	3	Riverhead, New York, United States	US	USNY	NY103	40.917	-72.662	962565	3	Calverton, New York, United States	US	USNY	NY103	40.9065	-72.7434	945505	3	Calverton, New York, United States	US	USNY	NY103	40.9065	-72.7434	945505	20241015021500	https://riverheadlocal.com/2024/10/14/calverton-restoration-advisory-board-meeting-set-for-oct-29-at-the-residence-inn/
1204116457	20241015	202410	2024	2024.7808	USA	UNITED STATES	USA								GOV	ADVISORY BOARD						GOV			1	046	046	04	1	7.0	2	1	2	1.49253731343284	3	Calverton, New York, United States	US	USNY	NY103	40.9065	-72.7434	945505	3	Calverton, New York, United States	US	USNY	NY103	40.9065	-72.7434	945505	3	Calverton, New York, United States	US	USNY	NY103	40.9065	-72.7434	945505	20241015021500	https://riverheadlocal.com/2024/10/14/calverton-restoration-advisory-board-meeting-set-for-oct-29-at-the-residence-inn/
1204116458	20241015	202410	2024	2024.7808	USA	UNITED STATES	USA								GOV	ADVISORY BOARD						GOV			1	046	046	04	1	7.0	4	1	4	1.49253731343284	3	Riverhead, New York, United States	US	USNY	NY103	40.917	-72.662	962565	3	Calverton, New York, United States	US	USNY	NY103	40.9065	-72.7434	945505	3	Calverton, New York, United States	US	USNY	NY103	40.9065	-72.7434	945505	20241015021500	https://riverheadlocal.com/2024/10/14/calverton-restoration-advisory-board-meeting-set-for-oct-29-at-the-residence-inn/
1204116459	20241015	202410	2024	2024.7808	USA	UNITED STATES	USA								GOV	ADMINISTRATION						GOV			1	090	090	09	2	-2.0	6	1	6	-3.37662337662338	2	New York, United States	US	USNY		42.1497	-74.9384	NY	2	New York, United States	US	USNY		42.1497	-74.9384	NY	2	New York, United States	US	USNY		42.1497	-74.9384	NY	20241015021500	https://kvia.com/news/us-world/2024/10/14/a-woman-is-being-questioned-in-her-sons-death-neighbors-didnt-even-know-she-had-a-child/
1204116460	20241015	202410	2024	2024.7808	USA	UNITED STATES	USA								GOV	AUTHORITIES						GOV			0	090	090	09	2	-2.0	4	1	4	-4.01529636711281	2	Texas, United States	US	USTX		31.106	-97.6475	TX	2	Texas, United States	US	USTX		31.106	-97.6475	TX	2	Texas, United States	US	USTX		31.106	-97.6475	TX	20241015021500	http://www.expressnews.com/news/article/suzanne-simpson-brad-search-landfill-san-antonio-19837050.php
1204116461	20241015	202410	2024	2024.7808	USA	UNITED STATES	USA								HLH	DOCTOR						HLH			1	020	020	02	1	3.0	2	1	2	-3.1413612565445	3	Philadelphia, Pennsylvania, United States	US	USPA	PA101	39.9523	-75.1638	1209052	3	Philadelphia, Pennsylvania, United States	US	USPA	PA101	39.9523	-75.1638	1209052	3	Philadelphia, Pennsylvania, United States	US	USPA	PA101	39.9523	-75.1638	1209052	20241015021500	https://www.scmp.com/news/world/united-states-canada/article/3282369/trump-pennsylvania-event-derailed-after-audience-members-faint
1204116462	20241015	202410	2024	2024.7808	USA	UNITED STATES	USA								HLH	CAREGIVER						HLH			1	036	036	03	1	4.0	8	1	8	4.39024390243902	3	Riverhead, New York, United States	US	USNY	NY103	40.917	-72.662	962565	3	Riverhead, New York, United States	US	USNY	NY103	40.917	-72.662	962565	3	Riverhead, New York, United States	US	USNY	NY103	40.917	-72.662	962565	20241015021500	https://riverheadlocal.com/2024/10/14/pbmcs-10th-annual-caregiver-conference-set-for-nov-7-at-hotel-indigo/
1204116463	20241015	202410	2024	2024.7808	USA	UNITED STATES	USA								HLH	DOCTOR						HLH			1	040	040	04	1	1.0	2	1	2	-3.1413612565445	3	Philadelphia, Pennsylvania, United States	US	USPA	PA101	39.9523	-75.1638	1209052	3	Philadelphia, Pennsylvania, United States	US	USPA	PA101	39.9523	-75.1638	1209052	3	Philadelphia, Pennsylvania, United States	US	USPA	PA101	39.9523	-75.1638	1209052	20241015021500	https://www.scmp.com/news/world/united-states-canada/article/3282369/trump-pennsylvania-event-derailed-after-audience-members-faint
1204116464	20241015	202410	2024	2024.7808	USA	UNITED STATES	USA								HLH	DOCTOR						HLH			1	042	042	04	1	1.9	2	1	2	-3.1413612565445	3	Philadelphia, Pennsylvania, United States	US	USPA	PA101	39.9523	-75.1638	1209052	3	Philadelphia, Pennsylvania, United States	US	USPA	PA101	39.9523	-75.1638	1209052	3	Philadelphia, Pennsylvania, United States	US	USPA	PA101	39.9523	-75.1638	1209052	20241015021500	https://www.scmp.com/news/world/united-states-canada/article/3282369/trump-pennsylvania-event-derailed-after-audience-members-faint
1204116465	20241015	202410	2024	2024.7808	USA	BUFFALO	USA								HLH	HOSPITAL						HLH			0	043	043	04	1	2.8	5	1	5	-1.4903129657228	0								0								0								20241015021500	https://www.butlereagle.com/20241014/family-confirms-identity-of-racer-injured-in-accident-at-lernerville/
1204116466	20241015	202410	2024	2024.7808	USA	UNITED STATES	USA								HLH	DOCTOR						HLH			1	043	043	04	1	2.8	2	1	2	-3.1413612565445	3	Philadelphia, Pennsylvania, United States	US	USPA	PA101	39.9523	-75.1638	1209052	3	Philadelphia, Pennsylvania, United States	US	USPA	PA101	39.9523	-75.1638	1209052	3	Philadelphia, Pennsylvania, United States	US	USPA	PA101	39.9523	-75.1638	1209052	20241015021500	https://www.scmp.com/news/world/united-states-canada/article/3282369/trump-pennsylvania-event-derailed-after-audience-members-faint
1204116467	20241015	202410	2024	2024.7808	USA	WASHINGTON	USA								ISR	ISRAEL	ISR								0	051	051	05	1	3.4	6	1	6	-5.0125313283208	4	Tehran, Tehran, Iran	IR	IR26	41130	35.75	51.5148	10074674	4	Tehran, Tehran, Iran	IR	IR26	41130	35.75	51.5148	10074674	4	Tehran, Tehran, Iran	IR	IR26	41130	35.75	51.5148	10074674	20241015021500	https://www.theyeshivaworld.com/news/israel-news/2324762/netanyahu-to-biden-israeli-response-to-iran-will-focus-on-military-sites-wont-target-nukes.html
1204116468	20241015	202410	2024	2024.7808	USA	WASHINGTON	USA								ISR	ISRAEL	ISR								0	051	051	05	1	3.4	1	1	1	-5.0125313283208	3	Washington, District of Columbia, United States	US	USDC	DC001	38.8951	-77.0364	531871	1	Israel	IS	IS		31.5	34.75	IS	1	Israel	IS	IS		31.5	34.75	IS	20241015021500	https://www.theyeshivaworld.com/news/israel-news/2324762/netanyahu-to-biden-israeli-response-to-iran-will-focus-on-military-sites-wont-target-nukes.html
1204116469	20241015	202410	2024	2024.7808	USA	WASHINGTON	USA								ISR	ISRAEL	ISR								0	051	051	05	1	3.4	1	1	1	-5.0125313283208	1	Israel	IS	IS		31.5	34.75	IS	3	Washington, District of Columbia, United States	US	USDC	DC001	38.8951	-77.0364	531871	1	Israel	IS	IS		31.5	34.75	IS	20241015021500	https://www.theyeshivaworld.com/news/israel-news/2324762/netanyahu-to-biden-israeli-response-to-iran-will-focus-on-military-sites-wont-target-nukes.html
1204116470	20241015	202410	2024	2024.7808	USA	NEW YORK	USA								JEW	JEWISH				JEW					1	043	043	04	1	2.8	3	1	3	2.25563909774436	2	New Jersey, United States	US	USNJ		40.314	-74.5089	NJ	2	New Jersey, United States	US	USNJ		40.314	-74.5089	NJ	2	New Jersey, United States	US	USNJ		40.314	-74.5089	NJ	20241015021500	https://people.com/bruce-springsteen-was-called-springstein-as-recently-as-month-ago-8727825
1204116471	20241015	202410	2024	2024.7808	USA	UNITED STATES	USA								JUD	JUDGE						JUD			0	020	020	02	1	3.0	2	1	2	-2.39294710327456	3	Richmond, Virginia, United States	US	USVA	VA760	37.5538	-77.4603	1499957	3	White House, District of Columbia, United States	US	USDC		38.8951	-77.0364	531871	3	White House, District of Columbia, United States	US	USDC		38.8951	-77.0364	531871	20241015021500	https://www.nysun.com/article/trump-scores-rare-win-from-judge-chutkan-on-secrecy-but-he-is-struggling-to-stop-jack-smiths-january-6-avalanche
1204116472	20241015	202410	2024	2024.7808	USA	UNITED STATES	USA								JUD	SUPREME COURT						JUD			0	020	020	02	1	3.0	2	1	2	-4.7787610619469	2	New York, United States	US	USNY		42.1497	-74.9384	NY	3	Manhattan, New York, United States	US	USNY	NY061	40.7834	-73.9662	971945	2	New York, United States	US	USNY		42.1497	-74.9384	NY	20241015021500	https://www.marketscreener.com/news/latest/Trump-urges-appeals-judges-to-move-hush-money-case-to-federal-court-48072540/
1204116473	20241015	202410	2024	2024.7808	USA	UNITED STATES	USA								JUD	ATTORNEY						JUD			1	110	110	11	3	-2.0	6	1	6	-17.5324675324675	3	Anchorage, Alaska, United States	US	USAK	AK020	61.2181	-149.9	1398242	3	Anchorage, Alaska, United States	US	USAK	AK020	61.2181	-149.9	1398242	3	Anchorage, Alaska, United States	US	USAK	AK020	61.2181	-149.9	1398242	20241015021500	https://www.theartistree.fm/journal/405479/anchorage-struggles-with-prosecutor-shortage-leading-to-dismissal-of-serious-criminal-cases/
1204116474	20241015	202410	2024	2024.7808	USA	UNITED STATES	USA								JUD	ATTORNEY						JUD			0	120	120	12	3	-4.0	2	1	2	-1.21212121212121	2	Iowa, United States	US	USIA		42.0046	-93.214	IA	2	Iowa, United States	US	USIA		42.0046	-93.214	IA	2	Iowa, United States	US	USIA		42.0046	-93.214	IA	20241015021500	https://www.yahoo.com/news/dmacc-dean-asks-board-trustees-013916427.html
1204116475	20241015	202410	2024	2024.7808	USA	MISSOURI	USA								JUD	SUPREME COURT						JUD			1	172	172	17	4	-5.0	10	1	10	-2.2354694485842	2	Missouri, United States	US	USMO		38.4623	-92.302	MO	2	Missouri, United States	US	USMO		38.4623	-92.302	MO	2	Missouri, United States	US	USMO		38.4623	-92.302	MO	20241015021500	https://thenewamerican.com/us/politics/missouri-to-consider-legalizing-abortion-with-amendment-3/
1204116476	20241015	202410	2024	2024.7808	USA	UNITED STATES	USA								LEG	CHAMBER						LEG			0	020	020	02	1	3.0	6	1	6	-2.35690235690236	3	City Of Fargo, North Dakota, United States	US	USND	ND017	46.8766	-96.8176	1036030	3	City Of Fargo, North Dakota, United States	US	USND		46.8766	-96.8176	1036030	3	City Of Fargo, North Dakota, United States	US	USND		46.8766	-96.8176	1036030	20241015021500	https://www.inforum.com/news/fargo/citywide-restrictions-on-homeless-camps-going-swimmingly-city-staff-tell-commission
1204116477	20241015	202410	2024	2024.7808	USA	UNITED STATES	USA								LEG	CHAMBER						LEG			0	040	040	04	1	1.0	6	1	6	-2.35690235690236	3	City Of Fargo, North Dakota, United States	US	USND	ND017	46.8766	-96.8176	1036030	3	City Of Fargo, North Dakota, United States	US	USND		46.8766	-96.8176	1036030	3	City Of Fargo, North Dakota, United States	US	USND		46.8766	-96.8176	1036030	20241015021500	https://www.inforum.com/news/fargo/citywide-restrictions-on-homeless-camps-going-swimmingly-city-staff-tell-commission
1204116478	20241015	202410	2024	2024.7808	USA	UNITED STATES	USA								MED	LOCAL MEDIA						MED			0	010	010	01	1	0.0	4	1	4	-0.44543429844098	3	El Paso, Texas, United States	US	USTX	TX141	31.7587	-106.487	1380946	3	El Paso, Texas, United States	US	USTX		31.7587	-106.487	1380946	3	El Paso, Texas, United States	US	USTX		31.7587	-106.487	1380946	20241015021500	https://kvia.com/your-voice-your-vote/2024/10/14/105000-being-used-to-campaign-in-support-of-the-umc-bond-which-prominent-el-pasoans-are-contributing/
1204116479	20241015	202410	2024	2024.7808	USA	UNITED STATES	USA								MED	NEWS OUTLET						MED			1	013	013	01	1	0.4	4	1	4	0.7380073800738	2	Louisiana, United States	US	USLA		31.1801	-91.8749	LA	2	Louisiana, United States	US	USLA		31.1801	-91.8749	LA	2	Louisiana, United States	US	USLA		31.1801	-91.8749	LA	20241015021500	https://marketrealist.com:443/how-to-save-loose-change-for-years/
1204116480	20241015	202410	2024	2024.7808	USA	UNITED STATES	USA								MED	WEBSITE						MED			0	013	013	01	1	0.4	1	1	1	-5.40123456790124	1	United States	US	US		39.828175	-98.5795	US	1	United States	US	US		39.828175	-98.5795	US	1	United States	US	US		39.828175	-98.5795	US	20241015021500	http://www.digitaljournal.com/business/strike-hit-boeing-leaves-experts-puzzled-by-strategy/article
1204116481	20241015	202410	2024	2024.7808	USA	ARKANSAS	USA								MED	GAZETTE						MED			1	051	051	05	1	3.4	10	1	10	2.99823633156967	3	Little Rock, Arkansas, United States	US	USAR	AR119	34.7465	-92.2896	83350	3	Little Rock, Arkansas, United States	US	USAR		34.7465	-92.2896	83350	3	Little Rock, Arkansas, United States	US	USAR		34.7465	-92.2896	83350	20241015021500	https://www.arkansasonline.com/news/2024/oct/14/little-rock-water-bonds-linda-chesterfield-blake-tierney-ryan-callison/
1204116482	20241015	202410	2024	2024.7808	USA	AMERICAN	USA								NGOHLHIRC	RED CROSS		IRC				NGO	HLH		1	036	036	03	1	4.0	10	1	10	3.07017543859649	0								0								0								20241015021500	https://www.wthitv.com/news/american-red-cross-to-host-disaster-response-boot-camp-to-attract-much-needed-volunteers/article_225eb0b0-8a66-11ef-8465-4f58b9ff4037.html
1204116483	20241015	202410	2024	2024.7808	USA	AMERICAN	USA								NGOHLHIRC	RED CROSS		IRC				NGO	HLH		1	043	043	04	1	2.8	10	1	10	3.07017543859649	0								0								0								20241015021500	https://www.wthitv.com/news/american-red-cross-to-host-disaster-response-boot-camp-to-attract-much-needed-volunteers/article_225eb0b0-8a66-11ef-8465-4f58b9ff4037.html
1204116484	20241015	202410	2024	2024.7808	USA	NEW YORK	USA								NLD	NETHERLANDS	NLD								1	043	043	04	1	2.8	1	1	1	2.25563909774436	2	New Jersey, United States	US	USNJ		40.314	-74.5089	NJ	4	Groningen, Groningen, Netherlands	NL	NL04	22370	53.2167	6.55	-2145032	4	Groningen, Groningen, Netherlands	NL	NL04	22370	53.2167	6.55	-2145032	20241015021500	https://people.com/bruce-springsteen-was-called-springstein-as-recently-as-month-ago-8727825
1204116485	20241015	202410	2024	2024.7808	USA	NEW YORK	USA								NLD	NETHERLANDS	NLD								1	043	043	04	1	2.8	1	1	1	2.25563909774436	2	New Jersey, United States	US	USNJ		40.314	-74.5089	NJ	4	Groningen, Groningen, Netherlands	NL	NL04	22370	53.2167	6.55	-2145032	2	New Jersey, United States	US	USNJ		40.314	-74.5089	NJ	20241015021500	https://people.com/bruce-springsteen-was-called-springstein-as-recently-as-month-ago-8727825
1204116486	20241015	202410	2024	2024.7808	USA	UNITED STATES	USA								NRMWLN060	NARCOTICS ANONYMOUS				NRM					1	046	046	04	1	7.0	6	1	6	2.97029702970297	3	Elk City, Oklahoma, United States	US	USOK	OK009	35.412	-99.4043	1092527	3	Elk City, Oklahoma, United States	US	USOK		35.412	-99.4043	1092527	3	Elk City, Oklahoma, United States	US	USOK		35.412	-99.4043	1092527	20241015021500	https://www.kecofm.com/event/narcotics-anonymous-meetings/2024-10-16/
1204116487	20241015	202410	2024	2024.7808	USA	UNITED STATES	USA								OPP	PRISONER						OPP			0	173	173	17	4	-5.0	1	1	1	-4.15360501567398	3	Bexar County, Texas, United States	US	USTX	TX029	29.4502	-98.517	1383800	3	Bexar County, Texas, United States	US	USTX		29.4502	-98.517	1383800	3	Bexar County, Texas, United States	US	USTX		29.4502	-98.517	1383800	20241015021500	http://www.expressnews.com/news/article/suzanne-simpson-missing-san-antonio-mother-19836401.php
1204116488	20241015	202410	2024	2024.7808	USA	UNITED STATES	USA								OPP	PRISONER						OPP			0	173	173	17	4	-5.0	5	1	5	-4.15360501567398	3	Karnes County, Texas, United States	US	USTX	TX255	28.8836	-97.8503	1383913	3	Karnes County, Texas, United States	US	USTX		28.8836	-97.8503	1383913	3	Karnes County, Texas, United States	US	USTX		28.8836	-97.8503	1383913	20241015021500	http://www.expressnews.com/news/article/suzanne-simpson-missing-san-antonio-mother-19836401.php
1204116489	20241015	202410	2024	2024.7808	USA	UNITED STATES	USA								PTY	PRESIDENTIAL CANDIDATE									1	120	120	12	3	-4.0	4	1	4	-2.5735294117647	3	Columbus, Ohio, United States	US	USOH	OH049	39.9612	-82.9988	1080996	3	Columbus, Ohio, United States	US	USOH	OH049	39.9612	-82.9988	1080996	3	Columbus, Ohio, United States	US	USOH	OH049	39.9612	-82.9988	1080996	20241015021500	https://www.nysun.com/article/the-democrats-religion-problem
1204116490	20241015	202410	2024	2024.7808	USA	ARIZONA	USA								TCD	CHAD	TCD								1	057	057	05	1	8.0	5	1	5	-0.93167701863354	2	Arizona, United States	US	USAZ		33.7712	-111.388	AZ	2	Arizona, United States	US	USAZ		33.7712	-111.388	AZ	2	Arizona, United States	US	USAZ		33.7712	-111.388	AZ	20241015021500	https://www.yardbarker.com/nfl/articles/kicker_decision_might_be_packers_biggest_offseason_mistake/s1_13132_41054681
1204116491	20241015	202410	2024	2024.7808	USA	THE US	USA								TWN	TAIPEI	TWN								0	042	042	04	1	1.9	10	1	10	-2.54872563718141	4	Taipei, T'ai-pei, Taiwan	TW	TW03	13277	25.0478	121.532	-2637882	4	Taipei, T'ai-pei, Taiwan	TW	TW03	13277	25.0478	121.532	-2637882	4	Taipei, T'ai-pei, Taiwan	TW	TW03	13277	25.0478	121.532	-2637882	20241015021500	https://www.ganderbeacon.ca/china-has-started-military-exercises-around-taiwan/
1204116492	20241015	202410	2024	2024.7808	USA	VIRGINIA	USA								USACOP	UNITED STATES	USA					COP			1	084	084	08	2	7.0	6	1	6	-5.26315789473684	2	Virginia, United States	US	USVA		37.768	-78.2057	VA	3	Fairfax County, Virginia, United States	US	USVA		38.8501	-77.3497	1480119	3	Fairfax County, Virginia, United States	US	USVA		38.8501	-77.3497	1480119	20241015021500	https://cedarnews.net/newstasks/772767/virginia-fairfax-county-police-chief-kevin-davis-released-body-worn-camera-footage-monday-from-the-officer-involved-shooting/
1204116493	20241015	202410	2024	2024.7808	USA	UNITED STATES	USA								USACOP	UNITED STATES	USA					COP			1	084	084	08	2	7.0	2	1	2	-5.26315789473684	2	Virginia, United States	US	USVA		37.768	-78.2057	VA	2	Virginia, United States	US	USVA		37.768	-78.2057	VA	3	Fairfax County, Virginia, United States	US	USVA		38.8501	-77.3497	1480119	20241015021500	https://cedarnews.net/newstasks/772767/virginia-fairfax-county-police-chief-kevin-davis-released-body-worn-camera-footage-monday-from-the-officer-involved-shooting/
1204116494	20241015	202410	2024	2024.7808	USA	VIRGINIA	USA								USACOP	UNITED STATES	USA					COP			1	0841	084	08	2	7.0	8	1	8	-5.26315789473684	3	Fairfax County, Virginia, United States	US	USVA	VA059	38.8501	-77.3497	1480119	3	Fairfax County, Virginia, United States	US	USVA		38.8501	-77.3497	1480119	3	Fairfax County, Virginia, United States	US	USVA		38.8501	-77.3497	1480119	20241015021500	https://cedarnews.net/newstasks/772767/virginia-fairfax-county-police-chief-kevin-davis-released-body-worn-camera-footage-monday-from-the-officer-involved-shooting/
1204116495	20241015	202410	2024	2024.7808	USA	LOS ANGELES	USA								USACOP	UNITED STATES	USA					COP			0	090	090	09	2	-2.0	2	1	2	-4.12371134020618	2	Florida, United States	US	USFL		27.8333	-81.717	FL	2	Florida, United States	US	USFL		27.8333	-81.717	FL	2	Florida, United States	US	USFL		27.8333	-81.717	FL	20241015021500	https://king-mag.com/megan-thee-stallion-gunshot-wound-new-statement/
1204116496	20241015	202410	2024	2024.7808	USA	VIRGINIA	USA								USACOP	UNITED STATES	USA					COP			1	193	193	19	4	-10.0	6	1	6	-5.26315789473684	2	Virginia, United States	US	USVA		37.768	-78.2057	VA	3	Fairfax County, Virginia, United States	US	USVA		38.8501	-77.3497	1480119	3	Fairfax County, Virginia, United States	US	USVA		38.8501	-77.3497	1480119	20241015021500	https://cedarnews.net/newstasks/772767/virginia-fairfax-county-police-chief-kevin-davis-released-body-worn-camera-footage-monday-from-the-officer-involved-shooting/
1204116497	20241015	202410	2024	2024.7808	USA	UNITED STATES	USA								USACOP	UNITED STATES	USA					COP			1	193	193	19	4	-10.0	2	1	2	-5.26315789473684	2	Virginia, United States	US	USVA		37.768	-78.2057	VA	2	Virginia, United States	US	USVA		37.768	-78.2057	VA	3	Fairfax County, Virginia, United States	US	USVA		38.8501	-77.3497	1480119	20241015021500	https://cedarnews.net/newstasks/772767/virginia-fairfax-county-police-chief-kevin-davis-released-body-worn-camera-footage-monday-from-the-officer-involved-shooting/
1204116498	20241015	202410	2024	2024.7808	USA	UNITED STATES	USA								USACVL	UNITED STATES	USA					CVL			0	042	042	04	1	1.9	1	1	1	2.72108843537415	2	New York, United States	US	USNY		42.1497	-74.9384	NY	3	Long Island, New York, United States	US	USNY		43.152	-76.061	955858	3	Long Island, New York, United States	US	USNY		43.152	-76.061	955858	20241015021500	https://www.newsday.com/long-island/suffolk/indigenous-peoples-day-shinnecock-southampton-tnv0tdaf
1204116499	20241015	202410	2024	2024.7808	USA	UNITED STATES	USA								USACVL	UNITED STATES	USA					CVL			0	042	042	04	1	1.9	1	1	1	2.72108843537415	2	New York, United States	US	USNY		42.1497	-74.9384	NY	2	New York, United States	US	USNY		42.1497	-74.9384	NY	2	New York, United States	US	USNY		42.1497	-74.9384	NY	20241015021500	https://www.newsday.com/long-island/suffolk/indigenous-peoples-day-shinnecock-southampton-tnv0tdaf
1204116500	20241015	202410	2024	2024.7808	USA	UNITED STATES	USA								USAEDU	MISSOURI	USA					EDU			0	010	010	01	1	0.0	4	1	4	-2.2354694485842	3	University Of Missouri, Missouri, United States	US	USMO	MO019	38.9459	-92.3277	728067	3	University Of Missouri, Missouri, United States	US	USMO		38.9459	-92.3277	728067	3	University Of Missouri, Missouri, United States	US	USMO		38.9459	-92.3277	728067	20241015021500	https://thenewamerican.com/us/politics/missouri-to-consider-legalizing-abortion-with-amendment-3/
1204116501	20241015	202410	2024	2024.7808	USA	UNITED STATES	USA								USAELI	UNITED STATES	USA					ELI			0	112	112	11	3	-2.0	1	1	1	-4.66830466830466	2	Florida, United States	US	USFL		27.8333	-81.717	FL	2	Florida, United States	US	USFL		27.8333	-81.717	FL	2	Pennsylvania, United States	US	USPA		40.5773	-77.264	PA	20241015021500	https://www.theyeshivaworld.com/news/general/2324476/bitter-biden-white-house-denies-accusations-that-joe-biden-is-sabotaging-kamala-harris-campaign.html
1204116502	20241015	202410	2024	2024.7808	USA	UNITED STATES	USA								USAGOV	THE WHITE HOUSE	USA					GOV			0	010	010	01	1	0.0	1	1	1	-2.39294710327456	3	Richmond, Virginia, United States	US	USVA	VA760	37.5538	-77.4603	1499957	3	Richmond, Virginia, United States	US	USVA	VA760	37.5538	-77.4603	1499957	3	Richmond, Virginia, United States	US	USVA	VA760	37.5538	-77.4603	1499957	20241015021500	https://www.nysun.com/article/trump-scores-rare-win-from-judge-chutkan-on-secrecy-but-he-is-struggling-to-stop-jack-smiths-january-6-avalanche
1204116503	20241015	202410	2024	2024.7808	USA	UNITED STATES	USA								USAGOV	THE WHITE HOUSE	USA					GOV			0	010	010	01	1	0.0	1	1	1	-2.39294710327456	3	Richmond, Virginia, United States	US	USVA	VA760	37.5538	-77.4603	1499957	3	White House, District of Columbia, United States	US	USDC		38.8951	-77.0364	531871	3	White House, District of Columbia, United States	US	USDC		38.8951	-77.0364	531871	20241015021500	https://www.nysun.com/article/trump-scores-rare-win-from-judge-chutkan-on-secrecy-but-he-is-struggling-to-stop-jack-smiths-january-6-avalanche
1204116504	20241015	202410	2024	2024.7808	USA	UNITED STATES	USA								USAGOV	UNITED STATES	USA					GOV			1	010	010	01	1	0.0	2	1	2	-1.41643059490085	2	New York, United States	US	USNY		42.1497	-74.9384	NY	2	New York, United States	US	USNY		42.1497	-74.9384	NY	2	New York, United States	US	USNY		42.1497	-74.9384	NY	20241015021500	https://www.jpost.com/american-politics/article-824620
1204116505	20241015	202410	2024	2024.7808	USA	SOUTH DAKOTA	USA								USAGOV	UNITED STATES	USA					GOV			1	046	046	04	1	7.0	2	1	2	-3.1413612565445	2	South Dakota, United States	US	USSD		44.2853	-99.4632	SD	2	South Dakota, United States	US	USSD		44.2853	-99.4632	SD	2	South Dakota, United States	US	USSD		44.2853	-99.4632	SD	20241015021500	https://www.scmp.com/news/world/united-states-canada/article/3282369/trump-pennsylvania-event-derailed-after-audience-members-faint
1204116506	20241015	202410	2024	2024.7808	USA	UNITED STATES	USA								USAJUD	UNITED STATES	USA					JUD			0	020	020	02	1	3.0	2	1	2	-2.39294710327456	3	Richmond, Virginia, United States	US	USVA	VA760	37.5538	-77.4603	1499957	3	Richmond, Virginia, United States	US	USVA	VA760	37.5538	-77.4603	1499957	3	Richmond, Virginia, United States	US	USVA	VA760	37.5538	-77.4603	1499957	20241015021500	https://www.nysun.com/article/trump-scores-rare-win-from-judge-chutkan-on-secrecy-but-he-is-struggling-to-stop-jack-smiths-january-6-avalanche
1204116507	20241015	202410	2024	2024.7808	USA	IOWA	USA								USALEG	UNITED STATES	USA					LEG			0	114	114	11	3	-2.0	4	1	4	2.5390625	2	Iowa, United States	US	USIA		42.0046	-93.214	IA	2	Iowa, United States	US	USIA		42.0046	-93.214	IA	2	Iowa, United States	US	USIA		42.0046	-93.214	IA	20241015021500	https://siouxcityjournal.com/news/local/education/sioux-city-school-board-substitute-pay/article_4c08c328-8a80-11ef-97f5-3fc98b2e8f1a.html
1204116508	20241015	202410	2024	2024.7808	USABUS	UNITED STATES	USA					BUS			MED	WEBSITE						MED			0	013	013	01	1	0.4	1	1	1	-5.40123456790124	1	United States	US	US		39.828175	-98.5795	US	1	United States	US	US		39.828175	-98.5795	US	1	United States	US	US		39.828175	-98.5795	US	20241015021500	http://www.digitaljournal.com/business/strike-hit-boeing-leaves-experts-puzzled-by-strategy/article
1204116509	20241015	202410	2024	2024.7808	USACOP	LOS ANGELES	USA					COP													0	090	090	09	2	-2.0	5	1	5	-4.12371134020618	2	Florida, United States	US	USFL		27.8333	-81.717	FL	0								2	Florida, United States	US	USFL		27.8333	-81.717	FL	20241015021500	https://king-mag.com/megan-thee-stallion-gunshot-wound-new-statement/
1204116510	20241015	202410	2024	2024.7808	USACVL	UNITED STATES	USA					CVL			USA	UNITED STATES	USA								0	043	043	04	1	2.8	1	1	1	2.72108843537415	3	Long Island, New York, United States	US	USNY	NY067	43.152	-76.061	955858	2	New York, United States	US	USNY		42.1497	-74.9384	NY	3	Long Island, New York, United States	US	USNY		43.152	-76.061	955858	20241015021500	https://www.newsday.com/long-island/suffolk/indigenous-peoples-day-shinnecock-southampton-tnv0tdaf
1204116511	20241015	202410	2024	2024.7808	USACVL	UNITED STATES	USA					CVL			USA	UNITED STATES	USA								0	043	043	04	1	2.8	1	1	1	2.72108843537415	2	New York, United States	US	USNY		42.1497	-74.9384	NY	2	New York, United States	US	USNY		42.1497	-74.9384	NY	2	New York, United States	US	USNY		42.1497	-74.9384	NY	20241015021500	https://www.newsday.com/long-island/suffolk/indigenous-peoples-day-shinnecock-southampton-tnv0tdaf
1204116512	20241015	202410	2024	2024.7808	USACVL	UNITED STATES	USA					CVL			idg	INDIGENOUS			idg						0	043	043	04	1	2.8	3	1	3	2.72108843537415	3	Long Island, New York, United States	US	USNY	NY067	43.152	-76.061	955858	2	New York, United States	US	USNY		42.1497	-74.9384	NY	3	Long Island, New York, United States	US	USNY		43.152	-76.061	955858	20241015021500	https://www.newsday.com/long-island/suffolk/indigenous-peoples-day-shinnecock-southampton-tnv0tdaf
1204116513	20241015	202410	2024	2024.7808	USACVL	UNITED STATES	USA					CVL			idg	INDIGENOUS			idg						0	043	043	04	1	2.8	1	1	1	2.72108843537415	2	New York, United States	US	USNY		42.1497	-74.9384	NY	2	New York, United States	US	USNY		42.1497	-74.9384	NY	2	New York, United States	US	USNY		42.1497	-74.9384	NY	20241015021500	https://www.newsday.com/long-island/suffolk/indigenous-peoples-day-shinnecock-southampton-tnv0tdaf
1204116514	20241015	202410	2024	2024.7808	USAEDU	UNITED STATES	USA					EDU			EDU	SCHOOL						EDU			1	043	043	04	1	2.8	4	1	4	0	2	New York, United States	US	USNY		42.1497	-74.9384	NY	2	New York, United States	US	USNY		42.1497	-74.9384	NY	2	New York, United States	US	USNY		42.1497	-74.9384	NY	20241015021500	https://www.forexlive.com/centralbank/federal-reserve-speakers-today-include-daly-kugler-and-bostic-20241015/
1204116515	20241015	202410	2024	2024.7808	USAELIGOV	BILL CLINTON	USA					ELI	GOV		MIL	NAVAL						MIL			0	192	192	19	4	-9.5	10	1	10	-2.54872563718141	4	Taipei, T'ai-pei, Taiwan	TW	TW03	13277	25.0478	121.532	-2637882	4	Taipei, T'ai-pei, Taiwan	TW	TW03	13277	25.0478	121.532	-2637882	4	Taipei, T'ai-pei, Taiwan	TW	TW03	13277	25.0478	121.532	-2637882	20241015021500	https://www.ganderbeacon.ca/china-has-started-military-exercises-around-taiwan/
1204116516	20241015	202410	2024	2024.7808	USAGOV	UNITED STATES	USA					GOV													0	015	015	01	1	0.0	2	1	2	-17.5324675324675	2	Alaska, United States	US	USAK		61.385	-152.268	AK	0								2	Alaska, United States	US	USAK		61.385	-152.268	AK	20241015021500	https://www.theartistree.fm/journal/405479/anchorage-struggles-with-prosecutor-shortage-leading-to-dismissal-of-serious-criminal-cases/
1204116517	20241015	202410	2024	2024.7808	USAGOV	NASA	USA					GOV													1	020	020	02	1	3.0	5	1	5	0.57142857142857	2	Florida, United States	US	USFL		27.8333	-81.717	FL	0								2	Florida, United States	US	USFL		27.8333	-81.717	FL	20241015021500	https://dailygalaxy.com/2024/10/nasa-europa-clipper-explore-jupiters-moon/
1204116518	20241015	202410	2024	2024.7808	USAGOV	UNITED STATES	USA					GOV													0	036	036	03	1	4.0	6	1	6	-4	2	Georgia, United States	US	USGA		32.9866	-83.6487	GA	0								2	Georgia, United States	US	USGA		32.9866	-83.6487	GA	20241015021500	https://menafn.com/1108778304/Georgian-PM-Believes-That-Ending-War-In-Ukraine-WillReset-Relations-With-EU-US
1204116519	20241015	202410	2024	2024.7808	USAGOV	UNITED STATES	USA					GOV													0	073	073	07	2	7.4	4	1	4	2.38095238095238	3	Chesapeake, Virginia, United States	US	USVA	VA131	37.3079	-75.9519	1492751	0								3	Chesapeake, Virginia, United States	US	USVA	VA131	37.3079	-75.9519	1492751	20241015021500	https://www.yahoo.com/news/task-force-2-members-come-232854042.html
1204116520	20241015	202410	2024	2024.7808	USAGOV	UNITED STATES	USA					GOV													0	073	073	07	2	7.4	4	1	4	2.38095238095238	2	Georgia, United States	US	USGA		32.9866	-83.6487	GA	0								3	Chesapeake, Virginia, United States	US	USVA	VA131	37.3079	-75.9519	1492751	20241015021500	https://www.yahoo.com/news/task-force-2-members-come-232854042.html
1204116521	20241015	202410	2024	2024.7808	USAGOV	NEW YORK CITY	USA					GOV													1	090	090	09	2	-2.0	1	1	1	-3.37662337662338	2	New York, United States	US	USNY		42.1497	-74.9384	NY	0								2	New York, United States	US	USNY		42.1497	-74.9384	NY	20241015021500	https://kvia.com/news/us-world/2024/10/14/a-woman-is-being-questioned-in-her-sons-death-neighbors-didnt-even-know-she-had-a-child/
1204116522	20241015	202410	2024	2024.7808	USAGOV	JOE BIDEN	USA					GOV			GOV	PRIME MINISTER						GOV			0	040	040	04	1	1.0	8	1	8	-2.81293952180028	4	Jerusalem, Israel (general), Israel	IS	IS00	18315	31.7667	35.2333	-797092	4	Jerusalem, Israel (general), Israel	IS	IS00	18315	31.7667	35.2333	-797092	4	Jerusalem, Israel (general), Israel	IS	IS00	18315	31.7667	35.2333	-797092	20241015021500	https://www.jpost.com/israel-news/2024-10-15/live-updates-824615
1204116523	20241015	202410	2024	2024.7808	USAGOV	UNITED STATES	USA					GOV			HLH	DOCTOR						HLH			1	040	040	04	1	1.0	2	1	2	-3.1413612565445	2	South Dakota, United States	US	USSD		44.2853	-99.4632	SD	2	South Dakota, United States	US	USSD		44.2853	-99.4632	SD	2	South Dakota, United States	US	USSD		44.2853	-99.4632	SD	20241015021500	https://www.scmp.com/news/world/united-states-canada/article/3282369/trump-pennsylvania-event-derailed-after-audience-members-faint
1204116524	20241015	202410	2024	2024.7808	USAGOV	UNITED STATES	USA					GOV			IGOEUREEC	EUROPEAN PARLIAMENT	EUR	EEC				IGO			1	057	057	05	1	8.0	4	1	4	-4	2	Georgia, United States	US	USGA		32.9866	-83.6487	GA	2	Georgia, United States	US	USGA		32.9866	-83.6487	GA	2	Georgia, United States	US	USGA		32.9866	-83.6487	GA	20241015021500	https://menafn.com/1108778304/Georgian-PM-Believes-That-Ending-War-In-Ukraine-WillReset-Relations-With-EU-US
1204116525	20241015	202410	2024	2024.7808	USAGOV	JOE BIDEN	USA					GOV			ISRGOV	ISRAEL	ISR					GOV			0	040	040	04	1	1.0	2	1	2	-2.81293952180028	4	Hezbollah, Kerman, Iran	IR	IR29	40994	29.8628	56.8848	10496676	4	Jerusalem, Israel (general), Israel	IS	IS00	18315	31.7667	35.2333	-797092	4	Hezbollah, Kerman, Iran	IR	IR29	40994	29.8628	56.8848	10496676	20241015021500	https://www.jpost.com/israel-news/2024-10-15/live-updates-824615
1204116526	20241015	202410	2024	2024.7808	USAGOV	THE WHITE HOUSE	USA					GOV			MED	PUBLICATION						MED			0	011	011	01	1	-0.1	2	1	2	-4.11522633744856	3	San Francisco, California, United States	US	USCA	CA075	37.7749	-122.419	277593	3	San Francisco, California, United States	US	USCA		37.7749	-122.419	277593	3	San Francisco, California, United States	US	USCA		37.7749	-122.419	277593	20241015021500	https://www.yahoo.com/news/kamala-harris-accused-plagiarizing-2009-235415528.html
1204116527	20241015	202410	2024	2024.7808	USAGOV	THE WHITE HOUSE	USA					GOV			MED	PUBLICATION						MED			0	011	011	01	1	-0.1	2	1	2	-4.11522633744856	3	White House, District of Columbia, United States	US	USDC		38.8951	-77.0364	531871	3	San Francisco, California, United States	US	USCA		37.7749	-122.419	277593	3	White House, District of Columbia, United States	US	USDC		38.8951	-77.0364	531871	20241015021500	https://www.yahoo.com/news/kamala-harris-accused-plagiarizing-2009-235415528.html
1204116528	20241015	202410	2024	2024.7808	USAGOV	UNITED STATES	USA					GOV			USA	SOUTH DAKOTA	USA								1	046	046	04	1	7.0	2	1	2	-3.1413612565445	3	Philadelphia, Pennsylvania, United States	US	USPA	PA101	39.9523	-75.1638	1209052	3	Philadelphia, Pennsylvania, United States	US	USPA	PA101	39.9523	-75.1638	1209052	3	Philadelphia, Pennsylvania, United States	US	USPA	PA101	39.9523	-75.1638	1209052	20241015021500	https://www.scmp.com/news/world/united-states-canada/article/3282369/trump-pennsylvania-event-derailed-after-audience-members-faint
1204116529	20241015	202410	2024	2024.7808	USAJUD	UNITED STATES	USA					JUD													0	120	120	12	3	-4.0	2	1	2	-2.39294710327456	3	Richmond, Virginia, United States	US	USVA	VA760	37.5538	-77.4603	1499957	0								3	Richmond, Virginia, United States	US	USVA	VA760	37.5538	-77.4603	1499957	20241015021500	https://www.nysun.com/article/trump-scores-rare-win-from-judge-chutkan-on-secrecy-but-he-is-struggling-to-stop-jack-smiths-january-6-avalanche
1204116530	20241015	202410	2024	2024.7808	USAJUD	UNITED STATES	USA					JUD			CVLEDU	COMMUNITY						CVL	EDU		0	020	020	02	1	3.0	2	1	2	-1.21212121212121	2	Iowa, United States	US	USIA		42.0046	-93.214	IA	2	Iowa, United States	US	USIA		42.0046	-93.214	IA	2	Iowa, United States	US	USIA		42.0046	-93.214	IA	20241015021500	https://www.yahoo.com/news/dmacc-dean-asks-board-trustees-013916427.html
1204116531	20241015	202410	2024	2024.7808	USAJUD	UNITED STATES	USA					JUD			GOV	PRESIDENT						GOV			0	173	173	17	4	-5.0	2	1	2	-2.39294710327456	3	Richmond, Virginia, United States	US	USVA	VA760	37.5538	-77.4603	1499957	3	Richmond, Virginia, United States	US	USVA	VA760	37.5538	-77.4603	1499957	3	Richmond, Virginia, United States	US	USVA	VA760	37.5538	-77.4603	1499957	20241015021500	https://www.nysun.com/article/trump-scores-rare-win-from-judge-chutkan-on-secrecy-but-he-is-struggling-to-stop-jack-smiths-january-6-avalanche
1204116532	20241015	202410	2024	2024.7808	USAJUD	UNITED STATES	USA					JUD			USA	UNITED STATES	USA								0	020	020	02	1	3.0	2	1	2	-2.39294710327456	3	Richmond, Virginia, United States	US	USVA	VA760	37.5538	-77.4603	1499957	3	Richmond, Virginia, United States	US	USVA	VA760	37.5538	-77.4603	1499957	3	Richmond, Virginia, United States	US	USVA	VA760	37.5538	-77.4603	1499957	20241015021500	https://www.nysun.com/article/trump-scores-rare-win-from-judge-chutkan-on-secrecy-but-he-is-struggling-to-stop-jack-smiths-january-6-avalanche
1204116533	20241015	202410	2024	2024.7808	USAJUD	NEW YORK	USA					JUD			USA	NEW YORK	USA								1	112	112	11	3	-2.0	6	1	6	-14.1065830721003	3	Houston, Texas, United States	US	USTX	TX201	29.7633	-95.3633	1380948	3	Houston, Texas, United States	US	USTX	TX201	29.7633	-95.3633	1380948	3	Houston, Texas, United States	US	USTX	TX201	29.7633	-95.3633	1380948	20241015021500	https://www.odt.co.nz/news/world/sean-diddy-combs-accused-sexual-abuse-six-new-lawsuits
1204116534	20241015	202410	2024	2024.7808	USAJUD	UNITED STATES	USA					JUD			USA	UNITED STATES	USA								0	120	120	12	3	-4.0	2	1	2	-1.21212121212121	2	Iowa, United States	US	USIA		42.0046	-93.214	IA	2	Iowa, United States	US	USIA		42.0046	-93.214	IA	2	Iowa, United States	US	USIA		42.0046	-93.214	IA	20241015021500	https://www.yahoo.com/news/dmacc-dean-asks-board-trustees-013916427.html
1204116535	20241015	202410	2024	2024.7808	USALEG	IOWA	USA					LEG													0	114	114	11	3	-2.0	6	1	6	2.5390625	2	Iowa, United States	US	USIA		42.0046	-93.214	IA	0								2	Iowa, United States	US	USIA		42.0046	-93.214	IA	20241015021500	https://siouxcityjournal.com/news/local/education/sioux-city-school-board-substitute-pay/article_4c08c328-8a80-11ef-97f5-3fc98b2e8f1a.html
1204116536	20241015	202410	2024	2024.7808	USAMED	REUTERS	USA					MED			MNCUSA	NVIDIA	USA					MNC			1	040	040	04	1	1.0	10	1	10	0.81632653061225	1	China	CH	CH		35	105	CH	1	China	CH	CH		35	105	CH	1	China	CH	CH		35	105	CH	20241015021500	https://www.marketscreener.com/quote/stock/NVIDIA-CORPORATION-57355629/news/US-mulls-capping-Nvidia-AI-chips-exports-to-some-countries-Bloomberg-News-reports-48072581/
1204116537	20241015	202410	2024	2024.7808	WSM	SAMOA	WSM																		1	051	051	05	1	3.4	10	1	10	4.64547677261613	1	Samoa	WS	WS		-13.803096	-172.178309	WS	0								1	Samoa	WS	WS		-13.803096	-172.178309	WS	20241015021500	https://www.rnz.co.nz/international/pacific-news/530806/samoa-citizenship-bill-gets-unanimous-support-from-select-committee
1204116538	20241015	202410	2024	2024.7808	asmMED	ASSAMESE			asm			MED													0	051	051	05	1	3.4	10	1	10	-1.64319248826291	0								0								0								20241015021500	https://timesofindia.indiatimes.com/city/guwahati/chutia-community-protests-demand-for-scheduled-tribe-status-in-assam/articleshow/114230221.cms
1204116539	20241015	202410	2024	2024.7808	chr	CHEROKEE			chr																1	193	193	19	4	-10.0	10	1	10	-13.0434782608696	0								0								0								20241015021500	https://www.yahoo.com/news/authorities-search-suspect-assault-case-231331069.html
1204116540	20241015	202410	2024	2024.7808	idg	INDIGENOUS			idg						CVL	RESIDENTS						CVL			0	042	042	04	1	1.9	1	1	1	2.72108843537415	2	New York, United States	US	USNY		42.1497	-74.9384	NY	3	Long Island, New York, United States	US	USNY		43.152	-76.061	955858	3	Long Island, New York, United States	US	USNY		43.152	-76.061	955858	20241015021500	https://www.newsday.com/long-island/suffolk/indigenous-peoples-day-shinnecock-southampton-tnv0tdaf
1204116541	20241015	202410	2024	2024.7808	idg	INDIGENOUS			idg						CVL	INDIGENOUS PEOPLE						CVL			1	051	051	05	1	3.4	2	1	2	2.72108843537415	3	Agawam Park, New York, United States	US	USNY	NY103	40.8823	-72.3923	942202	3	Agawam Park, New York, United States	US	USNY		40.8823	-72.3923	942202	3	Agawam Park, New York, United States	US	USNY		40.8823	-72.3923	942202	20241015021500	https://www.newsday.com/long-island/suffolk/indigenous-peoples-day-shinnecock-southampton-tnv0tdaf
1204116542	20241015	202410	2024	2024.7808	idg	INDIGENOUS			idg						CVL	INDIGENOUS PEOPLE						CVL			1	051	051	05	1	3.4	8	1	8	2.72108843537415	3	Smithtown, New York, United States	US	USNY	NY103	40.8559	-73.2007	965531	3	Smithtown, New York, United States	US	USNY	NY103	40.8559	-73.2007	965531	3	Smithtown, New York, United States	US	USNY	NY103	40.8559	-73.2007	965531	20241015021500	https://www.newsday.com/long-island/suffolk/indigenous-peoples-day-shinnecock-southampton-tnv0tdaf
1204116543	20241015	202410	2024	2024.7808	idg	INDIGENOUS			idg						CVL	INDIGENOUS PEOPLE						CVL			1	051	051	05	1	3.4	8	1	8	3.74149659863945	2	Montana, United States	US	USMT		46.9048	-110.326	MT	2	Montana, United States	US	USMT		46.9048	-110.326	MT	2	Montana, United States	US	USMT		46.9048	-110.326	MT	20241015021500	https://www.ktvh.com/news/second-monday-in-october-marks-indigenous-peoples-day
1204116544	20241015	202410	2024	2024.7808	idg	INDIGENOUS			idg						USA	AMERICAN	USA								1	051	051	05	1	3.4	8	1	8	3.74149659863945	2	Montana, United States	US	USMT		46.9048	-110.326	MT	2	Montana, United States	US	USMT		46.9048	-110.326	MT	2	Montana, United States	US	USMT		46.9048	-110.326	MT	20241015021500	https://www.ktvh.com/news/second-monday-in-october-marks-indigenous-peoples-day
1204116545	20241015	202410	2024	2024.7808	idg	INDIGENOUS			idg						USACVL	UNITED STATES	USA					CVL			0	042	042	04	1	1.9	3	1	3	2.72108843537415	2	New York, United States	US	USNY		42.1497	-74.9384	NY	3	Long Island, New York, United States	US	USNY		43.152	-76.061	955858	3	Long Island, New York, United States	US	USNY		43.152	-76.061	955858	20241015021500	https://www.newsday.com/long-island/suffolk/indigenous-peoples-day-shinnecock-southampton-tnv0tdaf
1204116546	20241015	202410	2024	2024.7808	idg	INDIGENOUS			idg						USACVL	UNITED STATES	USA					CVL			0	042	042	04	1	1.9	1	1	1	2.72108843537415	2	New York, United States	US	USNY		42.1497	-74.9384	NY	2	New York, United States	US	USNY		42.1497	-74.9384	NY	2	New York, United States	US	USNY		42.1497	-74.9384	NY	20241015021500	https://www.newsday.com/long-island/suffolk/indigenous-peoples-day-shinnecock-southampton-tnv0tdaf
1204116547	20241015	202410	2024	2024.7808	nag	NAGA			nag																0	036	036	03	1	4.0	2	1	2	-5.85424133811231	4	Dimapur, Assam, India	IN	IN03	70205	25.9	93.7333	-2094976	0								4	Dimapur, Assam, India	IN	IN03	70205	25.9	93.7333	-2094976	20241015021500	https://morungexpress.com/nscn-k-niki-violated-cease-fire-ground-rules
1204116548	20241015	202410	2024	2024.7808	nag	NAGA			nag																0	042	042	04	1	1.9	2	1	2	-1.01010101010101	4	Delhi, Delhi, India	IN	IN07	17911	28.6667	77.2167	-2094230	0								4	Delhi, Delhi, India	IN	IN07	17911	28.6667	77.2167	-2094230	20241015021500	https://timesofindia.indiatimes.com/city/guwahati/peace-talks-among-meitei-kuki-naga-mlas-in-delhi-amidst-manipur-ethnic-crisis/articleshow/114230679.cms
1204116549	20241015	202410	2024	2024.7808	nag	NAGA			nag																0	042	042	04	1	1.9	6	1	6	-1.01010101010101	4	Manipur, Uttar Pradesh, India	IN	IN36	70268	27.0529	79.3583	10452605	0								4	Manipur, Uttar Pradesh, India	IN	IN36	70268	27.0529	79.3583	10452605	20241015021500	https://timesofindia.indiatimes.com/city/guwahati/peace-talks-among-meitei-kuki-naga-mlas-in-delhi-amidst-manipur-ethnic-crisis/articleshow/114230679.cms
1204116550	20241015	202410	2024	2024.7808	nag	NAGA			nag						BUS	CONGLOMERATE						BUS			0	036	036	03	1	4.0	8	1	8	-5.85424133811231	4	Dimapur, Assam, India	IN	IN03	70205	25.9	93.7333	-2094976	4	Dimapur, Assam, India	IN	IN03	70205	25.9	93.7333	-2094976	4	Dimapur, Assam, India	IN	IN03	70205	25.9	93.7333	-2094976	20241015021500	https://morungexpress.com/nscn-k-niki-violated-cease-fire-ground-rules
1204116551	20241015	202410	2024	2024.7808	nag	NAGA			nag						GOV	HOME MINIST						GOV			0	010	010	01	1	0.0	2	1	2	-1.01010101010101	4	Delhi, Delhi, India	IN	IN07	17911	28.6667	77.2167	-2094230	4	Delhi, Delhi, India	IN	IN07	17911	28.6667	77.2167	-2094230	4	Delhi, Delhi, India	IN	IN07	17911	28.6667	77.2167	-2094230	20241015021500	https://timesofindia.indiatimes.com/city/guwahati/peace-talks-among-meitei-kuki-naga-mlas-in-delhi-amidst-manipur-ethnic-crisis/articleshow/114230679.cms
1204116552	20241015	202410	2024	2024.7808	nag	NAGA			nag						GOV	HOME MINIST						GOV			0	010	010	01	1	0.0	6	1	6	-1.01010101010101	4	Manipur, Uttar Pradesh, India	IN	IN36	70268	27.0529	79.3583	10452605	4	Delhi, Delhi, India	IN	IN07	17911	28.6667	77.2167	-2094230	4	Delhi, Delhi, India	IN	IN07	17911	28.6667	77.2167	-2094230	20241015021500	https://timesofindia.indiatimes.com/city/guwahati/peace-talks-among-meitei-kuki-naga-mlas-in-delhi-amidst-manipur-ethnic-crisis/articleshow/114230679.cms
1204116553	20241015	202410	2024	2024.7808	nag	NAGA			nag						GOV	MINIST						GOV			1	036	036	03	1	4.0	4	1	4	-1.01010101010101	4	Delhi, Delhi, India	IN	IN07	17911	28.6667	77.2167	-2094230	4	Delhi, Delhi, India	IN	IN07	17911	28.6667	77.2167	-2094230	4	Delhi, Delhi, India	IN	IN07	17911	28.6667	77.2167	-2094230	20241015021500	https://timesofindia.indiatimes.com/city/guwahati/peace-talks-among-meitei-kuki-naga-mlas-in-delhi-amidst-manipur-ethnic-crisis/articleshow/114230679.cms
1204116554	20241015	202410	2024	2024.7808	nag	NAGA			nag						GOV	HOME MINIST						GOV			0	036	036	03	1	4.0	2	1	2	-1.01010101010101	4	Manipur, Uttar Pradesh, India	IN	IN36	70268	27.0529	79.3583	10452605	4	Delhi, Delhi, India	IN	IN07	17911	28.6667	77.2167	-2094230	4	Delhi, Delhi, India	IN	IN07	17911	28.6667	77.2167	-2094230	20241015021500	https://timesofindia.indiatimes.com/city/guwahati/peace-talks-among-meitei-kuki-naga-mlas-in-delhi-amidst-manipur-ethnic-crisis/articleshow/114230679.cms
1204116555	20241015	202410	2024	2024.7808	nag	NAGA			nag						GOV	HOME MINIST						GOV			0	036	036	03	1	4.0	2	1	2	-1.01010101010101	4	Manipur, Uttar Pradesh, India	IN	IN36	70268	27.0529	79.3583	10452605	4	Delhi, Delhi, India	IN	IN07	17911	28.6667	77.2167	-2094230	4	Manipur, Uttar Pradesh, India	IN	IN36	70268	27.0529	79.3583	10452605	20241015021500	https://timesofindia.indiatimes.com/city/guwahati/peace-talks-among-meitei-kuki-naga-mlas-in-delhi-amidst-manipur-ethnic-crisis/articleshow/114230679.cms
1204116556	20241015	202410	2024	2024.7808	nag	NAGA			nag						GOV	HOME MINIST						GOV			0	046	046	04	1	7.0	4	1	4	-1.01010101010101	4	Manipur, Uttar Pradesh, India	IN	IN36	70268	27.0529	79.3583	10452605	4	Delhi, Delhi, India	IN	IN07	17911	28.6667	77.2167	-2094230	4	Manipur, Uttar Pradesh, India	IN	IN36	70268	27.0529	79.3583	10452605	20241015021500	https://timesofindia.indiatimes.com/city/guwahati/peace-talks-among-meitei-kuki-naga-mlas-in-delhi-amidst-manipur-ethnic-crisis/articleshow/114230679.cms
1204116557	20241015	202410	2024	2024.7808	nag	NAGA			nag						IND	NEW DELHI	IND								0	036	036	03	1	4.0	1	1	1	-1.01010101010101	4	Delhi, Delhi, India	IN	IN07	17911	28.6667	77.2167	-2094230	4	Delhi, Delhi, India	IN	IN07	17911	28.6667	77.2167	-2094230	4	Delhi, Delhi, India	IN	IN07	17911	28.6667	77.2167	-2094230	20241015021500	https://timesofindia.indiatimes.com/city/guwahati/peace-talks-among-meitei-kuki-naga-mlas-in-delhi-amidst-manipur-ethnic-crisis/articleshow/114230679.cms
1204116558	20241015	202410	2024	2024.7808	nag	NAGA			nag						IND	NEW DELHI	IND								0	036	036	03	1	4.0	2	1	2	-1.01010101010101	4	Manipur, Uttar Pradesh, India	IN	IN36	70268	27.0529	79.3583	10452605	4	Delhi, Delhi, India	IN	IN07	17911	28.6667	77.2167	-2094230	4	Delhi, Delhi, India	IN	IN07	17911	28.6667	77.2167	-2094230	20241015021500	https://timesofindia.indiatimes.com/city/guwahati/peace-talks-among-meitei-kuki-naga-mlas-in-delhi-amidst-manipur-ethnic-crisis/articleshow/114230679.cms
1204116559	20241015	202410	2024	2024.7808	nag	NAGA			nag						IND	NEW DELHI	IND								0	046	046	04	1	7.0	1	1	1	-1.01010101010101	4	Delhi, Delhi, India	IN	IN07	17911	28.6667	77.2167	-2094230	4	Delhi, Delhi, India	IN	IN07	17911	28.6667	77.2167	-2094230	4	Manipur, Uttar Pradesh, India	IN	IN36	70268	27.0529	79.3583	10452605	20241015021500	https://timesofindia.indiatimes.com/city/guwahati/peace-talks-among-meitei-kuki-naga-mlas-in-delhi-amidst-manipur-ethnic-crisis/articleshow/114230679.cms
1204116560	20241015	202410	2024	2024.7808	nag	NAGA			nag						IND	NEW DELHI	IND								0	046	046	04	1	7.0	2	1	2	-1.01010101010101	4	Manipur, Uttar Pradesh, India	IN	IN36	70268	27.0529	79.3583	10452605	4	Delhi, Delhi, India	IN	IN07	17911	28.6667	77.2167	-2094230	4	Manipur, Uttar Pradesh, India	IN	IN36	70268	27.0529	79.3583	10452605	20241015021500	https://timesofindia.indiatimes.com/city/guwahati/peace-talks-among-meitei-kuki-naga-mlas-in-delhi-amidst-manipur-ethnic-crisis/articleshow/114230679.cms
1204116561	20241015	202410	2024	2024.7808	sen	SENA			sen						LEG	CONGRESS						LEG			0	110	110	11	3	-2.0	5	1	5	2.1978021978022	0								0								0								20241015021500	https://timesofindia.indiatimes.com/city/guwahati/assam-bypolls-2023-bjp-aims-for-victory-in-3-key-seats/articleshow/114230701.cms
